ts,Entity Name,data_soil_moisture1,data_soil_moisture2,data_soil_moisture3,data_soil_moisture4
2024-05-20 15:21:05.552,113,12.4,28.0,32.8,30.8
2024-05-20 15:21:15.564,113,12.4,28.0,32.8,30.8
2024-05-20 15:51:25.846,113,13.0,28.5,32.9,31.1
2024-05-20 16:21:25.787,113,13.6,28.8,33.1,31.3
2024-05-20 16:51:25.762,113,14.0,29.1,33.3,31.5
2024-05-20 17:21:25.723,113,14.4,29.3,33.3,31.7
2024-05-20 17:51:25.674,113,14.7,29.6,33.5,31.9
2024-05-20 18:21:25.690,113,14.9,29.8,33.6,32.1
2024-05-20 18:51:25.552,113,15.1,30.0,33.7,32.3
2024-05-20 19:21:25.521,113,15.2,30.2,33.9,32.4
2024-05-20 19:51:25.605,113,15.3,30.3,34.0,32.6
2024-05-20 20:21:25.430,113,15.4,30.5,34.1,32.7
2024-05-20 20:51:25.391,113,15.5,30.6,34.2,32.8
2024-05-20 21:21:25.344,113,15.5,30.8,34.3,33.0
2024-05-20 21:51:25.460,113,15.5,30.9,34.4,33.1
2024-05-20 22:21:25.238,113,15.5,31.0,34.5,33.2
2024-05-20 22:51:25.190,113,15.5,31.0,34.6,33.3
2024-05-20 23:21:25.295,113,15.5,31.1,34.6,33.3
2024-05-20 23:51:25.114,113,15.5,31.2,34.7,33.4
2024-05-21 00:21:25.008,113,15.5,31.3,34.8,33.5
2024-05-21 00:51:25.184,113,15.5,31.3,34.9,33.6
2024-05-21 01:21:24.970,113,15.4,31.4,34.9,33.7
2024-05-21 01:51:24.618,113,15.4,31.4,35.0,33.8
2024-05-21 02:21:24.870,113,15.4,31.5,35.1,33.9
2024-05-21 02:51:24.815,113,15.4,31.5,35.1,33.9
2024-05-21 03:21:24.771,113,15.4,31.6,35.2,34.0
2024-05-21 04:51:24.616,113,15.3,31.6,35.3,34.3
2024-05-21 05:21:24.542,113,15.3,31.6,35.4,34.3
2024-05-21 05:51:24.537,113,15.2,31.7,35.4,34.4
2024-05-21 06:21:24.507,113,15.2,31.7,35.5,34.5
2024-05-21 06:51:24.635,113,15.2,31.7,35.5,34.5
2024-05-21 07:21:24.408,113,15.2,31.7,35.6,34.6
2024-05-21 07:51:23.818,113,15.1,31.7,35.6,34.6
2024-05-21 08:21:24.331,113,15.1,31.7,35.6,34.7
2024-05-21 08:51:24.279,113,15.1,31.7,35.7,34.7
2024-05-21 09:21:24.239,113,15.2,31.8,35.7,34.8
2024-05-21 09:51:24.188,113,15.2,31.8,35.7,34.8
2024-05-21 10:21:24.145,113,15.3,31.8,35.8,34.9
2024-05-21 10:51:23.551,113,15.4,31.8,35.8,34.9
2024-05-21 11:21:24.049,113,15.5,31.9,35.8,35.0
2024-05-21 11:51:24.024,113,15.6,31.9,35.8,35.0
2024-05-21 12:21:23.976,113,15.7,32.0,35.9,35.1
2024-05-21 12:51:23.941,113,15.8,32.0,35.9,35.1
2024-05-21 13:21:23.572,113,15.9,32.1,35.9,35.2
2024-05-21 13:51:23.857,113,16.1,32.2,36.0,35.2
2024-05-21 14:21:23.794,113,16.2,32.2,36.0,35.2
2024-05-21 14:51:23.780,113,16.3,32.3,36.0,35.3
2024-05-21 15:21:23.725,113,16.4,32.4,36.1,35.3
2024-05-21 15:51:23.042,113,,,,
2024-05-21 16:21:23.651,113,16.6,32.5,36.1,35.4
2024-05-21 16:51:23.605,113,16.7,32.6,36.1,35.4
2024-05-21 17:21:23.558,113,16.8,32.7,36.2,35.5
2024-05-21 17:51:23.516,113,16.9,32.7,36.2,35.5
2024-05-21 18:21:23.468,113,16.9,32.8,36.3,35.6
2024-05-21 18:51:22.886,113,16.9,32.9,36.3,35.6
2024-05-21 19:21:23.368,113,16.9,32.9,36.3,35.6
2024-05-21 19:51:23.378,113,16.9,33.0,36.4,35.7
2024-05-21 20:21:23.285,113,16.9,33.0,36.4,35.7
2024-05-21 20:51:23.248,113,16.9,33.0,36.4,35.7
2024-05-21 21:21:23.210,113,16.8,33.1,36.5,35.8
2024-05-21 22:21:22.784,113,16.7,33.1,36.5,35.8
2024-05-21 22:51:23.041,113,16.6,33.1,36.6,35.9
2024-05-21 23:21:23.015,113,16.6,33.1,36.6,35.9
2024-05-21 23:51:22.956,113,16.6,33.1,36.6,35.9
2024-05-22 00:21:22.909,113,16.5,33.1,36.7,36.0
2024-05-22 00:51:22.862,113,16.5,33.1,36.7,36.0
2024-05-22 01:21:22.830,113,16.4,33.2,36.7,36.0
2024-05-22 01:51:22.952,113,16.4,33.1,36.8,36.1
2024-05-22 02:21:22.703,113,16.3,33.1,36.8,36.1
2024-05-22 02:51:22.649,113,16.3,33.1,36.8,36.1
2024-05-22 03:21:22.645,113,16.2,33.1,36.8,36.2
2024-05-22 03:51:22.071,113,16.1,33.1,36.9,36.2
2024-05-22 04:21:22.184,113,16.1,33.1,36.9,36.2
2024-05-22 04:51:22.458,113,16.0,33.1,36.9,36.3
2024-05-22 05:21:22.462,113,16.0,33.1,36.9,36.3
2024-05-22 05:51:22.413,113,16.0,33.1,36.9,36.3
2024-05-22 06:21:22.390,113,15.9,33.1,37.0,36.3
2024-05-22 06:51:22.330,113,15.9,33.0,37.0,36.4
2024-05-22 07:21:22.260,113,15.9,33.0,37.0,36.4
2024-05-22 07:51:22.177,113,15.8,33.0,37.0,36.4
2024-05-22 08:21:22.181,113,15.8,33.0,37.0,36.5
2024-05-22 08:51:22.076,113,15.8,33.0,37.0,36.5
2024-05-22 09:21:22.258,113,15.8,33.0,37.0,36.5
2024-05-22 09:51:21.995,113,15.8,33.0,37.0,36.5
2024-05-22 10:21:21.972,113,15.9,33.0,37.1,36.5
2024-05-22 10:51:21.387,113,15.9,33.0,37.1,36.5
2024-05-22 11:21:21.578,113,16.0,33.0,37.1,36.6
2024-05-22 11:51:21.847,113,16.1,33.0,37.1,36.6
2024-05-22 12:21:21.802,113,16.2,33.1,37.1,36.6
2024-05-22 12:51:21.723,113,16.3,33.1,37.1,36.6
2024-05-22 13:21:21.708,113,16.4,33.1,37.1,36.7
2024-05-22 13:51:21.100,113,16.6,33.2,37.1,36.7
2024-05-22 14:51:21.545,113,16.7,33.3,37.2,36.7
2024-05-22 15:21:21.480,113,16.9,33.3,37.2,36.7
2024-05-22 15:51:21.493,113,17.0,33.3,37.2,36.8
2024-05-22 16:21:21.444,113,17.1,33.3,37.2,36.8
2024-05-22 16:51:21.395,113,17.2,33.4,37.2,36.8
2024-05-22 17:21:21.379,113,17.2,33.4,37.2,36.8
2024-05-22 17:51:21.260,113,17.2,33.5,37.3,36.8
2024-05-22 18:21:21.255,113,17.2,33.5,37.3,36.8
2024-05-22 18:51:21.207,113,17.2,33.6,37.3,36.9
2024-05-22 19:21:21.364,113,17.2,33.6,37.3,36.9
2024-05-22 19:51:21.114,113,17.1,33.6,37.4,36.9
2024-05-22 20:21:21.072,113,17.1,33.7,37.4,36.9
2024-05-22 20:51:20.972,113,17.0,33.7,37.4,37.0
2024-05-22 21:21:20.980,113,16.9,33.7,37.5,37.0
2024-05-22 21:51:20.934,113,16.8,33.7,37.5,37.0
2024-05-22 22:21:20.890,113,16.7,33.7,37.5,37.0
2024-05-22 22:51:20.673,113,16.6,33.7,37.5,37.0
2024-05-22 23:21:20.495,113,16.6,33.7,37.5,37.1
2024-05-22 23:51:20.767,113,16.6,33.6,37.5,37.1
2024-05-23 00:21:20.157,113,16.5,33.6,37.5,37.1
2024-05-23 00:51:20.380,113,16.4,33.6,37.5,37.1
2024-05-23 01:21:20.649,113,16.3,33.6,37.5,37.1
2024-05-23 01:51:20.601,113,16.3,33.5,37.5,37.2
2024-05-23 02:21:20.558,113,16.2,33.5,37.5,37.2
2024-05-23 02:51:20.518,113,16.1,33.5,37.6,37.2
2024-05-23 03:21:20.492,113,16.1,33.4,37.6,37.2
2024-05-23 03:51:20.017,113,16.0,33.4,37.6,37.2
2024-05-23 04:21:20.437,113,15.9,33.4,37.6,37.3
2024-05-23 04:51:20.074,113,15.9,33.3,37.6,37.3
2024-05-23 05:21:20.369,113,15.8,33.3,37.6,37.3
2024-05-23 05:51:20.297,113,15.8,33.3,37.6,37.3
2024-05-23 06:21:20.276,113,15.7,33.3,37.6,37.3
2024-05-23 06:51:20.232,113,15.7,33.3,37.6,37.3
2024-05-23 07:21:19.883,113,15.6,33.3,37.6,37.4
2024-05-23 07:51:20.154,113,15.5,33.2,37.6,37.4
2024-05-23 08:21:19.563,113,15.5,33.2,37.6,37.4
2024-05-23 08:51:19.520,113,15.5,33.2,37.6,37.4
2024-05-23 09:21:20.033,113,15.5,33.2,37.6,37.4
2024-05-23 09:51:19.973,113,15.5,33.1,37.6,37.4
2024-05-23 10:21:19.622,113,15.6,33.1,37.6,37.4
2024-05-23 10:51:19.891,113,15.7,33.2,37.6,37.4
2024-05-23 11:21:19.850,113,15.7,33.2,37.6,37.5
2024-05-23 11:51:19.800,113,15.8,33.2,37.6,37.5
2024-05-23 12:21:19.929,113,16.0,33.2,37.6,37.5
2024-05-23 12:51:19.664,113,16.1,33.3,37.6,37.5
2024-05-23 13:21:19.820,113,16.2,33.3,37.6,37.5
2024-05-23 13:51:19.076,113,16.4,33.3,37.6,37.5
2024-05-23 14:21:19.574,113,16.5,33.3,37.6,37.5
2024-05-23 14:51:19.560,113,16.6,33.4,37.6,37.5
2024-05-23 15:21:19.526,113,,,,
2024-05-23 15:51:19.462,113,16.9,33.5,37.6,37.5
2024-05-23 16:21:19.433,113,17.0,33.5,37.6,37.5
2024-05-23 16:51:18.828,113,17.1,33.6,37.6,37.5
2024-05-23 17:21:19.367,113,17.3,33.7,37.6,37.5
2024-05-23 17:51:19.299,113,17.3,33.7,37.7,37.5
2024-05-23 18:21:19.427,113,17.3,33.8,37.7,37.5
2024-05-23 18:51:19.204,113,17.4,33.9,37.7,37.5
2024-05-23 19:21:18.851,113,17.4,33.9,37.7,37.5
2024-05-23 20:21:19.048,113,17.3,34.0,37.8,37.5
2024-05-23 20:51:19.031,113,17.2,34.0,37.8,37.6
2024-05-23 21:21:18.978,113,17.1,34.0,37.8,37.6
2024-05-23 21:51:18.925,113,17.0,34.0,37.9,37.6
2024-05-23 22:21:18.620,113,16.9,34.0,37.9,37.6
2024-05-23 22:51:18.830,113,16.8,34.0,37.9,37.6
2024-05-23 23:21:18.750,113,16.7,34.0,37.9,37.6
2024-05-23 23:51:18.717,113,16.6,34.0,37.9,37.7
2024-05-24 00:21:18.473,113,16.6,34.0,38.0,37.7
2024-05-24 00:51:18.103,113,16.5,34.0,38.0,37.7
2024-05-24 01:21:18.626,113,16.4,34.0,38.0,37.7
2024-05-24 01:51:18.567,113,16.4,33.9,38.0,37.7
2024-05-24 02:21:18.531,113,16.3,33.9,38.0,37.8
2024-05-24 02:51:18.503,113,16.2,33.9,38.1,37.8
2024-05-24 03:21:18.438,113,16.2,33.9,38.1,37.8
2024-05-24 03:51:18.411,113,16.1,33.8,38.1,37.8
2024-05-24 04:21:18.392,113,16.0,33.8,38.1,37.8
2024-05-24 04:51:18.310,113,16.0,33.8,38.1,37.8
2024-05-24 05:21:18.265,113,15.9,33.7,38.1,37.9
2024-05-24 05:51:18.227,113,15.9,33.7,38.1,37.9
2024-05-24 06:21:18.202,113,15.8,33.7,38.1,37.9
2024-05-24 07:21:18.082,113,15.7,33.6,38.1,37.9
2024-05-24 07:51:18.058,113,15.7,33.6,38.1,37.9
2024-05-24 08:21:18.019,113,15.7,33.6,38.1,37.9
2024-05-24 08:51:18.140,113,15.6,33.6,38.1,38.0
2024-05-24 09:21:17.914,113,15.6,33.5,38.1,38.0
2024-05-24 09:51:17.313,113,15.6,33.5,38.1,38.0
2024-05-24 10:21:17.275,113,15.7,33.5,38.1,38.0
2024-05-24 10:51:17.792,113,15.7,33.5,38.1,38.0
2024-05-24 11:21:17.750,113,15.8,33.5,38.1,38.0
2024-05-24 11:51:17.701,113,15.9,33.6,38.1,38.0
2024-05-24 12:21:17.109,113,16.0,33.6,38.1,38.0
2024-05-24 12:51:17.626,113,16.1,33.6,38.1,38.0
2024-05-24 13:21:17.574,113,16.2,33.6,38.1,38.0
2024-05-24 13:51:17.518,113,16.4,33.7,38.1,38.0
2024-05-24 14:21:17.443,113,16.5,33.7,38.1,38.0
2024-05-24 14:51:17.444,113,16.5,33.8,38.1,38.0
2024-05-24 15:21:17.363,113,16.6,33.8,38.1,38.1
2024-05-24 15:51:17.317,113,16.6,33.8,38.1,38.1
2024-05-24 16:21:17.309,113,16.6,33.9,38.2,38.1
2024-05-24 16:51:17.280,113,16.8,33.9,38.1,37.9
2024-05-24 17:51:16.860,113,21.3,34.1,38.1,38.0
2024-05-24 18:21:17.122,113,26.8,34.9,38.1,38.0
2024-05-24 18:51:16.550,113,31.7,37.5,38.1,38.0
2024-05-24 19:21:17.016,113,33.3,42.1,38.2,38.0
2024-05-24 19:51:17.156,113,33.4,44.7,39.3,38.3
2024-05-24 20:21:16.962,113,34.1,45.1,40.0,38.9
2024-05-24 20:51:17.069,113,34.5,45.2,40.1,39.2
2024-05-24 21:21:16.854,113,34.8,45.2,40.1,39.4
2024-05-24 21:51:16.797,113,34.9,45.2,40.2,39.4
2024-05-24 22:21:16.466,113,34.9,45.2,40.3,39.5
2024-05-24 22:51:16.743,113,34.9,45.3,40.4,39.5
2024-05-24 23:21:15.907,113,,,,
2024-05-24 23:51:16.653,113,34.6,45.2,40.4,39.7
2024-05-25 00:21:16.608,113,34.5,45.2,40.4,39.8
2024-05-25 00:51:16.561,113,34.4,45.2,40.5,39.9
2024-05-25 01:21:16.675,113,34.3,45.2,40.5,40.0
2024-05-25 01:51:16.479,113,34.2,45.2,40.5,40.1
2024-05-25 02:21:16.449,113,34.2,45.3,40.5,40.1
2024-05-25 02:51:16.392,113,34.1,45.3,40.6,40.2
2024-05-25 03:21:16.382,113,34.1,45.5,40.7,40.3
2024-05-25 03:51:16.332,113,34.0,45.2,41.1,40.5
2024-05-25 04:21:16.222,113,33.9,45.0,41.2,40.6
2024-05-25 04:51:16.186,113,33.8,45.0,41.2,40.7
2024-05-25 05:21:16.165,113,33.8,45.0,41.2,40.7
2024-05-25 05:51:16.145,113,33.7,45.1,41.3,41.1
2024-05-25 06:21:16.100,113,33.7,45.1,41.3,41.4
2024-05-25 06:51:16.061,113,33.6,45.1,41.4,41.6
2024-05-25 07:21:16.014,113,33.6,45.1,41.6,41.6
2024-05-25 07:51:15.971,113,33.5,45.1,41.6,41.7
2024-05-25 08:21:15.899,113,33.5,45.1,41.8,41.8
2024-05-25 08:51:15.882,113,33.4,45.0,41.9,41.9
2024-05-25 09:21:15.841,113,33.4,45.0,42.0,42.0
2024-05-25 09:51:15.773,113,33.3,45.0,42.1,42.1
2024-05-25 10:21:15.169,113,33.2,45.0,42.2,42.2
2024-05-25 10:51:15.140,113,33.1,44.9,42.2,42.2
2024-05-25 11:21:15.653,113,32.9,44.9,42.3,42.3
2024-05-25 11:51:15.607,113,32.8,44.8,42.4,42.3
2024-05-25 12:21:15.522,113,32.7,44.8,42.4,42.4
2024-05-25 13:21:15.628,113,32.4,44.7,42.5,42.4
2024-05-25 13:51:15.425,113,32.2,44.6,42.5,42.4
2024-05-25 14:21:15.065,113,32.0,44.5,42.5,42.5
2024-05-25 14:51:15.294,113,31.8,44.5,42.6,42.5
2024-05-25 15:21:14.708,113,31.6,43.7,42.5,42.5
2024-05-25 15:51:15.247,113,31.3,43.5,42.5,42.5
2024-05-25 16:51:15.135,113,31.0,43.3,42.5,42.5
2024-05-25 17:21:15.115,113,30.8,43.1,42.5,42.5
2024-05-25 18:21:14.571,113,30.5,42.9,42.5,42.4
2024-05-25 18:51:14.934,113,30.3,42.8,42.5,42.5
2024-05-25 19:21:14.928,113,30.2,42.7,42.5,42.5
2024-05-25 19:51:14.896,113,30.0,42.6,42.5,42.5
2024-05-25 20:21:14.551,113,29.8,42.5,42.5,42.5
2024-05-25 20:51:14.017,113,,,,
2024-05-25 21:21:14.195,113,29.1,42.3,42.5,42.5
2024-05-25 21:51:14.708,113,28.9,42.2,42.6,42.5
2024-05-25 22:21:14.673,113,28.7,42.0,42.6,42.5
2024-05-25 22:51:14.631,113,28.6,42.0,42.6,42.5
2024-05-25 23:21:14.595,113,28.4,41.9,42.6,42.5
2024-05-25 23:51:14.557,113,28.3,41.8,42.6,42.5
2024-05-26 00:21:14.512,113,28.2,41.7,42.6,42.5
2024-05-26 00:51:14.166,113,28.1,41.7,42.6,42.5
2024-05-26 01:21:13.650,113,,,,
2024-05-26 01:51:14.393,113,27.9,41.6,42.6,42.5
2024-05-26 02:21:14.361,113,27.8,41.6,42.5,42.5
2024-05-26 02:51:14.285,113,27.7,41.5,42.5,42.5
2024-05-26 03:21:13.958,113,27.6,41.4,42.5,42.5
2024-05-26 04:21:13.426,113,,,,
2024-05-26 04:51:14.147,113,27.3,41.3,42.5,42.5
2024-05-26 05:21:14.077,113,27.3,41.2,42.5,42.6
2024-05-26 05:51:14.064,113,27.2,41.2,42.5,42.6
2024-05-26 06:21:13.482,113,27.1,41.1,42.5,42.6
2024-05-26 06:51:13.990,113,27.1,41.1,42.5,42.6
2024-05-26 07:21:13.949,113,27.0,41.0,42.5,42.6
2024-05-26 07:51:13.896,113,27.0,41.0,42.5,42.6
2024-05-26 08:21:13.855,113,26.9,40.9,42.5,42.6
2024-05-26 08:51:13.498,113,26.9,40.9,42.5,42.6
2024-05-26 09:21:13.735,113,26.9,40.8,42.5,42.6
2024-05-26 09:51:13.684,113,26.9,40.8,42.5,42.6
2024-05-26 10:21:13.695,113,26.9,40.8,42.5,42.6
2024-05-26 10:51:13.630,113,26.9,40.7,42.5,42.6
2024-05-26 11:21:13.583,113,26.9,40.7,42.5,42.6
2024-05-26 11:51:13.552,113,26.9,40.7,42.4,42.6
2024-05-26 12:21:13.486,113,48.7,45.5,42.8,42.5
2024-05-26 12:51:13.457,113,45.9,47.2,43.4,42.7
2024-05-26 13:21:13.414,113,45.1,47.3,43.5,42.9
2024-05-26 13:51:13.373,113,44.4,47.4,43.7,43.1
2024-05-26 14:21:13.268,113,44.2,47.4,43.8,43.2
2024-05-26 14:51:13.275,113,44.7,47.4,43.8,43.4
2024-05-26 15:21:13.401,113,44.7,47.5,43.9,43.5
2024-05-26 15:51:13.176,113,43.5,47.5,43.9,43.7
2024-05-26 16:21:13.139,113,43.8,47.6,44.0,43.9
2024-05-26 16:51:13.068,113,43.3,47.6,44.1,44.0
2024-05-26 17:21:13.049,113,43.0,47.6,44.2,44.1
2024-05-26 17:51:12.981,113,42.6,47.6,44.2,44.3
2024-05-26 18:21:12.943,113,42.5,47.6,44.3,44.5
2024-05-26 18:51:12.589,113,42.3,47.5,44.3,44.6
2024-05-26 19:21:12.858,113,41.9,47.5,44.3,44.8
2024-05-26 20:21:12.752,113,40.7,47.3,44.3,45.1
2024-05-26 20:51:12.713,113,40.5,47.3,44.4,45.2
2024-05-26 21:21:12.663,113,40.0,47.3,44.4,45.4
2024-05-26 21:51:12.629,113,39.6,47.2,44.5,45.6
2024-05-26 22:21:12.594,113,39.4,47.1,44.5,45.8
2024-05-26 22:51:12.527,113,39.2,47.0,44.5,45.8
2024-05-26 23:21:12.493,113,39.0,47.1,44.6,46.1
2024-05-27 00:21:12.392,113,38.9,47.1,44.6,46.7
2024-05-27 00:51:12.395,113,38.8,47.1,44.7,46.9
2024-05-27 01:21:12.300,113,39.0,47.1,44.6,47.0
2024-05-27 02:21:11.866,113,41.8,48.1,44.8,47.4
2024-05-27 02:51:11.853,113,41.9,48.2,44.9,47.6
2024-05-27 03:21:12.114,113,41.9,48.2,44.9,47.8
2024-05-27 03:51:11.774,113,41.8,48.3,44.9,47.9
2024-05-27 04:21:12.035,113,41.7,48.3,45.0,48.0
2024-05-27 04:51:12.180,113,41.6,48.3,45.0,48.0
2024-05-27 05:21:11.933,113,41.6,48.3,45.0,48.1
2024-05-27 05:51:11.903,113,41.4,48.3,45.0,48.1
2024-05-27 06:21:11.876,113,41.3,48.3,45.1,48.2
2024-05-27 06:51:11.826,113,41.1,48.3,45.1,48.2
2024-05-27 07:21:11.787,113,40.9,48.3,45.1,48.2
2024-05-27 07:51:11.750,113,40.8,48.3,45.1,48.3
2024-05-27 08:21:11.713,113,40.6,48.3,45.1,48.3
2024-05-27 08:51:11.670,113,40.4,48.3,45.2,48.3
2024-05-27 09:21:11.946,113,40.3,48.3,45.2,48.3
2024-05-27 09:51:11.768,113,40.2,48.3,45.2,48.4
2024-05-27 10:21:11.508,113,40.1,48.3,45.2,48.4
2024-05-27 10:51:11.693,113,40.0,48.3,45.2,48.4
2024-05-27 11:21:11.413,113,39.9,48.3,45.3,48.4
2024-05-27 11:51:11.418,113,39.8,48.4,45.3,48.4
2024-05-27 12:21:11.329,113,39.6,48.4,45.3,48.5
2024-05-27 12:51:10.796,113,39.5,48.4,45.3,48.5
2024-05-27 13:21:11.291,113,,,,
2024-05-27 13:51:11.225,113,39.2,48.4,45.3,48.6
2024-05-27 14:21:11.200,113,39.1,48.4,45.3,48.6
2024-05-27 14:51:10.840,113,38.9,48.5,45.3,48.6
2024-05-27 15:21:11.055,113,38.8,48.5,45.3,48.7
2024-05-27 15:51:10.502,113,38.7,48.5,45.3,48.7
2024-05-27 16:21:10.662,113,38.3,48.6,45.3,48.8
2024-05-27 16:51:10.951,113,38.2,48.6,45.4,48.9
2024-05-27 17:21:10.898,113,38.0,48.7,45.4,49.0
2024-05-27 17:51:10.543,113,37.9,48.5,45.4,49.3
2024-05-27 18:21:10.789,113,37.8,48.5,45.4,49.4
2024-05-27 18:51:10.761,113,37.6,48.4,45.4,49.5
2024-05-27 19:21:10.716,113,37.5,48.4,45.4,49.5
2024-05-27 19:51:10.384,113,37.3,48.4,45.4,49.6
2024-05-27 20:21:10.625,113,37.1,48.4,45.4,49.7
2024-05-27 20:51:10.588,113,36.9,48.4,45.4,49.7
2024-05-27 21:21:10.539,113,36.6,48.4,45.4,49.8
2024-05-27 22:21:10.426,113,36.3,48.4,45.4,49.8
2024-05-27 22:51:10.110,113,36.2,48.1,45.3,49.8
2024-05-27 23:21:10.557,113,36.0,47.7,45.2,49.9
2024-05-27 23:51:10.017,113,35.9,47.7,45.2,49.9
2024-05-28 00:21:10.281,113,35.8,47.6,45.2,49.9
2024-05-28 00:51:10.265,113,35.7,47.6,45.2,49.9
2024-05-28 01:21:10.210,113,35.6,47.6,45.2,49.8
2024-05-28 01:51:10.170,113,35.5,47.6,45.2,49.8
2024-05-28 02:21:10.095,113,35.4,47.5,45.2,49.8
2024-05-28 02:51:10.064,113,35.3,47.5,45.2,49.8
2024-05-28 03:21:10.056,113,35.3,47.5,45.2,49.8
2024-05-28 03:51:10.007,113,35.2,47.5,45.2,49.7
2024-05-28 04:21:09.984,113,35.1,47.5,45.2,49.7
2024-05-28 04:51:09.955,113,35.0,47.5,45.2,49.6
2024-05-28 05:21:09.875,113,35.0,47.4,45.2,49.6
2024-05-28 05:51:09.365,113,34.9,47.4,45.2,49.6
2024-05-28 06:21:09.844,113,34.8,47.4,45.1,49.5
2024-05-28 06:51:09.822,113,34.7,47.4,45.1,49.5
2024-05-28 07:21:09.772,113,34.6,47.4,45.1,49.5
2024-05-28 07:51:09.739,113,34.6,47.4,45.1,49.4
2024-05-28 08:21:09.134,113,34.6,47.4,45.1,49.4
2024-05-28 08:51:09.591,113,34.5,47.3,45.1,49.3
2024-05-28 09:21:09.524,113,34.5,47.3,45.1,49.3
2024-05-28 09:51:09.500,113,34.6,47.3,45.1,49.2
2024-05-28 10:21:08.929,113,34.6,47.4,45.1,49.2
2024-05-28 11:21:09.373,113,34.6,47.4,45.1,49.1
2024-05-28 11:51:09.385,113,34.7,47.5,45.1,49.1
2024-05-28 12:21:09.324,113,34.7,47.5,45.1,49.1
2024-05-28 12:51:08.706,113,34.7,47.6,45.1,49.1
2024-05-28 13:21:08.871,113,34.7,47.6,45.1,49.1
2024-05-28 13:51:09.172,113,34.7,47.7,45.1,49.1
2024-05-28 14:21:09.100,113,34.8,47.6,45.1,49.1
2024-05-28 14:51:09.070,113,34.8,47.5,45.1,49.1
2024-05-28 15:21:09.015,113,34.8,47.5,45.1,49.1
2024-05-28 15:51:08.988,113,34.7,47.5,45.1,49.1
2024-05-28 16:21:08.939,113,34.8,47.5,45.1,49.0
2024-05-28 16:51:08.854,113,34.8,47.4,45.0,48.9
2024-05-28 17:21:08.791,113,34.8,47.4,45.1,49.0
2024-05-28 17:51:08.802,113,34.7,47.4,45.1,49.0
2024-05-28 18:21:08.770,113,34.6,47.4,45.1,49.0
2024-05-28 18:51:08.895,113,34.6,47.3,45.1,49.0
2024-05-28 19:21:08.618,113,34.6,47.3,45.2,48.9
2024-05-28 19:51:08.610,113,34.8,47.3,45.2,48.9
2024-05-28 20:21:08.590,113,34.7,47.2,45.2,48.8
2024-05-28 20:51:08.703,113,34.6,47.0,45.2,48.9
2024-05-28 21:21:08.491,113,34.4,46.9,45.2,48.8
2024-05-28 21:51:08.432,113,34.3,46.8,45.2,48.8
2024-05-28 22:21:07.850,113,34.3,46.7,45.2,48.8
2024-05-28 22:51:08.385,113,33.9,46.6,45.2,48.8
2024-05-28 23:21:08.288,113,33.7,46.5,45.2,48.8
2024-05-28 23:51:08.261,113,34.2,46.4,45.3,48.8
2024-05-29 00:21:07.958,113,34.2,46.2,45.3,48.8
2024-05-29 00:51:08.177,113,34.0,46.1,45.3,48.8
2024-05-29 01:21:08.175,113,33.9,46.0,45.3,48.8
2024-05-29 01:51:07.587,113,33.9,46.0,45.3,48.8
2024-05-29 02:21:07.761,113,33.9,45.9,45.3,48.7
2024-05-29 02:51:08.247,113,33.8,45.8,45.3,48.8
2024-05-29 03:21:07.996,113,33.8,45.8,45.3,48.7
2024-05-29 03:51:08.011,113,33.7,45.7,45.3,48.5
2024-05-29 04:21:07.969,113,33.6,45.7,45.3,48.4
2024-05-29 04:51:07.921,113,33.4,45.6,45.3,48.2
2024-05-29 05:21:07.893,113,33.1,45.5,45.3,48.0
2024-05-29 05:51:07.831,113,33.1,45.5,45.3,47.9
2024-05-29 06:21:07.795,113,33.0,45.4,45.3,47.8
2024-05-29 06:51:07.472,113,33.1,45.4,45.3,47.7
2024-05-29 07:21:07.700,113,33.1,45.3,45.3,47.8
2024-05-29 07:51:07.701,113,33.2,45.2,45.3,47.6
2024-05-29 08:21:07.640,113,33.7,45.2,45.2,47.7
2024-05-29 08:51:07.619,113,33.8,45.2,45.2,47.6
2024-05-29 09:21:07.587,113,33.5,45.1,45.2,47.5
2024-05-29 09:51:07.713,113,33.3,45.1,45.2,47.4
2024-05-29 10:21:07.495,113,33.4,45.1,45.2,47.3
2024-05-29 10:51:07.159,113,33.4,45.0,45.2,47.2
2024-05-29 11:21:07.398,113,33.2,45.0,45.2,47.0
2024-05-29 11:51:07.380,113,33.4,45.1,45.2,46.8
2024-05-29 12:21:07.308,113,33.3,45.1,45.2,46.7
2024-05-29 12:51:07.272,113,33.5,45.1,45.1,46.6
2024-05-29 13:21:07.223,113,33.7,45.1,45.2,46.4
2024-05-29 13:51:07.174,113,33.9,45.1,45.1,46.4
2024-05-29 14:21:07.153,113,34.1,45.2,45.1,46.4
2024-05-29 14:51:06.752,113,34.3,45.2,45.1,46.2
2024-05-29 15:21:06.699,113,34.5,45.3,45.1,46.1
2024-05-29 15:51:07.159,113,34.6,45.3,45.1,46.1
2024-05-29 16:21:06.940,113,34.8,45.4,45.2,46.0
2024-05-29 16:51:06.892,113,34.9,45.5,45.2,46.0
2024-05-29 17:21:06.809,113,34.9,45.5,45.2,46.0
2024-05-29 17:51:06.801,113,35.0,45.6,45.2,46.0
2024-05-29 18:21:06.768,113,35.0,45.6,45.2,46.0
2024-05-29 18:51:06.709,113,35.2,45.6,45.2,46.0
2024-05-29 19:21:06.689,113,35.2,45.6,45.2,46.0
2024-05-29 20:21:06.255,113,35.1,45.6,45.2,45.9
2024-05-29 20:51:05.978,113,34.9,45.6,45.2,45.9
2024-05-29 21:21:06.497,113,34.9,45.4,45.2,45.9
2024-05-29 21:51:06.414,113,34.6,45.4,45.2,45.9
2024-05-29 22:21:06.577,113,34.6,45.4,45.3,45.9
2024-05-29 23:21:06.304,113,34.2,45.3,45.3,45.9
2024-05-29 23:51:06.295,113,34.1,45.2,45.3,45.9
2024-05-30 00:21:05.994,113,34.0,45.2,45.3,45.8
2024-05-30 00:51:06.244,113,33.9,45.1,45.3,45.8
2024-05-30 01:21:06.125,113,33.8,45.0,45.3,45.8
2024-05-30 01:51:06.184,113,33.7,45.0,45.3,45.8
2024-05-30 02:51:06.071,113,33.6,44.9,45.3,45.8
2024-05-30 03:21:06.088,113,33.5,44.8,45.3,45.8
2024-05-30 03:51:05.755,113,33.4,44.7,45.3,45.8
2024-05-30 04:21:05.977,113,33.5,44.7,45.3,45.8
2024-05-30 04:51:06.001,113,33.4,44.6,45.3,45.8
2024-05-30 05:21:05.956,113,33.4,44.6,45.4,45.8
2024-05-30 05:51:05.936,113,33.3,44.5,45.3,45.8
2024-05-30 06:21:05.856,113,33.3,44.4,45.3,45.8
2024-05-30 06:51:05.884,113,33.2,44.4,45.3,45.8
2024-05-30 07:21:05.826,113,33.1,44.3,45.3,45.7
2024-05-30 07:51:05.769,113,33.1,44.1,45.3,45.7
2024-05-30 08:21:05.757,113,33.0,44.0,45.3,45.7
2024-05-30 08:51:05.893,113,33.1,43.9,45.3,45.7
2024-05-30 09:21:05.669,113,33.3,43.9,45.3,45.6
2024-05-30 09:51:05.588,113,33.4,43.9,45.3,45.6
2024-05-30 10:51:05.515,113,33.7,43.9,45.3,45.6
2024-05-30 11:21:05.482,113,33.9,43.9,45.3,45.6
2024-05-30 11:51:05.437,113,34.1,44.0,45.3,45.6
2024-05-30 12:21:04.844,113,34.3,44.0,45.3,45.6
2024-05-30 12:51:05.519,113,34.5,44.1,45.2,45.6
2024-05-30 13:21:05.305,113,34.7,44.1,45.3,45.6
2024-05-30 13:51:05.274,113,35.1,44.2,45.3,45.6
2024-05-30 14:21:05.223,113,35.4,44.3,45.3,45.6
2024-05-30 14:51:05.168,113,35.6,44.4,45.3,45.6
2024-05-30 15:21:05.140,113,35.3,44.5,45.3,45.6
2024-05-30 15:51:05.093,113,35.5,44.6,45.3,45.6
2024-05-30 16:21:05.030,113,35.6,44.7,45.3,45.6
2024-05-30 16:51:05.157,113,35.5,44.8,45.3,45.6
2024-05-30 17:21:04.956,113,35.5,44.9,45.3,45.6
2024-05-30 17:51:04.916,113,35.4,44.9,45.3,45.6
2024-05-30 18:21:04.861,113,35.3,45.0,45.4,45.6
2024-05-30 18:51:04.828,113,35.2,45.0,45.4,45.6
2024-05-30 19:21:04.952,113,34.9,45.1,45.4,45.6
2024-05-30 19:51:04.727,113,34.8,45.1,45.4,45.6
2024-05-30 20:21:04.680,113,34.6,45.1,45.5,45.7
2024-05-30 20:51:03.932,113,,,,
2024-05-30 21:21:04.288,113,34.2,45.0,45.5,45.7
2024-05-30 21:51:04.530,113,34.0,45.0,45.5,45.7
2024-05-30 22:21:04.468,113,33.8,45.0,45.6,45.7
2024-05-30 22:51:04.632,113,33.6,44.9,45.6,45.7
2024-05-30 23:21:04.435,113,33.5,44.9,45.6,45.8
2024-05-30 23:51:03.839,113,33.3,44.8,45.6,45.8
2024-05-31 00:21:04.073,113,33.3,44.8,45.7,45.8
2024-05-31 00:51:03.762,113,33.1,44.7,45.7,45.8
2024-05-31 01:21:04.275,113,33.0,44.7,45.7,45.8
2024-05-31 01:51:04.254,113,32.9,44.6,45.7,45.8
2024-05-31 02:21:04.193,113,32.8,44.6,45.7,45.8
2024-05-31 02:51:03.504,113,,,,
2024-05-31 03:21:04.149,113,32.8,44.4,45.7,45.8
2024-05-31 03:51:04.086,113,32.6,44.4,45.7,45.8
2024-05-31 04:21:04.065,113,32.6,44.3,45.7,45.8
2024-05-31 04:51:03.997,113,32.5,44.3,45.6,45.8
2024-05-31 05:21:03.949,113,32.4,44.2,45.6,45.9
2024-05-31 05:51:03.398,113,32.3,44.2,45.7,45.9
2024-05-31 06:21:03.907,113,32.2,44.1,45.7,45.9
2024-05-31 06:51:03.867,113,32.1,44.1,45.6,45.9
2024-05-31 07:21:03.822,113,32.0,44.0,45.6,45.9
2024-05-31 07:51:03.786,113,32.0,44.0,45.6,45.9
2024-05-31 08:21:03.722,113,31.9,43.9,45.6,45.9
2024-05-31 08:51:03.401,113,31.9,43.9,45.6,45.9
2024-05-31 09:21:03.588,113,31.9,43.9,45.6,45.9
2024-05-31 09:51:03.584,113,32.0,43.8,45.6,45.9
2024-05-31 10:21:03.518,113,32.1,43.8,45.6,45.9
2024-05-31 10:51:03.485,113,32.2,43.8,45.6,45.9
2024-05-31 11:21:03.460,113,32.4,43.9,45.6,45.9
2024-05-31 11:51:03.397,113,32.5,43.9,45.6,45.9
2024-05-31 12:21:03.384,113,32.7,43.9,45.6,45.9
2024-05-31 12:51:03.320,113,32.8,43.9,45.6,45.9
2024-05-31 13:21:02.723,113,33.0,44.0,45.6,45.9
2024-05-31 13:51:03.243,113,33.1,44.0,45.6,45.9
2024-05-31 14:21:03.399,113,33.2,44.1,45.6,46.0
2024-05-31 14:51:03.099,113,33.3,44.2,45.6,46.0
2024-05-31 15:21:03.042,113,33.5,44.3,45.6,46.0
2024-05-31 15:51:03.049,113,33.6,44.4,45.6,46.0
2024-05-31 16:21:02.998,113,33.7,44.5,45.6,46.0
2024-05-31 16:51:02.933,113,33.8,44.3,45.6,46.0
2024-05-31 17:21:02.387,113,33.8,44.4,45.6,46.0
2024-05-31 17:51:02.866,113,33.9,44.5,45.6,46.0
2024-05-31 18:21:02.827,113,33.9,44.5,45.7,46.0
2024-05-31 18:51:02.461,113,34.1,44.6,45.7,46.0
2024-05-31 19:21:01.996,113,,,,
2024-05-31 19:51:02.652,113,33.6,44.7,45.7,46.0
2024-05-31 20:21:02.608,113,33.4,44.7,45.7,46.1
2024-05-31 20:51:02.595,113,33.3,44.7,45.7,46.1
2024-05-31 21:21:02.559,113,33.2,44.7,45.8,46.1
2024-05-31 21:51:02.510,113,33.1,44.7,45.8,46.1
2024-05-31 22:51:02.459,113,32.7,44.6,45.8,46.1
2024-05-31 23:21:02.399,113,32.5,44.6,45.8,46.1
2024-05-31 23:51:02.343,113,32.4,44.5,45.8,46.2
2024-06-01 00:21:02.463,113,32.3,44.5,45.8,46.2
2024-06-01 00:51:02.214,113,32.2,44.4,45.8,46.2
2024-06-01 01:21:02.388,113,32.1,44.4,45.8,46.2
2024-06-01 01:51:02.156,113,32.0,44.3,45.8,46.2
2024-06-01 02:21:02.119,113,31.9,44.3,45.8,46.2
2024-06-01 02:51:02.109,113,31.8,44.2,45.8,46.3
2024-06-01 03:21:02.029,113,31.7,44.1,45.8,46.3
2024-06-01 03:51:02.000,113,31.6,44.1,45.8,46.3
2024-06-01 04:21:01.961,113,31.5,44.1,45.8,46.3
2024-06-01 04:51:01.857,113,31.5,44.0,45.8,46.3
2024-06-01 05:21:01.170,113,,,,
2024-06-01 05:51:01.801,113,31.3,43.9,45.8,46.3
2024-06-01 06:21:01.230,113,31.2,43.9,45.8,46.3
2024-06-01 06:51:01.742,113,31.2,43.8,45.8,46.3
2024-06-01 07:21:01.688,113,31.1,43.8,45.8,46.3
2024-06-01 07:51:01.342,113,31.1,43.7,45.8,46.3
2024-06-01 08:21:01.610,113,31.0,43.7,45.8,46.3
2024-06-01 08:51:01.513,113,31.0,43.6,45.8,46.3
2024-06-01 09:21:01.225,113,31.0,43.6,45.8,46.3
2024-06-01 09:51:01.657,113,31.0,43.6,45.8,46.3
2024-06-01 10:21:01.419,113,31.0,43.6,45.8,46.3
2024-06-01 10:51:01.548,113,31.0,43.5,45.8,46.3
2024-06-01 11:21:01.278,113,31.1,43.5,45.8,46.3
2024-06-01 11:51:01.284,113,31.2,43.5,45.8,46.3
2024-06-01 12:21:01.231,113,31.2,43.5,45.8,46.3
2024-06-01 12:51:01.183,113,31.3,43.5,45.8,46.3
2024-06-01 13:21:00.823,113,31.3,43.5,45.8,46.3
2024-06-01 13:51:01.087,113,31.4,43.5,45.8,46.3
2024-06-01 14:21:01.037,113,31.4,43.6,45.8,46.3
2024-06-01 14:51:00.996,113,31.4,43.5,45.8,46.3
2024-06-01 15:21:00.992,113,31.4,43.6,45.8,46.3
2024-06-01 15:51:00.887,113,31.5,43.6,45.8,46.3
2024-06-01 16:21:00.866,113,31.4,43.6,45.8,46.3
2024-06-01 16:51:00.771,113,31.4,43.5,45.8,46.3
2024-06-01 17:21:00.778,113,31.4,43.5,45.8,46.3
2024-06-01 17:51:00.726,113,31.4,43.5,45.8,46.3
2024-06-01 18:21:00.696,113,31.4,43.5,45.8,46.3
2024-06-01 18:51:00.352,113,31.4,43.5,45.8,46.3
2024-06-01 19:21:00.606,113,31.6,43.5,45.8,46.3
2024-06-01 19:51:00.555,113,37.4,47.4,46.0,46.4
2024-06-01 20:21:00.524,113,37.8,48.3,46.1,46.5
2024-06-01 21:21:00.400,113,38.2,49.0,46.2,46.6
2024-06-01 21:51:00.393,113,37.5,49.6,46.2,46.6
2024-06-01 22:21:00.372,113,37.5,49.8,46.2,46.6
2024-06-01 22:51:00.291,113,37.5,49.8,46.2,46.6
2024-06-01 23:21:00.251,113,37.4,49.8,46.2,46.6
2024-06-01 23:50:59.673,113,37.4,49.8,46.2,46.6
2024-06-02 00:21:00.125,113,37.4,49.8,46.2,46.6
2024-06-02 00:51:00.129,113,37.5,49.8,46.2,46.6
2024-06-02 01:21:00.270,113,37.5,49.8,46.2,46.6
2024-06-02 01:51:00.046,113,37.5,49.8,46.2,46.6
2024-06-02 02:20:59.994,113,37.5,49.8,46.2,46.6
2024-06-02 02:50:59.402,113,37.5,49.8,46.2,46.6
2024-06-02 03:20:59.919,113,37.5,49.9,46.2,46.6
2024-06-02 03:50:59.875,113,37.4,49.9,46.2,46.6
2024-06-02 04:20:59.816,113,37.4,49.9,46.2,46.6
2024-06-02 04:50:59.280,113,37.4,49.9,46.2,46.6
2024-06-02 05:21:00.115,113,37.4,49.9,46.2,46.6
2024-06-02 05:50:59.390,113,37.3,49.9,46.3,46.7
2024-06-02 06:20:59.688,113,37.3,49.9,46.3,46.7
2024-06-02 06:50:59.604,113,37.3,49.9,46.3,46.7
2024-06-02 07:20:59.020,113,37.3,49.9,46.3,46.7
2024-06-02 07:50:59.526,113,37.2,50.0,46.3,46.7
2024-06-02 08:20:59.485,113,37.2,50.0,46.3,46.7
2024-06-02 08:50:59.446,113,37.2,50.0,46.3,46.7
2024-06-02 09:20:59.369,113,37.3,50.0,46.2,46.7
2024-06-02 09:50:59.394,113,37.3,50.0,46.3,46.7
2024-06-02 10:20:59.303,113,37.3,50.0,46.3,46.7
2024-06-02 10:50:59.264,113,37.3,50.0,46.3,46.7
2024-06-02 11:20:59.172,113,37.3,50.0,46.3,46.7
2024-06-02 11:50:58.630,113,37.3,50.0,46.3,46.7
2024-06-02 12:20:59.142,113,37.3,50.0,46.3,46.7
2024-06-02 12:50:59.066,113,37.3,50.0,46.3,46.7
2024-06-02 13:20:59.038,113,37.3,50.0,46.3,46.8
2024-06-02 13:50:58.996,113,37.2,50.0,46.3,46.8
2024-06-02 14:20:58.400,113,37.3,50.1,46.3,46.8
2024-06-02 14:50:58.898,113,37.3,50.1,46.3,46.8
2024-06-02 15:20:58.854,113,37.4,50.1,46.3,46.8
2024-06-02 15:50:58.814,113,37.5,50.2,46.3,46.8
2024-06-02 16:20:58.779,113,37.5,50.2,46.3,46.8
2024-06-02 16:50:58.734,113,37.6,50.3,46.3,46.8
2024-06-02 17:20:58.673,113,37.7,50.3,46.4,46.8
2024-06-02 17:50:58.631,113,37.7,50.4,46.3,46.8
2024-06-02 18:20:58.587,113,37.7,50.4,46.4,46.8
2024-06-02 19:20:58.472,113,37.5,50.5,46.4,46.8
2024-06-02 19:50:58.423,113,37.5,50.5,46.4,46.8
2024-06-02 20:20:58.427,113,37.4,50.6,46.4,46.8
2024-06-02 20:50:58.312,113,37.3,50.6,46.4,46.8
2024-06-02 21:20:58.272,113,37.2,50.6,46.4,46.9
2024-06-02 21:50:58.268,113,37.1,50.6,46.4,46.9
2024-06-02 22:20:58.227,113,37.0,50.6,46.5,46.9
2024-06-02 22:50:57.756,113,36.8,50.5,46.5,46.9
2024-06-02 23:20:58.149,113,36.6,50.5,46.5,46.9
2024-06-03 00:20:58.029,113,36.4,50.5,46.5,46.9
2024-06-03 00:50:58.042,113,36.3,50.4,46.5,46.9
2024-06-03 01:20:57.938,113,36.2,50.4,46.5,46.9
2024-06-03 01:50:57.936,113,36.1,50.4,46.5,46.9
2024-06-03 02:20:57.897,113,36.0,50.3,46.6,46.9
2024-06-03 02:50:58.032,113,35.9,50.3,46.6,47.0
2024-06-03 04:20:57.168,113,35.7,50.2,46.6,47.0
2024-06-03 04:50:57.139,113,35.6,50.2,46.6,47.0
2024-06-03 05:20:57.095,113,35.6,50.2,46.6,47.0
2024-06-03 05:50:57.616,113,35.5,50.2,46.6,47.0
2024-06-03 06:50:57.546,113,35.4,50.1,46.6,47.0
2024-06-03 07:20:57.458,113,35.4,50.0,46.6,47.0
2024-06-03 07:50:57.625,113,35.5,50.0,46.6,47.0
2024-06-03 08:20:57.383,113,35.5,50.0,46.6,47.1
2024-06-03 08:50:57.376,113,35.6,50.0,46.6,47.1
2024-06-03 09:50:57.328,113,,,,
2024-06-03 10:20:57.216,113,36.0,50.0,46.6,47.1
2024-06-03 11:20:57.105,113,36.3,50.1,46.6,47.1
2024-06-03 11:50:57.272,113,36.5,50.1,46.6,47.1
2024-06-03 12:20:57.058,113,36.6,50.2,46.6,47.1
2024-06-03 12:50:57.003,113,36.7,50.2,46.6,47.1
2024-06-03 13:20:56.925,113,36.9,50.3,46.6,47.1
2024-06-03 13:50:56.380,113,37.0,50.4,46.6,47.1
2024-06-03 14:20:56.879,113,37.2,50.4,46.6,47.1
2024-06-03 14:50:56.840,113,37.3,50.5,46.6,47.1
2024-06-03 15:20:56.809,113,37.4,50.6,46.6,47.1
2024-06-03 15:50:56.443,113,37.5,50.6,46.6,47.1
2024-06-03 16:20:56.275,113,37.6,50.7,46.7,47.1
2024-06-03 16:50:56.682,113,37.7,50.8,46.7,47.1
2024-06-03 17:20:56.587,113,37.8,50.8,46.7,47.1
2024-06-03 18:20:56.552,113,37.8,50.9,46.7,47.2
2024-06-03 18:50:56.473,113,37.8,50.9,46.8,47.2
2024-06-03 19:20:56.631,113,37.7,51.0,46.8,47.2
2024-06-03 19:50:56.429,113,37.6,51.0,46.8,47.2
2024-06-03 20:20:56.414,113,37.5,51.0,46.8,47.2
2024-06-03 20:50:56.327,113,37.5,51.0,46.9,47.2
2024-06-03 21:20:56.464,113,37.3,50.9,46.9,47.2
2024-06-03 21:50:56.245,113,37.1,50.9,46.9,47.2
2024-06-03 22:20:56.191,113,36.9,50.9,46.9,47.3
2024-06-03 22:50:55.720,113,36.7,50.8,47.0,47.3
2024-06-03 23:20:55.558,113,36.6,50.8,47.0,47.3
2024-06-03 23:50:56.011,113,36.4,50.7,47.0,47.3
2024-06-04 00:20:56.012,113,36.3,50.7,47.0,47.3
2024-06-04 00:50:55.965,113,36.1,50.6,47.1,47.3
2024-06-04 01:20:55.920,113,36.0,50.6,47.1,47.4
2024-06-04 01:50:55.839,113,35.9,50.5,47.1,47.4
2024-06-04 02:20:55.054,113,,,,
2024-06-04 02:50:55.482,113,35.7,50.3,47.2,47.4
2024-06-04 03:20:55.729,113,35.6,50.3,47.2,47.4
2024-06-04 03:50:55.699,113,35.6,50.2,47.2,47.5
2024-06-04 04:20:55.606,113,35.5,50.1,47.2,47.5
2024-06-04 04:50:55.584,113,35.4,50.0,47.2,47.5
2024-06-04 05:20:55.569,113,35.3,50.0,47.2,47.5
2024-06-04 05:50:55.520,113,35.2,49.8,47.2,47.5
2024-06-04 06:20:55.174,113,35.2,49.7,47.2,47.5
2024-06-04 06:50:55.395,113,35.1,49.6,47.2,47.5
2024-06-04 07:20:55.396,113,35.0,49.5,47.2,47.5
2024-06-04 07:50:55.370,113,35.0,49.4,47.2,47.5
2024-06-04 08:20:55.489,113,34.9,49.3,47.2,47.6
2024-06-04 08:50:55.225,113,34.9,49.3,47.2,47.6
2024-06-04 09:20:55.182,113,35.0,49.2,47.2,47.6
2024-06-04 09:50:55.172,113,35.0,49.2,47.2,47.6
2024-06-04 10:20:54.820,113,35.1,49.2,47.2,47.6
2024-06-04 10:50:55.282,113,35.3,49.2,47.2,47.6
2024-06-04 11:20:55.224,113,35.4,49.3,47.2,47.6
2024-06-04 11:50:55.016,113,35.6,49.3,47.2,47.6
2024-06-04 12:20:54.974,113,35.8,49.4,47.2,47.6
2024-06-04 12:50:54.884,113,36.0,49.4,47.2,47.6
2024-06-04 13:20:55.063,113,36.2,49.5,47.2,47.6
2024-06-04 13:50:54.835,113,36.4,49.6,47.2,47.6
2024-06-04 14:20:54.817,113,36.5,49.6,47.2,47.6
2024-06-04 14:50:54.752,113,36.6,49.7,47.2,47.6
2024-06-04 15:20:54.702,113,36.6,49.7,47.2,47.6
2024-06-04 16:20:54.618,113,36.7,49.7,47.3,47.7
2024-06-04 16:50:54.588,113,36.6,49.7,47.3,47.7
2024-06-04 17:20:54.746,113,36.6,49.7,47.3,47.7
2024-06-04 17:50:54.485,113,36.6,49.7,47.3,47.7
2024-06-04 18:20:54.448,113,36.5,49.7,47.3,47.7
2024-06-04 18:50:54.403,113,36.5,49.7,47.3,47.7
2024-06-04 19:20:54.374,113,36.5,49.7,47.4,47.7
2024-06-04 19:50:54.312,113,36.4,49.7,47.4,47.7
2024-06-04 20:20:54.244,113,36.3,49.7,47.4,47.7
2024-06-04 20:50:54.422,113,36.2,49.6,47.4,47.8
2024-06-04 21:20:54.162,113,36.1,49.6,47.5,47.8
2024-06-04 21:50:54.147,113,35.9,49.5,47.5,47.8
2024-06-04 22:20:54.121,113,35.7,49.4,47.5,47.8
2024-06-04 22:50:53.750,113,35.6,49.3,47.5,47.8
2024-06-04 23:20:53.999,113,35.5,49.3,47.6,47.8
2024-06-04 23:50:53.956,113,35.3,49.2,47.6,47.9
2024-06-05 00:20:53.910,113,35.2,49.1,47.6,47.9
2024-06-05 00:50:53.871,113,35.1,49.0,47.6,47.9
2024-06-05 01:20:53.818,113,35.0,49.0,47.6,47.9
2024-06-05 01:50:52.990,113,,,,
2024-06-05 02:20:53.691,113,34.8,48.9,47.7,47.9
2024-06-05 02:50:53.679,113,34.7,48.8,47.7,48.0
2024-06-05 03:20:53.619,113,34.6,48.7,47.7,48.0
2024-06-05 03:50:53.255,113,34.6,48.7,47.7,48.0
2024-06-05 04:20:53.544,113,34.5,48.6,47.7,48.0
2024-06-05 04:50:53.464,113,34.4,48.5,47.7,48.0
2024-06-05 05:20:53.643,113,34.3,48.5,47.7,48.0
2024-06-05 05:50:53.417,113,34.3,48.4,47.7,48.0
2024-06-05 06:20:53.061,113,34.2,48.3,47.7,48.1
2024-06-05 06:50:53.330,113,34.1,48.3,47.7,48.1
2024-06-05 07:20:53.265,113,34.1,48.2,47.7,48.1
2024-06-05 07:50:53.205,113,34.0,48.2,47.7,48.1
2024-06-05 08:20:53.186,113,34.0,48.1,47.7,48.1
2024-06-05 08:50:53.295,113,34.0,48.1,47.7,48.1
2024-06-05 09:20:53.091,113,34.0,48.1,47.7,48.1
2024-06-05 09:50:53.018,113,34.0,48.1,47.7,48.1
2024-06-05 10:20:52.998,113,33.9,48.1,47.7,48.1
2024-06-05 10:50:52.934,113,38.4,50.8,47.9,48.3
2024-06-05 11:20:52.869,113,39.0,51.4,47.9,48.4
2024-06-05 11:50:52.550,113,39.5,51.7,48.0,48.4
2024-06-05 12:20:52.505,113,39.9,51.8,48.2,48.4
2024-06-05 12:50:52.766,113,40.2,51.7,48.3,48.4
2024-06-05 13:50:52.619,113,40.2,51.6,48.4,48.6
2024-06-05 14:20:52.593,113,40.4,51.5,48.4,48.6
2024-06-05 14:50:52.563,113,41.8,51.7,48.4,48.7
2024-06-05 15:20:52.543,113,42.2,51.6,48.3,48.7
2024-06-05 15:50:52.675,113,42.3,51.6,48.3,48.7
2024-06-05 16:20:52.427,113,42.4,51.6,48.3,48.8
2024-06-05 16:50:52.393,113,42.4,51.6,48.3,48.8
2024-06-05 17:20:52.374,113,42.5,51.6,48.3,48.8
2024-06-05 17:50:52.497,113,42.4,51.6,48.3,48.8
2024-06-05 18:20:52.273,113,42.2,51.6,48.3,48.8
2024-06-05 18:50:51.672,113,42.2,51.6,48.3,48.8
2024-06-05 19:20:52.374,113,42.1,51.6,48.3,48.8
2024-06-05 19:50:52.127,113,41.9,51.6,48.3,48.8
2024-06-05 20:20:52.083,113,41.7,51.6,48.3,48.8
2024-06-05 20:50:51.248,113,,,,
2024-06-05 21:20:51.295,113,,,,
2024-06-05 21:50:51.945,113,41.2,51.5,48.3,48.9
2024-06-05 22:20:51.906,113,41.0,51.5,48.3,48.9
2024-06-05 22:50:51.865,113,40.8,51.4,48.4,48.9
2024-06-05 23:20:51.821,113,40.6,51.4,48.4,48.9
2024-06-05 23:50:51.749,113,40.5,51.3,48.4,48.9
2024-06-06 00:20:51.743,113,40.3,51.3,48.4,48.9
2024-06-06 00:50:50.903,113,,,,
2024-06-06 01:20:51.375,113,40.1,51.2,48.4,48.8
2024-06-06 01:50:51.621,113,40.0,51.1,48.4,48.8
2024-06-06 02:20:51.517,113,39.9,51.1,48.4,48.8
2024-06-06 02:50:50.976,113,39.8,51.1,48.4,48.9
2024-06-06 03:20:51.451,113,39.5,51.0,48.4,48.9
2024-06-06 03:50:51.452,113,39.4,51.0,48.4,48.8
2024-06-06 04:20:50.987,113,39.4,50.9,48.4,48.8
2024-06-06 04:50:51.383,113,39.3,50.9,48.3,48.8
2024-06-06 05:20:50.775,113,39.3,50.9,48.3,48.8
2024-06-06 05:50:51.299,113,,,,
2024-06-06 06:20:51.202,113,39.2,50.9,48.3,48.8
2024-06-06 06:50:51.211,113,39.2,50.9,48.3,48.8
2024-06-06 07:20:50.360,113,,,,
2024-06-06 07:50:51.106,113,39.1,50.9,48.3,48.8
2024-06-06 08:20:51.065,113,39.0,50.9,48.3,48.8
2024-06-06 08:50:51.015,113,39.0,50.9,48.3,48.8
2024-06-06 09:20:50.972,113,39.0,50.9,48.3,48.8
2024-06-06 09:50:50.942,113,39.0,50.9,48.3,48.8
2024-06-06 10:20:50.121,113,,,,
2024-06-06 10:50:50.838,113,39.2,50.9,48.2,48.8
2024-06-06 11:20:50.248,113,39.3,51.0,48.2,48.7
2024-06-06 11:50:50.449,113,39.3,51.0,48.2,48.7
2024-06-06 12:50:50.816,113,39.4,51.1,48.2,48.7
2024-06-06 13:20:50.617,113,39.4,51.1,48.2,48.7
2024-06-06 13:50:50.514,113,39.4,51.2,48.2,48.7
2024-06-06 14:20:50.492,113,39.3,51.2,48.2,48.7
2024-06-06 14:50:50.479,113,39.3,51.2,48.2,48.7
2024-06-06 15:20:50.432,113,39.2,51.3,48.2,48.7
2024-06-06 15:50:50.383,113,39.2,51.3,48.2,48.7
2024-06-06 16:20:50.009,113,39.1,51.3,48.2,48.7
2024-06-06 16:50:50.296,113,39.1,51.3,48.2,48.7
2024-06-06 17:20:50.253,113,39.1,51.4,48.2,48.7
2024-06-06 18:20:49.837,113,39.0,51.4,48.3,48.7
2024-06-06 18:50:49.560,113,38.9,51.4,48.3,48.7
2024-06-06 19:20:50.022,113,38.8,51.5,48.3,48.7
2024-06-06 19:50:49.973,113,38.7,51.5,48.3,48.7
2024-06-06 20:20:49.985,113,38.6,51.5,48.3,48.7
2024-06-06 20:50:49.579,113,38.4,51.5,48.3,48.7
2024-06-06 21:20:49.887,113,38.2,51.5,48.3,48.7
2024-06-06 21:50:49.273,113,38.1,51.4,48.4,48.7
2024-06-06 22:20:49.798,113,37.9,51.4,48.4,48.7
2024-06-06 22:50:49.735,113,37.8,51.4,48.4,48.7
2024-06-06 23:20:49.703,113,37.6,51.3,48.4,48.8
2024-06-07 00:20:49.587,113,37.4,51.3,48.4,48.8
2024-06-07 00:50:49.602,113,37.3,51.2,48.4,48.8
2024-06-07 01:20:49.544,113,37.2,51.2,48.4,48.8
2024-06-07 01:50:49.509,113,37.0,51.1,48.4,48.8
2024-06-07 02:20:49.158,113,36.9,51.1,48.4,48.8
2024-06-07 02:50:49.406,113,36.8,51.1,48.4,48.8
2024-06-07 03:20:49.378,113,36.7,51.0,48.4,48.8
2024-06-07 03:50:49.292,113,36.6,51.0,48.4,48.8
2024-06-07 04:20:49.536,113,36.5,50.9,48.4,48.8
2024-06-07 04:50:49.267,113,36.4,50.9,48.4,48.8
2024-06-07 05:20:48.672,113,36.3,50.9,48.4,48.8
2024-06-07 05:50:48.841,113,36.2,50.9,48.4,48.8
2024-06-07 06:20:49.147,113,36.0,50.8,48.4,48.8
2024-06-07 07:20:49.000,113,35.8,50.8,48.4,48.8
2024-06-07 07:50:49.032,113,35.7,50.8,48.4,48.8
2024-06-07 08:20:48.998,113,35.7,50.8,48.4,48.8
2024-06-07 09:20:48.879,113,35.6,50.8,48.3,48.8
2024-06-07 10:20:48.741,113,35.7,50.8,48.3,48.8
2024-06-07 10:50:48.408,113,35.8,50.8,48.3,48.8
2024-06-07 11:20:48.679,113,36.0,50.9,48.3,48.8
2024-06-07 11:50:48.622,113,36.1,50.9,48.3,48.8
2024-06-07 12:20:48.621,113,36.2,51.0,48.3,48.8
2024-06-07 12:50:48.556,113,36.4,51.1,48.3,48.8
2024-06-07 13:20:48.530,113,36.6,51.1,48.3,48.7
2024-06-07 13:50:48.187,113,36.7,51.2,48.3,48.7
2024-06-07 14:20:48.437,113,36.9,51.3,48.3,48.7
2024-06-07 14:50:48.400,113,37.0,51.3,48.3,48.7
2024-06-07 15:20:48.535,113,37.2,51.4,48.3,48.7
2024-06-07 15:50:48.008,113,37.3,51.5,48.3,48.7
2024-06-07 16:20:48.247,113,37.4,51.6,48.3,48.7
2024-06-07 16:50:48.208,113,37.4,51.6,48.3,48.7
2024-06-07 17:20:48.173,113,37.5,51.7,48.3,48.7
2024-06-07 17:50:48.140,113,37.5,51.8,48.3,48.7
2024-06-07 18:20:48.086,113,37.4,51.8,48.3,48.7
2024-06-07 18:50:47.487,113,37.3,51.8,48.3,48.7
2024-06-07 19:20:47.998,113,37.2,51.9,48.4,48.8
2024-06-07 19:50:47.636,113,37.1,51.9,48.4,48.8
2024-06-07 20:20:47.911,113,36.9,51.8,48.4,48.8
2024-06-07 20:50:47.559,113,36.8,51.8,48.4,48.8
2024-06-07 21:20:47.810,113,36.6,51.7,48.4,48.8
2024-06-07 21:50:47.216,113,36.5,51.7,48.5,48.8
2024-06-07 22:20:47.726,113,36.3,51.6,48.5,48.8
2024-06-07 22:50:47.854,113,36.1,51.5,48.5,48.8
2024-06-07 23:20:47.077,113,36.0,51.4,48.5,48.8
2024-06-07 23:50:47.598,113,35.8,51.3,48.6,48.8
2024-06-08 00:20:47.542,113,35.6,51.2,48.6,48.9
2024-06-08 00:50:47.478,113,35.5,51.1,48.6,48.9
2024-06-08 01:20:46.931,113,35.3,51.0,48.6,48.9
2024-06-08 01:50:47.441,113,35.2,50.9,48.6,48.9
2024-06-08 02:20:46.863,113,35.1,50.9,48.6,48.9
2024-06-08 02:50:47.076,113,35.0,50.8,48.6,48.9
2024-06-08 03:20:47.299,113,34.8,50.7,48.7,48.9
2024-06-08 03:50:47.259,113,34.7,50.6,48.6,48.9
2024-06-08 04:20:47.257,113,34.6,50.5,48.7,49.0
2024-06-08 04:50:47.211,113,34.5,50.4,48.6,49.0
2024-06-08 05:20:47.192,113,34.4,50.3,48.6,49.0
2024-06-08 05:50:47.150,113,34.4,50.2,48.6,49.0
2024-06-08 06:20:47.291,113,34.3,50.2,48.6,49.0
2024-06-08 06:50:47.063,113,34.2,50.1,48.6,49.0
2024-06-08 07:20:47.001,113,34.2,50.0,48.6,49.0
2024-06-08 07:50:46.987,113,34.1,50.0,48.6,49.0
2024-06-08 08:20:46.895,113,34.1,50.0,48.5,49.0
2024-06-08 08:50:46.198,113,,,,
2024-06-08 09:20:46.871,113,34.0,50.0,48.5,49.0
2024-06-08 09:50:46.773,113,34.0,49.9,48.4,49.0
2024-06-08 10:20:46.763,113,34.0,49.9,48.4,49.0
2024-06-08 10:50:46.711,113,34.0,49.8,48.4,49.0
2024-06-08 11:20:46.115,113,34.0,49.8,48.4,49.0
2024-06-08 11:50:46.630,113,34.1,49.8,48.4,49.0
2024-06-08 12:20:46.575,113,34.1,49.8,48.4,49.0
2024-06-08 12:50:46.546,113,34.1,49.8,48.4,49.0
2024-06-08 13:20:46.675,113,34.1,49.8,48.4,49.0
2024-06-08 13:50:46.439,113,34.3,49.9,48.4,49.0
2024-06-08 14:20:46.395,113,34.4,49.9,48.4,49.0
2024-06-08 14:50:46.386,113,34.6,49.9,48.4,49.0
2024-06-08 15:20:46.263,113,34.8,50.0,48.4,49.0
2024-06-08 15:50:45.965,113,35.0,50.0,48.4,49.0
2024-06-08 16:20:46.181,113,35.1,50.0,48.4,49.0
2024-06-08 16:50:46.180,113,35.3,50.0,48.4,49.0
2024-06-08 17:20:46.114,113,35.3,50.1,48.4,49.0
2024-06-08 17:50:46.103,113,35.3,50.1,48.4,49.0
2024-06-08 18:50:45.931,113,35.1,50.1,48.4,49.0
2024-06-08 19:20:45.647,113,35.0,50.1,48.4,49.0
2024-06-08 19:50:45.906,113,34.9,50.1,48.4,49.0
2024-06-08 20:20:45.834,113,34.8,50.0,48.4,49.0
2024-06-08 20:50:45.775,113,34.7,50.0,48.5,49.0
2024-06-08 21:20:45.461,113,34.5,50.0,48.5,49.0
2024-06-08 21:50:45.805,113,34.4,49.9,48.5,49.0
2024-06-08 22:20:45.690,113,34.3,49.8,48.5,49.0
2024-06-08 22:50:45.633,113,34.1,49.7,48.5,49.0
2024-06-08 23:20:45.558,113,34.0,49.7,48.5,49.1
2024-06-08 23:50:45.541,113,33.8,49.5,48.6,49.1
2024-06-09 00:20:45.498,113,33.7,49.5,48.6,49.1
2024-06-09 00:50:45.461,113,33.6,49.4,48.6,49.1
2024-06-09 01:20:45.397,113,33.5,49.3,48.6,49.1
2024-06-09 01:50:45.399,113,33.3,49.2,48.6,49.1
2024-06-09 02:20:45.312,113,33.2,49.1,48.6,49.1
2024-06-09 02:50:45.267,113,33.0,49.0,48.6,49.1
2024-06-09 03:20:45.280,113,32.9,48.9,48.6,49.1
2024-06-09 03:50:45.233,113,32.8,48.8,48.6,49.1
2024-06-09 04:20:45.169,113,32.7,48.7,48.6,49.1
2024-06-09 04:50:45.178,113,32.5,48.6,48.6,49.1
2024-06-09 05:20:45.139,113,32.4,48.6,48.6,49.2
2024-06-09 05:50:44.553,113,32.3,48.5,48.6,49.2
2024-06-09 06:20:45.081,113,32.3,48.5,48.6,49.2
2024-06-09 06:50:44.484,113,32.2,48.4,48.6,49.2
2024-06-09 07:20:44.961,113,32.1,48.3,48.6,49.2
2024-06-09 07:50:44.950,113,32.1,48.2,48.6,49.2
2024-06-09 08:20:44.382,113,32.0,48.1,48.6,49.2
2024-06-09 08:50:45.043,113,32.0,47.8,48.6,49.2
2024-06-09 09:20:44.474,113,32.0,47.8,48.6,49.2
2024-06-09 09:50:44.750,113,32.0,47.7,48.6,49.2
2024-06-09 10:20:44.715,113,32.1,47.7,48.6,49.2
2024-06-09 10:50:44.693,113,,,,
2024-06-09 11:20:44.593,113,32.4,47.7,48.5,49.2
2024-06-09 11:50:44.545,113,32.6,47.8,48.5,49.2
2024-06-09 12:20:43.985,113,32.7,47.8,48.5,49.2
2024-06-09 12:50:43.799,113,,,,
2024-06-09 13:20:44.637,113,33.0,47.8,48.5,49.2
2024-06-09 13:50:44.585,113,33.1,47.9,48.5,49.2
2024-06-09 14:20:44.382,113,33.2,47.9,48.5,49.2
2024-06-09 14:50:44.314,113,33.2,47.9,48.5,49.2
2024-06-09 15:20:44.266,113,33.2,47.9,48.5,49.2
2024-06-09 15:50:44.224,113,33.1,48.0,48.5,49.2
2024-06-09 16:20:44.180,113,33.0,48.0,48.5,49.2
2024-06-09 16:50:44.137,113,33.0,48.0,48.5,49.2
2024-06-09 17:20:43.533,113,32.9,48.0,48.6,49.2
2024-06-09 18:20:43.439,113,32.8,48.1,48.6,49.2
2024-06-09 18:50:43.919,113,32.7,48.0,48.6,49.2
2024-06-09 19:20:43.855,113,32.5,48.0,48.6,49.2
2024-06-09 19:50:43.825,113,32.4,48.0,48.7,49.2
2024-06-09 20:20:43.838,113,32.3,47.9,48.7,49.2
2024-06-09 20:50:43.735,113,32.1,47.9,48.7,49.2
2024-06-09 21:20:43.181,113,32.0,47.8,48.7,49.3
2024-06-09 21:50:43.830,113,31.8,47.7,48.7,49.3
2024-06-09 22:20:43.646,113,31.6,47.6,48.8,49.3
2024-06-09 22:50:42.805,113,,,,
2024-06-09 23:20:43.542,113,31.3,47.4,48.8,49.3
2024-06-09 23:50:43.512,113,31.1,47.4,48.8,49.3
2024-06-10 00:20:43.466,113,30.9,47.3,48.8,49.3
2024-06-10 00:50:43.424,113,30.8,47.2,48.9,49.3
2024-06-10 01:20:43.366,113,30.6,47.1,48.9,49.3
2024-06-10 01:50:43.371,113,30.5,47.0,48.9,49.4
2024-06-10 02:20:42.756,113,30.4,46.9,48.9,49.4
2024-06-10 02:50:43.275,113,30.3,46.8,48.9,49.4
2024-06-10 03:20:43.158,113,30.2,46.7,48.9,49.4
2024-06-10 03:50:43.204,113,30.0,46.6,48.9,49.4
2024-06-10 04:20:43.163,113,30.0,46.5,48.9,49.4
2024-06-10 04:50:43.321,113,29.8,46.5,48.9,49.4
2024-06-10 05:20:43.094,113,29.7,46.4,48.9,49.4
2024-06-10 05:50:43.061,113,29.6,46.4,48.9,49.4
2024-06-10 06:20:43.029,113,29.6,46.3,48.9,49.5
2024-06-10 06:50:42.979,113,29.5,46.3,48.9,49.5
2024-06-10 07:20:42.906,113,29.5,46.2,48.9,49.5
2024-06-10 07:50:42.881,113,29.4,46.2,48.9,49.5
2024-06-10 08:20:42.313,113,29.4,46.1,48.9,49.5
2024-06-10 08:50:42.510,113,29.3,46.1,48.9,49.5
2024-06-10 09:20:42.796,113,29.3,46.0,48.9,49.5
2024-06-10 09:50:42.761,113,,,,
2024-06-10 10:20:42.709,113,29.2,45.9,48.8,49.5
2024-06-10 10:50:42.671,113,29.2,45.9,48.8,49.5
2024-06-10 11:20:42.637,113,29.2,45.9,48.8,49.5
2024-06-10 11:50:42.595,113,29.2,45.9,48.8,49.5
2024-06-10 12:20:42.581,113,29.2,45.8,48.8,49.5
2024-06-10 12:50:42.474,113,29.2,45.8,48.8,49.5
2024-06-10 13:20:42.644,113,29.2,45.8,48.8,49.5
2024-06-10 13:50:42.381,113,29.3,45.8,48.7,49.5
2024-06-10 14:20:42.383,113,29.4,45.8,48.7,49.5
2024-06-10 14:50:42.028,113,29.6,45.8,48.7,49.5
2024-06-10 15:20:42.285,113,29.8,45.9,48.7,49.5
2024-06-10 15:50:42.241,113,30.0,45.9,48.7,49.5
2024-06-10 16:20:42.203,113,30.1,45.9,48.7,49.5
2024-06-10 17:20:42.081,113,30.3,45.9,48.7,49.5
2024-06-10 17:50:41.681,113,30.3,46.0,48.7,49.5
2024-06-10 18:20:41.991,113,30.2,46.0,48.7,49.5
2024-06-10 18:50:41.973,113,30.2,46.0,48.7,49.5
2024-06-10 19:20:41.924,113,30.1,46.0,48.7,49.5
2024-06-10 19:50:41.875,113,30.0,46.0,48.7,49.5
2024-06-10 20:20:41.822,113,29.8,46.0,48.7,49.5
2024-06-10 20:50:41.468,113,29.7,46.0,48.7,49.5
2024-06-10 21:20:41.701,113,29.6,46.0,48.8,49.5
2024-06-10 21:50:41.710,113,29.4,46.0,48.7,49.5
2024-06-10 22:20:41.625,113,29.3,45.9,48.8,49.5
2024-06-10 22:50:41.595,113,29.1,45.9,48.8,49.5
2024-06-10 23:20:41.664,113,29.1,45.8,48.8,49.5
2024-06-10 23:50:41.530,113,28.9,45.8,48.8,49.5
2024-06-11 00:20:41.530,113,28.8,45.8,48.8,49.5
2024-06-11 00:50:41.516,113,28.6,45.7,48.8,49.5
2024-06-11 01:20:41.483,113,28.5,45.7,48.8,49.5
2024-06-11 01:50:41.471,113,28.4,45.6,48.8,49.5
2024-06-11 02:20:41.454,113,28.3,45.5,48.8,49.5
2024-06-11 02:50:41.430,113,28.2,45.5,48.8,49.5
2024-06-11 03:20:41.382,113,28.1,45.2,48.8,49.5
2024-06-11 03:50:41.384,113,28.0,45.1,48.8,49.5
2024-06-11 04:20:41.540,113,27.9,45.1,48.8,49.5
2024-06-11 04:50:41.365,113,27.8,45.0,48.8,49.6
2024-06-11 05:20:41.315,113,27.8,44.9,48.8,49.5
2024-06-11 05:50:41.281,113,27.7,44.9,48.8,49.5
2024-06-11 06:20:41.451,113,27.6,44.8,48.8,49.5
2024-06-11 06:50:40.940,113,27.6,44.8,48.7,49.5
2024-06-11 07:20:41.166,113,27.5,44.7,48.7,49.5
2024-06-11 07:50:41.165,113,27.5,44.7,48.7,49.5
2024-06-11 08:20:41.076,113,27.4,44.6,48.7,49.5
2024-06-11 08:50:41.040,113,27.4,44.6,48.7,49.5
2024-06-11 09:20:40.479,113,27.5,44.6,48.7,49.5
2024-06-11 09:50:40.987,113,27.5,44.6,48.6,49.5
2024-06-11 10:20:40.944,113,27.6,44.5,48.6,49.5
2024-06-11 10:50:40.896,113,27.8,44.5,48.6,49.5
2024-06-11 11:20:40.159,113,,,,
2024-06-11 11:50:40.805,113,28.2,44.6,48.6,49.5
2024-06-11 12:20:40.755,113,28.4,44.6,48.5,49.5
2024-06-11 12:50:40.377,113,28.6,44.6,48.5,49.5
2024-06-11 13:20:40.674,113,28.9,44.7,48.5,49.5
2024-06-11 13:50:40.613,113,29.1,44.7,48.5,49.5
2024-06-11 14:20:40.576,113,29.2,44.8,48.5,49.5
2024-06-11 14:50:40.547,113,29.4,44.9,48.5,49.5
2024-06-11 15:20:40.178,113,29.6,44.9,48.5,49.4
2024-06-11 15:50:40.400,113,29.7,45.0,48.5,49.4
2024-06-11 16:20:40.408,113,29.8,45.1,48.5,49.5
2024-06-11 16:50:40.370,113,29.8,45.2,48.5,49.4
2024-06-11 17:20:40.319,113,29.7,45.2,48.5,49.4
2024-06-11 17:50:40.266,113,29.7,45.3,48.5,49.4
2024-06-11 18:20:40.212,113,29.6,45.3,48.6,49.4
2024-06-11 18:50:40.135,113,29.5,45.4,48.6,49.5
2024-06-11 19:20:40.126,113,29.3,45.4,48.6,49.5
2024-06-11 19:50:40.038,113,29.2,45.4,48.6,49.5
2024-06-11 20:50:39.973,113,28.9,45.4,48.7,49.5
2024-06-11 21:20:39.942,113,28.7,45.4,48.7,49.5
2024-06-11 21:50:39.904,113,28.5,45.4,48.8,49.5
2024-06-11 22:20:39.861,113,28.4,45.4,48.8,49.5
2024-06-11 22:50:39.765,113,28.2,45.4,48.8,49.5
2024-06-11 23:20:39.179,113,,,,
2024-06-11 23:50:39.733,113,27.9,45.3,48.9,49.6
2024-06-12 00:20:39.693,113,27.8,45.2,48.9,49.6
2024-06-12 00:50:38.960,113,,,,
2024-06-12 01:20:39.567,113,27.5,45.1,48.9,49.6
2024-06-12 01:50:39.567,113,27.3,45.0,48.9,49.6
2024-06-12 02:20:39.551,113,27.2,45.0,49.0,49.6
2024-06-12 02:50:39.513,113,27.1,44.9,49.0,49.6
2024-06-12 03:20:39.469,113,27.0,44.8,49.0,49.6
2024-06-12 03:50:39.407,113,26.9,44.8,49.0,49.7
2024-06-12 04:20:39.393,113,26.8,44.7,49.0,49.7
2024-06-12 04:50:39.364,113,26.7,44.7,49.0,49.7
2024-06-12 05:20:39.296,113,26.6,44.6,49.0,49.7
2024-06-12 06:20:39.205,113,26.5,44.5,49.0,49.7
2024-06-12 06:50:39.185,113,26.4,44.5,49.0,49.7
2024-06-12 07:20:39.314,113,26.3,44.4,49.0,49.7
2024-06-12 08:20:39.031,113,26.2,44.3,49.0,49.7
2024-06-12 08:50:38.453,113,26.1,44.2,49.0,49.7
2024-06-12 09:20:38.957,113,26.1,44.1,49.0,49.7
2024-06-12 09:50:38.606,113,26.2,44.1,48.9,49.7
2024-06-12 10:20:38.851,113,26.2,44.1,48.9,49.7
2024-06-12 10:50:38.824,113,26.2,44.0,48.9,49.7
2024-06-12 11:20:38.780,113,26.3,44.0,48.9,49.7
2024-06-12 11:50:38.689,113,26.4,43.9,48.9,49.7
2024-06-12 12:20:38.651,113,26.6,43.9,48.9,49.7
2024-06-12 12:50:38.829,113,26.7,43.9,48.9,49.7
2024-06-12 13:20:38.606,113,26.9,43.9,48.9,49.8
2024-06-12 13:50:38.568,113,27.1,43.9,48.9,49.8
2024-06-12 14:20:38.503,113,27.2,43.9,48.9,49.8
2024-06-12 14:50:38.476,113,27.3,43.9,48.9,49.8
2024-06-12 15:20:38.421,113,27.4,43.9,48.9,49.8
2024-06-12 15:50:38.380,113,27.4,43.9,48.9,49.8
2024-06-12 16:20:38.309,113,27.3,43.9,48.9,49.8
2024-06-12 16:50:38.300,113,27.3,43.9,48.9,49.8
2024-06-12 17:20:37.721,113,27.2,43.9,48.9,49.8
2024-06-12 17:50:38.399,113,27.1,43.9,49.0,49.8
2024-06-12 18:20:38.190,113,27.0,43.9,49.0,49.8
2024-06-12 18:50:38.146,113,26.9,43.9,49.0,49.8
2024-06-12 19:20:38.094,113,26.8,43.9,49.0,49.8
2024-06-12 19:50:38.050,113,26.7,43.9,49.0,49.8
2024-06-12 20:20:38.015,113,26.6,44.0,49.1,49.8
2024-06-12 20:50:38.138,113,26.4,43.9,49.1,49.8
2024-06-12 21:20:37.921,113,26.3,43.9,49.1,49.8
2024-06-12 21:50:37.872,113,26.2,43.9,49.2,49.9
2024-06-12 22:20:37.825,113,26.0,43.9,49.2,49.9
2024-06-12 22:50:37.773,113,25.9,43.9,49.2,49.9
2024-06-12 23:20:37.750,113,,,,
2024-06-12 23:50:37.688,113,25.6,43.8,49.3,49.9
2024-06-13 00:20:37.094,113,25.5,43.7,49.3,50.0
2024-06-13 00:50:37.607,113,,,,
2024-06-13 01:20:37.562,113,25.3,43.6,49.3,50.0
2024-06-13 01:50:37.466,113,25.2,43.6,49.4,50.0
2024-06-13 02:20:37.427,113,25.1,43.5,49.4,50.0
2024-06-13 02:50:37.392,113,25.0,43.5,49.4,50.0
2024-06-13 03:20:37.398,113,25.0,43.4,49.4,50.0
2024-06-13 04:20:37.436,113,24.9,43.3,49.4,50.0
2024-06-13 04:50:37.224,113,24.8,43.3,49.4,50.0
2024-06-13 05:20:37.170,113,24.8,43.2,49.4,50.0
2024-06-13 06:20:37.090,113,24.6,43.1,49.4,50.0
2024-06-13 06:50:37.046,113,24.6,43.1,49.4,50.1
2024-06-13 07:20:37.011,113,24.5,43.1,49.4,50.1
2024-06-13 07:50:36.934,113,24.4,43.0,49.4,50.1
2024-06-13 08:20:36.906,113,24.4,42.9,49.4,50.1
2024-06-13 08:50:36.873,113,24.3,42.9,49.4,50.1
2024-06-13 09:20:36.785,113,24.3,42.8,49.4,50.1
2024-06-13 09:50:36.774,113,24.3,42.7,49.4,50.1
2024-06-13 10:20:36.205,113,24.4,42.7,49.4,50.1
2024-06-13 10:50:36.031,113,,,,
2024-06-13 11:20:36.655,113,24.6,42.6,49.3,50.1
2024-06-13 11:50:36.587,113,24.7,42.5,49.3,50.1
2024-06-13 12:20:36.584,113,24.8,42.5,49.3,50.1
2024-06-13 12:50:36.691,113,25.0,42.5,49.3,50.1
2024-06-13 13:20:36.191,113,25.1,42.4,49.3,50.1
2024-06-13 13:50:36.466,113,25.1,42.4,49.3,50.1
2024-06-13 14:20:35.860,113,25.2,42.3,49.3,50.1
2024-06-13 14:50:36.382,113,25.2,42.3,49.3,50.1
2024-06-13 15:20:36.357,113,25.2,42.3,49.3,50.1
2024-06-13 15:50:36.295,113,25.3,42.2,49.3,50.1
2024-06-13 16:20:36.244,113,25.2,42.2,49.3,50.2
2024-06-13 16:50:35.532,113,,,,
2024-06-13 17:20:36.183,113,25.1,42.1,49.3,50.2
2024-06-13 17:50:36.109,113,25.0,42.1,49.3,50.2
2024-06-13 18:20:36.096,113,25.0,42.1,49.4,50.2
2024-06-13 18:50:36.038,113,25.0,42.1,49.4,50.2
2024-06-13 19:20:36.014,113,24.9,42.1,49.4,50.2
2024-06-13 19:50:35.974,113,24.8,42.1,49.4,50.2
2024-06-13 20:20:36.113,113,24.7,42.1,49.5,50.2
2024-06-13 20:50:35.845,113,24.6,42.1,49.5,50.3
2024-06-13 21:20:35.795,113,24.4,42.1,49.5,50.3
2024-06-13 21:50:35.785,113,24.3,42.1,49.5,50.3
2024-06-13 22:20:35.180,113,24.2,42.0,49.6,50.3
2024-06-13 22:50:35.698,113,24.7,42.1,49.6,50.4
2024-06-13 23:20:35.657,113,25.0,43.3,49.7,50.4
2024-06-13 23:50:35.350,113,32.0,49.7,50.0,50.6
2024-06-14 00:20:35.569,113,35.0,52.1,50.1,50.6
2024-06-14 00:50:35.213,113,37.0,52.9,50.2,50.7
2024-06-14 01:20:35.167,113,41.0,53.5,50.3,50.7
2024-06-14 01:50:35.583,113,42.6,53.8,50.4,50.7
2024-06-14 02:20:35.389,113,43.5,54.0,50.4,50.8
2024-06-14 02:50:35.525,113,44.5,54.1,50.5,50.8
2024-06-14 03:50:34.935,113,46.3,54.5,50.7,50.9
2024-06-14 04:20:34.902,113,46.4,54.5,50.7,51.0
2024-06-14 04:50:35.172,113,46.4,54.6,50.8,51.1
2024-06-14 05:20:34.551,113,46.3,54.6,50.8,51.1
2024-06-14 05:50:35.078,113,46.1,54.6,50.8,51.2
2024-06-14 06:20:35.044,113,46.0,54.5,50.8,51.2
2024-06-14 06:50:34.999,113,45.9,54.5,50.8,51.3
2024-06-14 07:20:34.647,113,45.8,54.4,50.8,51.3
2024-06-14 07:50:34.919,113,,,,
2024-06-14 08:20:34.866,113,45.7,54.4,50.8,51.3
2024-06-14 09:20:34.750,113,45.5,54.4,50.8,51.3
2024-06-14 09:50:34.689,113,45.4,54.3,50.8,51.3
2024-06-14 10:20:34.683,113,45.2,54.3,50.7,51.3
2024-06-14 10:50:34.609,113,45.0,54.3,50.7,51.3
2024-06-14 11:20:34.606,113,44.9,54.2,50.7,51.3
2024-06-14 11:50:34.738,113,44.8,54.2,50.7,51.3
2024-06-14 12:20:34.508,113,44.6,54.2,50.6,51.3
2024-06-14 12:50:34.114,113,44.4,54.1,50.6,51.3
2024-06-14 13:20:34.413,113,44.0,54.1,50.6,51.3
2024-06-14 13:50:34.374,113,43.7,54.1,50.6,51.3
2024-06-14 14:20:34.018,113,43.3,54.1,50.6,51.2
2024-06-14 14:50:33.963,113,43.1,54.1,50.5,51.2
2024-06-14 15:20:34.226,113,42.8,54.1,50.5,51.2
2024-06-14 15:50:33.855,113,42.5,54.0,50.5,51.2
2024-06-14 16:20:33.597,113,42.2,54.0,50.5,51.2
2024-06-14 16:50:34.103,113,41.9,54.0,50.5,51.2
2024-06-14 17:20:33.387,113,,,,
2024-06-14 17:50:33.689,113,41.5,53.9,50.5,51.2
2024-06-14 18:20:33.670,113,41.2,53.9,50.5,51.2
2024-06-14 18:50:33.580,113,41.0,53.9,50.5,51.1
2024-06-14 19:20:33.891,113,40.8,53.8,50.5,51.1
2024-06-14 19:50:33.859,113,40.6,53.8,50.5,51.1
2024-06-14 20:20:33.838,113,40.3,53.8,50.5,51.1
2024-06-14 20:50:33.761,113,40.2,53.7,50.5,51.1
2024-06-14 21:20:33.688,113,40.0,53.7,50.5,51.1
2024-06-14 21:50:33.126,113,39.8,53.7,50.5,51.1
2024-06-14 22:20:33.634,113,39.6,53.7,50.5,51.1
2024-06-14 22:50:33.580,113,39.4,53.6,50.5,51.2
2024-06-14 23:20:33.731,113,39.3,53.6,50.6,51.2
2024-06-14 23:50:33.460,113,39.1,53.5,50.6,51.2
2024-06-15 00:20:33.459,113,38.9,53.5,50.6,51.2
2024-06-15 00:50:33.418,113,38.7,53.5,50.6,51.2
2024-06-15 01:20:33.391,113,38.6,53.4,50.6,51.2
2024-06-15 01:50:33.319,113,38.4,53.4,50.6,51.2
2024-06-15 02:20:32.980,113,38.3,53.3,50.6,51.2
2024-06-15 02:50:33.246,113,38.2,53.3,50.6,51.2
2024-06-15 03:20:33.205,113,38.0,53.3,50.6,51.2
2024-06-15 03:50:33.111,113,37.9,53.2,50.6,51.2
2024-06-15 04:20:33.227,113,37.8,53.2,50.6,51.2
2024-06-15 05:20:32.474,113,37.6,53.1,50.6,51.2
2024-06-15 05:50:32.992,113,37.5,53.1,50.6,51.2
2024-06-15 06:20:32.668,113,37.5,53.1,50.6,51.2
2024-06-15 06:50:32.926,113,37.4,53.1,50.6,51.2
2024-06-15 07:20:32.883,113,37.3,53.0,50.6,51.2
2024-06-15 07:50:32.840,113,37.3,53.0,50.6,51.2
2024-06-15 08:20:32.747,113,37.2,53.0,50.5,51.2
2024-06-15 08:50:32.743,113,37.1,53.0,50.5,51.2
2024-06-15 09:20:32.687,113,37.1,53.0,50.5,51.2
2024-06-15 09:50:32.645,113,37.1,53.0,50.5,51.2
2024-06-15 10:20:32.048,113,37.0,53.0,50.5,51.2
2024-06-15 10:50:32.558,113,37.0,53.0,50.4,51.2
2024-06-15 11:20:32.516,113,37.0,53.0,50.4,51.2
2024-06-15 11:50:32.468,113,37.1,53.0,50.4,51.2
2024-06-15 12:20:32.466,113,37.1,53.0,50.4,51.2
2024-06-15 12:50:31.690,113,,,,
2024-06-15 13:20:32.305,113,37.4,53.3,50.3,51.2
2024-06-15 14:20:32.241,113,37.5,53.3,50.3,51.2
2024-06-15 14:50:32.205,113,37.5,53.3,50.2,51.2
2024-06-15 15:20:32.178,113,37.5,53.4,50.2,51.2
2024-06-15 15:50:32.129,113,37.5,53.4,50.2,51.1
2024-06-15 16:20:31.786,113,37.5,53.3,50.2,51.1
2024-06-15 16:50:32.228,113,37.5,53.3,50.2,51.1
2024-06-15 17:20:32.000,113,37.4,53.3,50.2,51.1
2024-06-15 17:50:31.970,113,37.3,53.3,50.2,51.1
2024-06-15 18:20:31.929,113,37.2,53.3,50.3,51.1
2024-06-15 18:50:31.586,113,37.1,53.2,50.2,51.1
2024-06-15 19:20:31.793,113,37.0,53.2,50.3,51.1
2024-06-15 19:50:31.797,113,36.9,53.2,50.3,51.1
2024-06-15 20:20:31.457,113,36.8,53.2,50.3,51.2
2024-06-15 20:50:31.658,113,36.6,53.1,50.3,51.2
2024-06-15 21:20:31.836,113,36.5,53.0,50.3,51.2
2024-06-15 21:50:31.614,113,36.3,53.0,50.3,51.2
2024-06-15 22:20:31.547,113,36.1,52.9,50.4,51.2
2024-06-15 22:50:30.973,113,35.9,52.9,50.4,51.2
2024-06-15 23:20:31.474,113,35.8,52.8,50.4,51.2
2024-06-16 00:20:31.551,113,35.4,52.7,50.4,51.2
2024-06-16 00:50:31.373,113,35.3,52.6,50.4,51.2
2024-06-16 01:20:31.301,113,35.1,52.5,50.4,51.2
2024-06-16 01:50:31.403,113,35.0,52.5,50.4,51.2
2024-06-16 02:20:31.179,113,34.9,52.2,50.4,51.3
2024-06-16 02:50:31.165,113,34.8,52.0,50.4,51.3
2024-06-16 03:20:31.312,113,34.7,51.9,50.4,51.3
2024-06-16 03:50:31.265,113,34.6,51.8,50.4,51.3
2024-06-16 04:20:31.045,113,34.4,51.7,50.4,51.3
2024-06-16 04:50:30.430,113,34.3,51.7,50.4,51.3
2024-06-16 05:20:30.950,113,34.2,51.6,50.4,51.3
2024-06-16 05:50:30.897,113,34.1,51.5,50.4,51.3
2024-06-16 06:20:30.874,113,34.0,51.5,50.4,51.3
2024-06-16 06:50:30.819,113,33.9,51.4,50.4,51.3
2024-06-16 07:20:30.778,113,33.9,51.4,50.3,51.3
2024-06-16 07:50:30.384,113,33.8,51.4,50.3,51.3
2024-06-16 08:20:30.126,113,33.7,51.3,50.3,51.3
2024-06-16 08:50:30.626,113,33.6,51.3,50.3,51.3
2024-06-16 09:20:30.046,113,33.6,51.2,50.3,51.3
2024-06-16 09:50:30.509,113,33.5,51.2,50.2,51.3
2024-06-16 10:20:29.945,113,33.5,51.2,50.2,51.3
2024-06-16 10:50:30.459,113,33.5,51.1,50.2,51.3
2024-06-16 11:20:30.104,113,33.5,51.0,50.2,51.3
2024-06-16 11:50:30.393,113,33.6,51.0,50.1,51.3
2024-06-16 12:20:30.324,113,33.6,50.9,50.1,51.3
2024-06-16 12:50:30.256,113,33.7,50.8,50.1,51.3
2024-06-16 13:20:30.257,113,33.8,50.7,50.1,51.3
2024-06-16 13:50:30.215,113,33.9,50.6,50.2,51.3
2024-06-16 14:20:29.863,113,34.0,50.6,50.2,51.3
2024-06-16 14:50:30.126,113,34.0,50.5,50.2,51.3
2024-06-16 15:20:29.779,113,34.1,50.6,50.3,51.3
2024-06-16 15:50:30.039,113,34.2,50.6,50.3,51.3
2024-06-16 16:20:30.010,113,34.3,50.5,50.3,51.3
2024-06-16 16:50:29.670,113,34.3,50.5,50.4,51.3
2024-06-16 17:20:29.894,113,34.2,50.4,50.4,51.4
2024-06-16 17:50:29.913,113,34.2,50.4,50.4,51.4
2024-06-16 18:20:29.863,113,34.1,50.4,50.5,51.4
2024-06-16 18:50:29.782,113,34.0,50.4,50.5,51.4
2024-06-16 19:20:29.441,113,33.8,50.4,50.5,51.4
2024-06-16 19:50:29.741,113,33.7,50.4,50.6,51.4
2024-06-16 20:20:29.682,113,33.6,50.4,50.6,51.4
2024-06-16 20:50:29.639,113,33.5,50.4,50.7,51.5
2024-06-16 21:20:29.618,113,33.4,50.4,50.7,51.5
2024-06-16 21:50:29.668,113,33.3,50.5,50.8,51.5
2024-06-16 22:20:29.518,113,33.2,50.4,50.7,51.5
2024-06-16 23:20:29.400,113,32.9,50.4,50.8,51.5
2024-06-16 23:50:29.565,113,32.8,50.4,50.8,51.6
2024-06-17 00:20:29.380,113,32.7,50.3,50.9,51.6
2024-06-17 00:50:28.519,113,,,,
2024-06-17 01:20:29.259,113,32.5,50.3,50.9,51.6
2024-06-17 01:50:29.196,113,32.4,50.2,50.9,51.6
2024-06-17 02:20:29.156,113,32.3,50.2,50.9,51.7
2024-06-17 02:50:28.760,113,32.2,50.2,51.0,51.7
2024-06-17 03:20:29.066,113,32.1,50.1,51.0,51.7
2024-06-17 03:50:29.004,113,32.1,50.1,51.0,51.7
2024-06-17 04:20:28.969,113,32.0,50.0,51.1,51.7
2024-06-17 04:50:28.928,113,31.9,50.0,51.1,51.7
2024-06-17 05:20:28.853,113,31.8,50.0,51.1,51.7
2024-06-17 05:50:28.841,113,31.8,50.0,51.1,51.8
2024-06-17 06:20:28.750,113,31.7,49.9,51.1,51.8
2024-06-17 06:50:28.924,113,31.6,49.9,51.1,51.8
2024-06-17 07:20:28.693,113,31.6,49.8,51.1,51.8
2024-06-17 07:50:27.968,113,,,,
2024-06-17 08:50:28.551,113,31.5,49.5,51.2,51.8
2024-06-17 09:20:28.495,113,31.5,49.4,51.2,51.8
2024-06-17 09:50:28.480,113,31.4,49.3,51.2,51.9
2024-06-17 10:20:28.451,113,31.4,49.2,51.2,51.9
2024-06-17 10:50:28.377,113,31.4,49.0,51.2,51.9
2024-06-17 11:20:28.380,113,31.5,48.9,51.2,51.9
2024-06-17 11:50:28.364,113,31.5,48.7,51.1,51.9
2024-06-17 12:20:28.293,113,31.7,48.4,51.1,51.9
2024-06-17 12:50:28.276,113,,,,
2024-06-17 13:20:27.923,113,31.7,48.0,51.1,51.9
2024-06-17 13:50:27.637,113,31.7,47.7,51.1,51.9
2024-06-17 14:20:28.104,113,31.7,47.5,51.1,51.9
2024-06-17 14:50:28.117,113,31.7,47.2,51.1,51.9
2024-06-17 15:20:28.038,113,31.6,47.0,51.1,51.9
2024-06-17 15:50:28.049,113,31.5,46.8,51.1,52.0
2024-06-17 16:20:27.986,113,31.4,46.6,51.1,52.0
2024-06-17 16:50:27.975,113,31.4,46.5,51.1,52.0
2024-06-17 17:20:27.950,113,31.2,46.4,51.2,52.0
2024-06-17 17:50:27.887,113,31.0,46.2,51.3,52.0
2024-06-17 18:20:27.872,113,30.8,46.1,51.3,52.0
2024-06-17 18:50:27.782,113,30.7,46.0,51.3,52.0
2024-06-17 19:20:27.493,113,30.6,46.0,51.3,52.0
2024-06-17 19:50:27.714,113,30.5,46.0,51.3,52.0
2024-06-17 20:20:27.667,113,30.4,46.0,51.4,52.0
2024-06-17 20:50:27.652,113,30.3,46.1,51.4,52.0
2024-06-17 21:20:27.581,113,30.2,46.1,51.4,52.0
2024-06-17 21:50:27.572,113,30.1,46.1,51.5,52.0
2024-06-17 22:20:27.510,113,29.9,46.1,51.5,52.0
2024-06-17 22:50:27.430,113,29.8,46.1,51.5,52.1
2024-06-17 23:20:27.392,113,29.7,46.2,51.6,52.1
2024-06-17 23:50:27.361,113,29.6,46.2,51.6,52.1
2024-06-18 00:20:27.365,113,29.5,46.2,51.6,52.1
2024-06-18 00:50:26.600,113,,,,
2024-06-18 01:20:27.194,113,29.3,46.1,51.7,52.2
2024-06-18 01:50:27.212,113,29.2,46.1,51.7,52.2
2024-06-18 02:20:26.376,113,,,,
2024-06-18 02:50:27.370,113,29.1,46.1,51.7,52.2
2024-06-18 03:20:27.063,113,29.1,46.0,51.8,52.3
2024-06-18 03:50:26.367,113,,,,
2024-06-18 04:20:26.934,113,29.0,46.0,51.8,52.3
2024-06-18 04:50:26.917,113,28.9,46.0,51.8,52.3
2024-06-18 05:20:26.882,113,29.0,45.9,51.8,52.3
2024-06-18 05:50:26.841,113,29.0,45.7,51.8,52.3
2024-06-18 06:20:26.753,113,28.9,45.7,51.8,52.4
2024-06-18 06:50:26.740,113,28.9,45.6,51.8,52.4
2024-06-18 07:20:26.697,113,28.8,45.6,51.8,52.4
2024-06-18 08:20:26.593,113,28.8,45.5,51.8,52.4
2024-06-18 08:50:26.517,113,28.7,45.5,51.8,52.4
2024-06-18 09:20:26.177,113,28.7,45.4,51.8,52.4
2024-06-18 09:50:26.486,113,28.7,45.4,51.8,52.4
2024-06-18 10:20:26.416,113,28.7,45.3,51.7,52.4
2024-06-18 10:50:26.392,113,28.7,45.3,51.7,52.4
2024-06-18 11:20:26.355,113,28.6,45.1,51.7,52.4
2024-06-18 11:50:26.468,113,28.7,45.1,51.7,52.4
2024-06-18 12:20:26.209,113,28.8,44.9,51.7,52.5
2024-06-18 12:50:26.207,113,28.7,44.8,51.6,52.5
2024-06-18 13:20:26.113,113,28.7,44.5,51.6,52.5
2024-06-18 13:50:26.290,113,28.9,44.2,51.5,52.5
2024-06-18 14:20:25.769,113,29.1,44.0,51.4,52.5
2024-06-18 14:50:25.732,113,29.1,43.8,51.4,52.5
2024-06-18 15:20:25.988,113,29.1,43.6,51.3,52.5
2024-06-18 15:50:25.266,113,,,,
2024-06-18 16:20:25.373,113,29.2,43.3,51.2,52.5
2024-06-18 16:50:25.873,113,29.2,43.1,51.1,52.5
2024-06-18 17:20:25.777,113,29.3,43.0,51.0,52.5
2024-06-18 17:50:25.957,113,29.2,43.0,51.0,52.5
2024-06-18 18:20:25.729,113,29.2,42.9,51.0,52.5
2024-06-18 18:50:25.885,113,29.1,42.9,51.0,52.5
2024-06-18 19:20:25.839,113,29.1,42.8,51.0,52.5
2024-06-18 19:50:25.790,113,29.1,42.8,51.0,52.5
2024-06-18 20:50:25.502,113,28.9,42.9,51.0,52.5
2024-06-18 21:20:25.425,113,28.9,42.9,51.0,52.5
2024-06-18 21:50:25.442,113,28.9,42.9,51.0,52.6
2024-06-18 22:20:25.392,113,28.7,42.9,51.0,52.6
2024-06-18 22:50:25.366,113,28.6,42.9,51.0,52.6
2024-06-18 23:20:25.295,113,28.5,42.9,51.0,52.6
2024-06-18 23:50:24.653,113,,,,
2024-06-19 00:20:25.149,113,28.4,42.9,51.0,52.6
2024-06-19 00:50:25.360,113,28.3,42.8,51.0,52.6
2024-06-19 01:20:25.105,113,28.4,42.8,51.0,52.6
2024-06-19 01:50:25.059,113,28.3,42.8,51.0,52.6
2024-06-19 02:20:25.018,113,28.4,42.8,51.0,52.6
2024-06-19 02:50:24.969,113,28.2,42.8,51.0,52.6
2024-06-19 03:20:24.926,113,28.2,42.7,51.0,52.7
2024-06-19 03:50:24.823,113,28.2,42.7,50.9,52.7
2024-06-19 04:20:24.280,113,28.1,42.7,50.9,52.7
2024-06-19 04:50:23.887,113,,,,
2024-06-19 05:20:24.037,113,,,,
2024-06-19 06:20:24.600,113,28.0,42.6,50.8,52.7
2024-06-19 06:50:24.608,113,28.0,42.6,50.8,52.7
2024-06-19 07:20:24.575,113,28.0,42.6,50.8,52.7
2024-06-19 07:50:24.085,113,28.0,42.5,50.8,52.7
2024-06-19 08:20:24.456,113,28.0,42.5,50.8,52.7
2024-06-19 08:50:24.112,113,28.0,42.4,50.8,52.7
2024-06-19 09:20:24.375,113,28.0,42.4,50.7,52.7
2024-06-19 09:50:24.021,113,28.0,42.3,50.7,52.7
2024-06-19 10:20:23.974,113,28.0,42.2,50.7,52.7
2024-06-19 10:50:24.248,113,28.0,42.1,50.6,52.7
2024-06-19 11:20:24.215,113,28.0,41.9,50.5,52.7
2024-06-19 11:50:23.484,113,,,,
2024-06-19 12:50:24.081,113,28.4,41.4,50.2,52.6
2024-06-19 13:20:24.064,113,28.5,41.2,50.1,52.6
2024-06-19 13:50:24.023,113,28.6,41.1,50.0,52.6
2024-06-19 14:20:23.983,113,28.5,41.0,50.0,52.6
2024-06-19 14:50:23.947,113,28.6,40.8,49.8,52.5
2024-06-19 15:20:23.910,113,28.6,40.6,49.7,52.4
2024-06-19 15:50:23.872,113,28.6,40.4,49.6,52.2
2024-06-19 16:20:23.841,113,28.6,40.2,49.5,52.1
2024-06-19 17:20:23.921,113,28.5,39.8,49.4,52.0
2024-06-19 17:50:23.729,113,28.4,39.7,49.3,51.9
2024-06-19 18:20:23.639,113,28.4,39.6,49.2,51.9
2024-06-19 18:50:23.648,113,28.2,39.5,49.2,51.9
2024-06-19 19:20:23.304,113,28.0,39.5,49.1,51.9
2024-06-19 19:50:23.578,113,27.9,39.4,49.1,51.9
2024-06-19 20:20:23.501,113,27.8,39.1,49.1,51.9
2024-06-19 20:50:23.477,113,27.7,39.1,49.1,51.9
2024-06-19 21:20:23.410,113,27.6,39.0,49.2,51.9
2024-06-19 21:50:23.411,113,27.5,39.0,49.2,51.9
2024-06-19 22:20:23.366,113,27.4,39.0,49.3,51.9
2024-06-19 22:50:23.312,113,27.3,39.0,49.3,52.0
2024-06-19 23:20:23.281,113,27.1,39.0,49.3,52.0
2024-06-19 23:50:23.223,113,27.1,38.9,49.3,52.0
2024-06-20 00:20:23.164,113,27.0,38.9,49.4,52.0
2024-06-20 00:50:23.113,113,26.9,38.9,49.4,52.0
2024-06-20 01:20:23.083,113,26.8,38.9,49.4,52.0
2024-06-20 01:50:23.027,113,26.7,38.9,49.4,52.0
2024-06-20 02:20:22.572,113,26.6,38.8,49.4,52.0
2024-06-20 03:20:22.869,113,26.5,38.8,49.4,52.0
2024-06-20 03:50:22.513,113,26.4,38.7,49.4,52.0
2024-06-20 04:20:22.807,113,26.4,38.7,49.4,52.0
2024-06-20 04:50:22.766,113,26.3,38.7,49.4,52.0
2024-06-20 05:20:22.693,113,26.2,38.6,49.4,52.0
2024-06-20 05:50:22.673,113,26.2,38.6,49.4,52.0
2024-06-20 06:20:22.639,113,26.1,38.6,49.4,52.0
2024-06-20 06:50:22.597,113,26.1,38.5,49.4,52.0
2024-06-20 07:50:22.425,113,26.0,38.4,49.4,52.0
2024-06-20 08:20:22.444,113,26.0,38.4,49.3,52.0
2024-06-20 08:50:22.402,113,25.9,38.2,49.3,52.0
2024-06-20 09:20:21.813,113,25.9,38.1,49.2,52.0
2024-06-20 09:50:22.291,113,26.0,37.9,49.1,52.0
2024-06-20 10:50:22.225,113,26.0,37.6,48.9,52.0
2024-06-20 11:20:21.856,113,26.0,37.5,48.7,52.0
2024-06-20 11:50:22.167,113,26.1,37.4,48.6,52.0
2024-06-20 12:20:22.300,113,26.2,37.1,48.4,52.0
2024-06-20 12:50:22.096,113,26.3,36.9,48.3,52.0
2024-06-20 13:20:21.390,113,,,,
2024-06-20 13:50:22.025,113,26.5,36.7,48.0,52.0
2024-06-20 14:20:22.003,113,26.5,36.5,47.8,52.0
2024-06-20 14:50:21.396,113,26.2,36.4,47.7,52.0
2024-06-20 15:20:21.233,113,,,,
2024-06-20 15:50:21.887,113,26.0,36.1,47.4,52.0
2024-06-20 16:50:21.236,113,25.6,35.8,47.1,51.9
2024-06-20 17:20:21.461,113,25.3,35.7,47.0,51.9
2024-06-20 17:50:21.737,113,25.2,35.5,46.9,51.8
2024-06-20 18:20:21.711,113,25.1,35.5,46.8,51.8
2024-06-20 18:50:21.219,113,25.0,35.4,46.7,51.8
2024-06-20 19:20:21.636,113,25.0,35.4,46.6,51.8
2024-06-20 20:20:21.504,113,24.8,35.4,46.6,51.8
2024-06-20 20:50:21.523,113,24.7,35.4,46.7,51.8
2024-06-20 21:20:21.482,113,24.6,35.4,46.7,51.8
2024-06-20 21:50:21.392,113,24.5,35.5,46.8,51.9
2024-06-20 22:20:21.387,113,24.4,35.5,46.9,51.9
2024-06-20 22:50:21.376,113,24.2,35.5,46.9,51.9
2024-06-20 23:20:21.299,113,24.2,35.5,46.9,51.9
2024-06-20 23:50:21.249,113,24.1,35.5,47.0,51.9
2024-06-21 00:20:21.212,113,24.0,35.4,47.0,51.9
2024-06-21 00:50:21.160,113,23.9,35.4,47.0,52.0
2024-06-21 01:20:21.105,113,23.8,35.4,47.1,52.0
2024-06-21 01:50:21.058,113,23.8,35.4,47.1,52.0
2024-06-21 02:20:21.027,113,23.7,35.3,47.1,52.0
2024-06-21 02:50:21.153,113,23.7,35.3,47.1,52.0
2024-06-21 03:20:20.513,113,23.6,35.2,47.2,52.0
2024-06-21 03:50:20.897,113,23.5,35.2,47.2,52.0
2024-06-21 04:20:20.840,113,23.5,35.1,47.2,52.0
2024-06-21 04:50:20.737,113,23.4,35.1,47.2,52.1
2024-06-21 05:20:20.749,113,23.4,35.0,47.2,52.1
2024-06-21 05:50:20.694,113,23.4,35.0,47.2,52.1
2024-06-21 06:20:20.660,113,23.4,35.0,47.2,52.1
2024-06-21 06:50:20.569,113,23.3,34.9,47.2,52.1
2024-06-21 07:20:20.586,113,23.3,34.9,47.2,52.1
2024-06-21 07:50:20.547,113,23.3,34.9,47.2,52.1
2024-06-21 08:20:20.472,113,23.3,34.8,47.2,52.1
2024-06-21 08:50:20.440,113,23.3,34.7,47.1,52.0
2024-06-21 09:20:20.392,113,23.2,34.6,46.9,52.0
2024-06-21 09:50:20.384,113,23.2,34.4,46.7,52.0
2024-06-21 10:20:20.359,113,23.3,34.2,46.6,52.0
2024-06-21 10:50:20.295,113,23.3,34.1,46.4,52.0
2024-06-21 11:20:20.231,113,23.3,33.9,46.2,51.9
2024-06-21 11:50:20.223,113,23.4,33.8,46.0,51.9
2024-06-21 12:20:20.195,113,23.4,33.6,45.8,51.9
2024-06-21 12:50:20.129,113,23.5,33.5,45.7,51.8
2024-06-21 13:20:20.095,113,23.6,33.4,45.6,51.8
2024-06-21 13:50:20.101,113,23.7,33.3,45.4,51.7
2024-06-21 14:20:20.066,113,23.7,33.3,45.3,51.6
2024-06-21 14:50:19.481,113,23.8,33.2,45.1,51.6
2024-06-21 15:20:19.997,113,23.7,33.1,44.9,51.5
2024-06-21 15:50:19.910,113,23.7,33.0,44.8,51.4
2024-06-21 16:20:19.913,113,23.5,32.9,44.7,51.4
2024-06-21 16:50:20.042,113,23.4,32.9,44.6,51.3
2024-06-21 17:20:19.840,113,23.4,32.8,44.4,51.3
2024-06-21 17:50:19.502,113,23.3,32.8,44.4,51.2
2024-06-21 18:20:19.761,113,23.2,32.7,44.3,51.2
2024-06-21 18:50:19.711,113,23.1,32.7,44.2,51.2
2024-06-21 19:20:19.690,113,23.0,32.8,44.2,51.2
2024-06-21 19:50:19.636,113,23.0,32.8,44.2,51.1
2024-06-21 20:20:19.575,113,22.9,32.8,44.2,51.1
2024-06-21 20:50:19.576,113,22.7,32.8,44.2,51.1
2024-06-21 21:20:19.480,113,22.6,32.9,44.3,51.2
2024-06-21 21:50:19.474,113,22.5,32.9,44.3,51.2
2024-06-21 22:20:19.393,113,22.4,32.9,44.4,51.2
2024-06-21 22:50:19.380,113,22.3,32.8,44.4,51.2
2024-06-21 23:20:19.379,113,22.1,32.8,44.4,51.3
2024-06-21 23:50:19.272,113,22.1,32.3,44.5,51.3
2024-06-22 00:20:19.244,113,22.0,32.3,44.5,51.3
2024-06-22 00:50:18.651,113,21.9,32.2,44.5,51.3
2024-06-22 01:20:19.157,113,21.8,32.1,44.5,51.3
2024-06-22 01:50:19.061,113,21.7,32.1,44.6,51.3
2024-06-22 02:20:19.060,113,21.7,32.0,44.6,51.3
2024-06-22 02:50:18.710,113,21.6,32.0,44.6,51.3
2024-06-22 03:20:18.946,113,21.6,31.9,44.6,51.3
2024-06-22 03:50:18.944,113,,,,
2024-06-22 04:50:18.821,113,21.5,31.8,44.7,51.3
2024-06-22 05:20:18.952,113,21.4,31.7,44.7,51.2
2024-06-22 05:50:18.716,113,21.4,31.7,44.7,51.2
2024-06-22 06:20:18.714,113,21.4,31.6,44.7,51.2
2024-06-22 06:50:18.656,113,21.3,31.6,44.7,51.2
2024-06-22 07:20:18.612,113,21.2,31.6,44.7,51.2
2024-06-22 07:50:18.571,113,21.2,31.5,44.6,51.2
2024-06-22 08:20:18.538,113,21.2,31.5,44.6,51.2
2024-06-22 08:50:18.474,113,21.3,31.4,44.5,51.2
2024-06-22 09:20:18.606,113,21.2,31.3,44.4,51.1
2024-06-22 09:50:18.393,113,21.2,31.2,44.2,51.1
2024-06-22 10:20:18.368,113,21.2,31.1,44.1,51.1
2024-06-22 10:50:18.297,113,21.2,31.0,43.9,51.0
2024-06-22 11:20:18.464,113,21.3,30.8,43.8,51.0
2024-06-22 11:50:18.241,113,21.3,30.7,43.6,51.0
2024-06-22 12:20:17.489,113,,,,
2024-06-22 12:50:18.178,113,21.5,30.6,43.3,50.9
2024-06-22 13:20:18.078,113,21.6,30.5,43.2,50.9
2024-06-22 13:50:18.067,113,21.7,30.5,43.1,50.8
2024-06-22 14:20:18.050,113,21.8,30.4,42.9,50.7
2024-06-22 14:50:18.026,113,21.8,30.4,42.8,50.7
2024-06-22 15:20:17.968,113,21.8,30.3,42.7,50.6
2024-06-22 15:50:17.600,113,21.8,30.2,42.5,50.5
2024-06-22 16:20:17.896,113,21.8,30.2,42.4,50.5
2024-06-22 16:50:17.868,113,21.8,30.2,42.3,50.4
2024-06-22 17:20:17.272,113,21.7,30.1,42.2,50.4
2024-06-22 17:50:17.961,113,21.7,30.1,42.1,50.4
2024-06-22 18:20:17.755,113,21.6,30.1,42.1,50.3
2024-06-22 18:50:17.703,113,21.6,30.2,42.0,50.3
2024-06-22 19:20:17.106,113,21.5,30.2,42.0,50.3
2024-06-22 19:50:17.625,113,21.4,30.2,42.0,50.3
2024-06-22 20:20:17.542,113,21.3,30.2,42.0,50.3
2024-06-22 20:50:17.531,113,21.2,30.2,42.0,50.3
2024-06-22 21:20:17.494,113,21.2,30.2,42.0,50.3
2024-06-22 21:50:17.446,113,21.1,30.2,42.1,50.3
2024-06-22 22:20:17.404,113,21.0,30.2,42.1,50.3
2024-06-22 22:50:17.370,113,20.9,30.2,42.1,50.3
2024-06-22 23:20:16.994,113,20.8,30.1,42.1,50.4
2024-06-22 23:50:16.962,113,20.8,30.1,42.2,50.4
2024-06-23 00:20:16.662,113,20.8,30.1,42.2,50.4
2024-06-23 00:50:17.131,113,20.8,30.1,42.2,50.4
2024-06-23 01:20:17.108,113,20.7,30.0,42.2,50.4
2024-06-23 01:50:17.076,113,20.6,30.0,42.2,50.4
2024-06-23 02:20:16.994,113,20.7,30.0,42.2,50.4
2024-06-23 02:50:16.991,113,20.6,30.0,42.2,50.4
2024-06-23 03:20:16.891,113,20.5,29.9,42.2,50.4
2024-06-23 03:50:17.024,113,20.5,29.9,42.2,50.5
2024-06-23 04:20:16.791,113,26.5,36.5,45.4,52.3
2024-06-23 04:50:16.789,113,25.7,36.4,46.3,52.6
2024-06-23 05:20:16.760,113,26.2,36.6,46.6,52.7
2024-06-23 05:50:16.865,113,26.3,36.5,46.6,52.7
2024-06-23 06:20:16.649,113,26.3,36.5,46.6,52.7
2024-06-23 06:50:16.625,113,26.3,36.5,46.7,52.7
2024-06-23 07:20:16.543,113,26.2,36.5,46.7,52.7
2024-06-23 07:50:16.542,113,,,,
2024-06-23 08:20:16.492,113,26.2,36.5,46.7,52.7
2024-06-23 09:20:16.374,113,26.2,36.5,46.7,52.7
2024-06-23 09:50:16.365,113,26.3,36.5,46.7,52.7
2024-06-23 10:20:15.754,113,26.3,36.5,46.7,52.6
2024-06-23 10:50:16.256,113,26.3,36.4,46.6,52.6
2024-06-23 11:20:16.213,113,26.4,36.3,46.5,52.6
2024-06-23 11:50:15.624,113,26.4,36.2,46.4,52.6
2024-06-23 12:20:16.096,113,26.5,36.2,46.3,52.6
2024-06-23 12:50:15.782,113,26.5,36.1,46.3,52.6
2024-06-23 13:20:15.369,113,,,,
2024-06-23 13:50:15.948,113,26.6,35.9,46.1,52.5
2024-06-23 14:20:15.942,113,26.7,35.8,46.0,52.5
2024-06-23 14:50:15.378,113,26.7,35.6,45.9,52.4
2024-06-23 15:20:15.867,113,26.8,35.5,45.8,52.3
2024-06-23 15:50:15.826,113,26.9,35.5,45.8,52.3
2024-06-23 16:20:15.220,113,26.8,35.5,45.7,52.2
2024-06-23 16:50:15.738,113,26.8,35.4,45.6,52.1
2024-06-23 17:20:15.690,113,26.8,35.4,45.6,52.1
2024-06-23 17:50:15.642,113,26.7,35.4,45.5,52.1
2024-06-23 18:20:15.604,113,26.7,35.4,45.5,52.0
2024-06-23 18:50:15.553,113,26.6,35.3,45.4,52.0
2024-06-23 19:20:15.692,113,26.5,35.3,45.4,51.9
2024-06-23 19:50:15.468,113,26.4,35.3,45.4,51.9
2024-06-23 20:20:15.436,113,26.3,35.3,45.4,51.9
2024-06-23 20:50:15.376,113,26.3,35.2,45.4,51.9
2024-06-23 21:20:15.384,113,26.1,35.2,45.4,51.9
2024-06-23 21:50:15.273,113,26.1,35.2,45.4,51.9
2024-06-23 22:20:14.683,113,26.0,35.2,45.5,51.9
2024-06-23 22:50:15.204,113,25.9,35.1,45.5,52.0
2024-06-23 23:20:15.157,113,25.8,35.1,45.5,52.0
2024-06-23 23:50:15.068,113,25.7,35.0,45.5,52.0
2024-06-24 00:20:14.756,113,25.7,34.9,45.5,52.0
2024-06-24 00:50:14.719,113,25.6,34.8,45.5,52.0
2024-06-24 01:20:14.946,113,25.5,34.8,45.5,52.1
2024-06-24 01:50:14.637,113,25.4,34.7,45.5,52.1
2024-06-24 02:20:14.580,113,25.4,34.7,45.5,52.1
2024-06-24 02:50:14.871,113,25.3,34.6,45.5,52.1
2024-06-24 03:20:14.828,113,25.2,34.5,45.5,52.1
2024-06-24 03:50:14.776,113,25.2,34.5,45.5,52.1
2024-06-24 04:20:14.756,113,25.1,34.4,45.5,52.1
2024-06-24 04:50:14.006,113,,,,
2024-06-24 05:20:14.671,113,25.1,34.3,45.5,52.2
2024-06-24 05:50:14.628,113,25.0,34.3,45.5,52.2
2024-06-24 06:20:14.582,113,25.0,34.2,45.5,52.2
2024-06-24 06:50:13.982,113,25.0,34.2,45.5,52.2
2024-06-24 07:20:14.145,113,25.0,34.1,45.5,52.2
2024-06-24 07:50:14.458,113,24.9,34.1,45.5,52.2
2024-06-24 08:20:14.396,113,24.9,34.0,45.5,52.3
2024-06-24 08:50:13.696,113,,,,
2024-06-24 09:20:14.340,113,25.0,33.9,45.4,52.3
2024-06-24 09:50:14.291,113,25.0,33.9,45.4,52.3
2024-06-24 10:20:14.212,113,25.0,33.8,45.3,52.2
2024-06-24 10:50:14.203,113,25.1,33.8,45.2,52.2
2024-06-24 11:20:14.165,113,25.1,33.8,45.1,52.2
2024-06-24 11:50:14.141,113,25.3,33.7,45.0,52.1
2024-06-24 12:20:14.089,113,25.4,33.7,44.9,52.0
2024-06-24 13:20:14.025,113,25.8,33.7,44.7,51.9
2024-06-24 13:50:14.159,113,25.9,33.7,44.6,51.9
2024-06-24 14:20:13.933,113,26.1,33.6,44.5,51.8
2024-06-24 14:50:13.884,113,26.2,33.6,44.4,51.7
2024-06-24 15:20:13.863,113,26.3,33.6,44.3,51.6
2024-06-24 15:50:13.812,113,26.3,33.6,44.3,51.5
2024-06-24 16:20:13.786,113,26.3,33.6,44.2,51.4
2024-06-24 16:50:13.742,113,26.3,33.6,44.1,51.3
2024-06-24 17:20:13.693,113,26.3,33.6,44.1,51.3
2024-06-24 17:50:13.352,113,26.3,33.6,44.0,51.2
2024-06-24 18:20:13.611,113,26.3,33.6,44.0,51.1
2024-06-24 18:50:13.267,113,26.2,33.6,44.0,51.1
2024-06-24 19:20:13.534,113,26.1,33.6,43.9,51.0
2024-06-24 19:50:13.494,113,26.0,33.6,43.9,51.0
2024-06-24 20:20:13.463,113,25.9,33.6,44.0,51.0
2024-06-24 20:50:13.390,113,25.9,33.6,44.0,51.0
2024-06-24 21:20:13.374,113,25.7,33.6,44.0,51.0
2024-06-24 21:50:13.308,113,25.6,33.6,44.0,51.0
2024-06-24 22:20:13.274,113,25.6,33.5,44.0,51.1
2024-06-24 23:20:13.164,113,25.3,33.5,44.0,51.1
2024-06-24 23:50:13.131,113,25.2,33.4,44.0,51.1
2024-06-25 00:20:13.040,113,25.1,33.4,44.0,51.1
2024-06-25 00:50:12.976,113,25.0,33.3,44.1,51.2
2024-06-25 01:20:13.001,113,25.0,33.3,44.1,51.2
2024-06-25 01:50:12.642,113,24.9,33.3,44.1,51.2
2024-06-25 02:20:12.889,113,24.8,33.3,44.1,51.2
2024-06-25 02:50:12.311,113,24.7,33.2,44.1,51.2
2024-06-25 03:20:13.002,113,24.7,33.2,44.1,51.2
2024-06-25 03:50:12.769,113,24.6,33.2,44.1,51.2
2024-06-25 04:20:12.732,113,24.6,33.2,44.1,51.2
2024-06-25 04:50:12.687,113,24.5,33.1,44.1,51.2
2024-06-25 05:20:12.594,113,24.5,33.1,44.1,51.3
2024-06-25 05:50:12.596,113,24.4,33.1,44.1,51.3
2024-06-25 06:20:12.542,113,24.4,33.0,44.1,51.3
2024-06-25 06:50:12.639,113,24.4,33.0,44.1,51.3
2024-06-25 07:20:12.455,113,24.3,33.0,44.0,51.3
2024-06-25 07:50:12.408,113,24.4,32.9,44.0,51.3
2024-06-25 08:20:12.357,113,24.3,32.9,44.0,51.3
2024-06-25 08:50:11.767,113,24.2,32.9,43.9,51.2
2024-06-25 09:20:12.309,113,24.2,32.8,43.9,51.2
2024-06-25 09:50:11.905,113,24.2,32.8,43.8,51.2
2024-06-25 10:20:11.893,113,24.3,32.8,43.8,51.1
2024-06-25 10:50:11.584,113,24.2,32.7,43.8,51.1
2024-06-25 11:20:12.053,113,24.2,32.7,43.7,51.1
2024-06-25 11:50:11.999,113,24.2,32.7,43.7,51.1
2024-06-25 12:20:11.676,113,24.2,32.7,43.7,51.1
2024-06-25 12:50:11.957,113,24.1,32.7,43.7,51.1
2024-06-25 13:20:12.084,113,24.1,32.7,43.7,51.1
2024-06-25 13:50:11.867,113,24.1,32.7,43.7,51.1
2024-06-25 14:20:12.001,113,24.1,32.7,43.7,51.0
2024-06-25 14:50:11.782,113,24.0,32.6,43.6,51.0
2024-06-25 15:20:11.730,113,24.0,32.6,43.6,51.0
2024-06-25 15:50:11.688,113,24.0,32.6,43.6,51.0
2024-06-25 16:20:11.637,113,23.9,32.6,43.5,51.0
2024-06-25 16:50:11.545,113,23.9,32.5,43.5,51.0
2024-06-25 17:20:11.546,113,23.9,32.5,43.5,50.9
2024-06-25 17:50:11.494,113,23.9,32.5,43.5,50.9
2024-06-25 18:20:11.458,113,24.0,32.5,43.4,50.9
2024-06-25 18:50:11.376,113,24.0,32.5,43.4,50.9
2024-06-25 19:20:11.383,113,24.0,32.5,43.4,50.9
2024-06-25 19:50:11.319,113,24.0,32.5,43.4,50.9
2024-06-25 20:50:11.215,113,24.0,32.5,43.4,50.8
2024-06-25 21:20:10.627,113,24.0,32.5,43.4,50.8
2024-06-25 21:50:11.122,113,23.9,32.5,43.4,50.8
2024-06-25 22:20:11.085,113,23.9,32.5,43.4,50.8
2024-06-25 22:50:11.188,113,23.9,32.5,43.4,50.8
2024-06-25 23:20:10.964,113,23.8,32.4,43.4,50.8
2024-06-25 23:50:10.959,113,23.8,32.4,43.3,50.9
2024-06-26 00:20:11.067,113,23.7,32.4,43.3,50.9
2024-06-26 00:50:11.058,113,23.7,32.4,43.3,50.9
2024-06-26 01:20:10.801,113,23.7,32.3,43.3,50.8
2024-06-26 01:50:10.431,113,23.6,32.3,43.3,50.9
2024-06-26 02:20:10.725,113,23.6,32.3,43.3,50.8
2024-06-26 02:50:10.686,113,23.6,32.3,43.3,50.9
2024-06-26 03:20:10.092,113,23.6,32.2,43.3,50.9
2024-06-26 03:50:10.591,113,23.6,32.2,43.3,50.8
2024-06-26 04:20:10.549,113,23.5,32.2,43.3,50.8
2024-06-26 04:50:10.523,113,23.5,32.2,43.3,50.8
2024-06-26 05:20:10.459,113,23.5,32.2,43.3,50.8
2024-06-26 05:50:10.429,113,,,,
2024-06-26 06:20:09.687,113,,,,
2024-06-26 06:50:09.781,113,23.4,32.1,43.2,50.8
2024-06-26 07:50:09.932,113,23.4,32.0,43.2,50.8
2024-06-26 08:20:10.200,113,23.4,32.0,43.2,50.8
2024-06-26 08:50:10.149,113,23.4,32.0,43.2,50.8
2024-06-26 09:20:10.098,113,23.4,32.0,43.2,50.8
2024-06-26 09:50:09.783,113,23.4,32.0,43.2,50.8
2024-06-26 10:20:10.176,113,23.5,32.0,43.1,50.8
2024-06-26 10:50:09.421,113,23.5,32.0,43.1,50.7
2024-06-26 11:20:09.928,113,23.5,32.0,43.1,50.7
2024-06-26 11:50:09.874,113,23.6,32.0,43.1,50.7
2024-06-26 12:20:09.835,113,23.6,32.0,43.1,50.7
2024-06-26 12:50:09.752,113,23.7,32.0,43.1,50.7
2024-06-26 13:20:09.735,113,23.7,32.0,43.1,50.7
2024-06-26 13:50:09.699,113,23.7,32.0,43.1,50.7
2024-06-26 14:20:09.664,113,23.8,32.0,43.0,50.7
2024-06-26 14:50:09.059,113,23.8,32.0,43.0,50.6
2024-06-26 15:20:09.255,113,23.8,32.0,43.0,50.6
2024-06-26 15:50:09.494,113,23.8,32.0,42.9,50.6
2024-06-26 16:20:09.475,113,23.8,32.0,42.9,50.6
2024-06-26 16:50:09.423,113,23.8,32.0,42.8,50.5
2024-06-26 17:20:09.405,113,23.9,32.0,42.8,50.4
2024-06-26 17:50:09.377,113,23.9,32.0,42.8,50.4
2024-06-26 18:20:09.294,113,24.0,32.0,42.7,50.3
2024-06-26 18:50:09.425,113,24.0,32.0,42.7,50.3
2024-06-26 19:20:09.218,113,24.0,32.0,42.7,50.2
2024-06-26 19:50:09.155,113,24.1,32.0,42.7,50.2
2024-06-26 20:20:09.105,113,24.1,32.0,42.7,50.2
2024-06-26 20:50:08.539,113,24.0,31.9,42.7,50.2
2024-06-26 21:20:09.048,113,24.0,32.0,42.7,50.2
2024-06-26 21:50:09.006,113,24.0,32.0,42.7,50.2
2024-06-26 22:20:08.967,113,23.9,31.9,42.7,50.2
2024-06-26 22:50:08.910,113,23.9,31.9,42.7,50.2
2024-06-26 23:20:08.821,113,23.8,31.9,42.7,50.2
2024-06-26 23:50:08.957,113,23.8,31.9,42.7,50.2
2024-06-27 00:20:08.756,113,23.7,31.9,42.7,50.2
2024-06-27 00:50:08.436,113,23.7,31.8,42.7,50.2
2024-06-27 01:20:08.694,113,23.6,31.8,42.7,50.2
2024-06-27 01:50:08.830,113,23.6,31.8,42.7,50.2
2024-06-27 02:20:08.619,113,23.5,31.8,42.7,50.2
2024-06-27 02:50:08.562,113,23.5,31.7,42.7,50.2
2024-06-27 03:20:07.844,113,,,,
2024-06-27 03:50:08.482,113,23.4,31.7,42.7,50.2
2024-06-27 04:20:08.438,113,23.3,31.7,42.7,50.2
2024-06-27 04:50:08.098,113,23.3,31.6,42.7,50.2
2024-06-27 05:20:08.375,113,23.3,31.6,42.7,50.2
2024-06-27 05:50:08.504,113,23.2,31.6,42.6,50.2
2024-06-27 06:20:08.296,113,23.2,31.5,42.6,50.2
2024-06-27 06:50:08.228,113,23.1,31.5,42.6,50.2
2024-06-27 07:20:08.200,113,23.1,31.5,42.6,50.2
2024-06-27 07:50:08.157,113,23.1,31.5,42.6,50.2
2024-06-27 08:50:08.033,113,23.1,31.4,42.5,50.2
2024-06-27 09:20:08.047,113,23.1,31.4,42.5,50.2
2024-06-27 09:50:07.971,113,,,,
2024-06-27 10:20:07.941,113,23.1,31.4,42.4,50.1
2024-06-27 11:20:07.996,113,23.2,31.3,42.3,50.0
2024-06-27 11:50:07.794,113,23.2,31.3,42.2,50.0
2024-06-27 12:20:07.712,113,23.3,31.2,42.1,49.8
2024-06-27 12:50:07.692,113,23.4,31.2,42.1,49.8
2024-06-27 13:20:07.665,113,23.5,31.2,42.0,49.6
2024-06-27 13:50:07.271,113,23.6,31.2,41.9,49.5
2024-06-27 14:20:07.549,113,23.8,31.2,41.9,49.4
2024-06-27 14:50:07.522,113,23.9,31.2,41.8,49.3
2024-06-27 15:20:07.481,113,24.1,31.2,41.8,49.2
2024-06-27 15:50:07.615,113,24.1,31.3,41.7,49.1
2024-06-27 16:20:07.392,113,24.2,31.3,41.7,49.0
2024-06-27 16:50:06.999,113,24.2,31.3,41.7,48.9
2024-06-27 17:20:07.259,113,24.2,31.3,41.6,48.9
2024-06-27 17:50:07.247,113,24.2,31.4,41.6,48.8
2024-06-27 18:20:07.191,113,24.2,31.4,41.6,48.7
2024-06-27 18:50:07.179,113,24.1,31.4,41.6,48.7
2024-06-27 19:20:07.127,113,24.0,31.4,41.6,48.6
2024-06-27 19:50:07.066,113,23.9,31.4,41.6,48.6
2024-06-27 20:20:06.989,113,23.9,31.4,41.6,48.6
2024-06-27 20:50:06.977,113,23.8,31.4,41.6,48.6
2024-06-27 21:20:06.893,113,23.7,31.4,41.6,48.6
2024-06-27 21:50:06.852,113,23.6,31.4,41.6,48.6
2024-06-27 22:20:06.851,113,23.5,31.4,41.6,48.7
2024-06-27 22:50:06.772,113,23.4,31.4,41.6,48.7
2024-06-27 23:20:06.781,113,23.3,31.3,41.6,48.7
2024-06-27 23:50:06.735,113,23.2,31.3,41.6,48.7
2024-06-28 00:50:06.630,113,23.1,31.2,41.6,48.7
2024-06-28 01:20:06.617,113,23.0,31.2,41.6,48.7
2024-06-28 01:50:06.563,113,22.9,31.2,41.6,48.7
2024-06-28 02:20:06.228,113,22.9,31.1,41.6,48.7
2024-06-28 02:50:06.204,113,22.9,31.1,41.6,48.7
2024-06-28 03:20:06.409,113,22.8,31.0,41.6,48.7
2024-06-28 03:50:06.090,113,22.8,31.0,41.6,48.7
2024-06-28 04:20:06.387,113,22.7,31.0,41.6,48.7
2024-06-28 04:50:06.334,113,22.7,31.0,41.6,48.7
2024-06-28 05:20:05.991,113,22.7,30.9,41.6,48.7
2024-06-28 05:50:06.246,113,22.6,30.9,41.6,48.8
2024-06-28 06:20:06.213,113,22.6,30.9,41.6,48.7
2024-06-28 06:50:05.844,113,22.6,30.8,41.6,48.8
2024-06-28 07:20:06.078,113,22.6,30.8,41.6,48.7
2024-06-28 07:50:06.056,113,22.6,30.8,41.6,48.7
2024-06-28 08:20:06.032,113,22.7,30.8,41.6,48.7
2024-06-28 08:50:05.688,113,22.7,30.8,41.6,48.7
2024-06-28 09:20:05.655,113,22.7,30.7,41.6,48.7
2024-06-28 09:50:05.861,113,22.6,30.7,41.6,48.6
2024-06-28 10:20:05.843,113,22.6,30.7,41.5,48.6
2024-06-28 10:50:05.810,113,22.6,30.7,41.5,48.6
2024-06-28 11:20:05.770,113,22.6,30.7,41.5,48.6
2024-06-28 11:50:05.672,113,22.6,30.7,41.5,48.5
2024-06-28 12:20:05.668,113,22.8,30.6,41.4,48.5
2024-06-28 12:50:05.626,113,22.8,30.6,41.4,48.5
2024-06-28 13:20:05.576,113,22.8,30.6,41.4,48.4
2024-06-28 13:50:05.538,113,22.9,30.6,41.4,48.4
2024-06-28 14:20:05.498,113,22.9,30.6,41.3,48.3
2024-06-28 14:50:05.461,113,22.9,30.6,41.3,48.3
2024-06-28 15:20:04.850,113,22.9,30.6,41.3,48.2
2024-06-28 15:50:05.371,113,23.0,30.6,41.3,48.2
2024-06-28 16:20:05.322,113,22.9,30.6,41.2,48.1
2024-06-28 16:50:05.226,113,23.0,30.6,41.2,48.1
2024-06-28 17:20:05.257,113,23.0,30.6,41.2,48.0
2024-06-28 17:50:04.890,113,22.9,30.7,41.2,48.0
2024-06-28 18:20:05.160,113,22.9,30.7,41.2,48.0
2024-06-28 18:50:05.088,113,22.9,30.7,41.2,48.0
2024-06-28 19:20:05.068,113,22.9,30.7,41.2,48.0
2024-06-28 19:50:04.723,113,22.8,30.7,41.2,48.0
2024-06-28 20:20:04.977,113,22.8,30.7,41.2,48.0
2024-06-28 20:50:04.918,113,22.8,30.8,41.2,48.0
2024-06-28 21:20:05.063,113,22.7,30.8,41.2,48.0
2024-06-28 21:50:04.795,113,22.7,30.8,41.2,48.0
2024-06-28 22:20:04.776,113,22.6,30.7,41.2,48.0
2024-06-28 22:50:04.928,113,22.6,30.7,41.2,48.0
2024-06-28 23:20:04.387,113,22.6,30.7,41.2,48.0
2024-06-28 23:50:04.635,113,22.5,30.7,41.2,48.0
2024-06-29 00:20:04.607,113,22.5,30.7,41.2,48.0
2024-06-29 00:50:04.570,113,22.5,30.7,41.2,48.0
2024-06-29 01:20:04.234,113,22.5,30.7,41.2,48.0
2024-06-29 01:50:04.467,113,22.5,30.7,41.2,48.0
2024-06-29 02:50:04.384,113,22.5,30.7,41.1,48.1
2024-06-29 03:20:04.519,113,22.5,30.6,41.1,48.1
2024-06-29 03:50:04.281,113,22.5,30.6,41.1,48.1
2024-06-29 04:20:04.261,113,22.5,30.7,41.1,48.1
2024-06-29 04:50:04.149,113,22.5,30.6,41.1,48.1
2024-06-29 05:20:04.159,113,26.6,32.9,41.1,48.1
2024-06-29 05:50:04.061,113,27.3,37.2,42.6,48.3
2024-06-29 06:20:04.062,113,27.8,37.4,42.6,48.3
2024-06-29 06:50:03.705,113,30.6,38.8,43.3,48.6
2024-06-29 07:20:03.921,113,31.3,39.2,43.6,48.7
2024-06-29 07:50:03.926,113,,,,
2024-06-29 08:20:03.561,113,35.5,41.8,47.3,50.2
2024-06-29 08:50:03.833,113,41.2,44.0,47.2,51.4
2024-06-29 09:20:03.488,113,41.4,44.3,47.1,50.9
2024-06-29 09:50:03.740,113,41.5,44.5,47.1,50.7
2024-06-29 10:20:03.707,113,41.5,44.5,47.0,50.5
2024-06-29 10:50:03.655,113,41.6,44.6,47.0,50.4
2024-06-29 11:20:03.305,113,41.6,44.6,47.0,50.3
2024-06-29 11:50:03.566,113,41.6,44.7,47.0,50.2
2024-06-29 12:20:03.540,113,41.5,44.7,46.9,50.2
2024-06-29 12:50:03.483,113,41.3,44.7,46.9,50.1
2024-06-29 13:20:03.447,113,,,,
2024-06-29 13:50:03.389,113,41.1,44.7,46.9,50.0
2024-06-29 14:20:03.383,113,41.0,44.7,46.8,50.0
2024-06-29 14:50:03.313,113,40.9,44.7,46.8,50.0
2024-06-29 15:20:03.458,113,40.8,44.6,46.8,50.0
2024-06-29 15:50:03.192,113,40.7,44.6,46.8,50.0
2024-06-29 16:20:03.187,113,40.5,44.6,46.7,50.0
2024-06-29 16:50:03.123,113,40.3,44.6,46.7,50.0
2024-06-29 17:20:03.106,113,40.1,44.5,46.7,50.0
2024-06-29 17:50:03.214,113,40.0,44.5,46.7,50.0
2024-06-29 18:20:03.017,113,39.9,44.5,46.6,49.9
2024-06-29 18:50:02.653,113,39.8,44.5,46.6,50.0
2024-06-29 19:20:02.926,113,39.8,44.5,46.6,50.0
2024-06-29 19:50:02.898,113,39.7,44.4,46.7,50.0
2024-06-29 20:20:02.810,113,39.7,44.5,46.7,50.0
2024-06-29 20:50:02.802,113,39.7,44.4,46.7,50.0
2024-06-29 21:20:02.705,113,39.6,44.4,46.7,50.0
2024-06-29 21:50:02.711,113,39.5,44.4,46.7,50.0
2024-06-29 22:20:02.680,113,39.3,44.4,46.7,50.0
2024-06-29 22:50:02.570,113,39.1,44.4,46.7,50.0
2024-06-29 23:20:02.749,113,38.9,44.4,46.7,50.0
2024-06-29 23:50:02.513,113,38.8,44.3,46.7,50.0
2024-06-30 00:20:02.494,113,38.7,44.3,46.8,50.0
2024-06-30 00:50:02.466,113,38.6,44.3,46.8,50.0
2024-06-30 01:20:02.381,113,38.5,44.3,46.8,50.0
2024-06-30 02:20:02.252,113,38.3,44.2,46.8,50.0
2024-06-30 02:50:02.253,113,38.2,44.2,46.8,50.0
2024-06-30 03:20:02.383,113,38.1,44.2,46.8,50.0
2024-06-30 04:20:02.258,113,38.0,44.1,46.8,50.1
2024-06-30 04:50:02.256,113,37.8,44.1,46.8,50.1
2024-06-30 05:20:02.031,113,37.8,44.1,46.9,50.1
2024-06-30 05:50:01.988,113,37.7,44.1,46.9,50.1
2024-06-30 06:20:01.981,113,37.6,44.1,46.9,50.1
2024-06-30 06:50:01.919,113,37.5,44.1,46.9,50.1
2024-06-30 07:20:01.870,113,37.5,44.0,46.9,50.1
2024-06-30 07:50:01.830,113,37.4,44.0,46.9,50.1
2024-06-30 08:20:01.795,113,37.3,44.0,46.9,50.1
2024-06-30 08:50:01.425,113,37.2,44.0,46.9,50.1
2024-06-30 09:20:01.711,113,37.1,44.0,46.9,50.1
2024-06-30 09:50:01.653,113,37.0,44.0,46.8,50.1
2024-06-30 10:20:01.622,113,36.9,43.9,46.8,50.1
2024-06-30 10:50:01.560,113,36.8,43.9,46.8,50.1
2024-06-30 11:20:00.954,113,36.7,43.9,46.7,50.1
2024-06-30 12:20:00.849,113,36.4,43.8,46.7,50.0
2024-06-30 12:50:01.405,113,36.4,43.8,46.6,50.0
2024-06-30 13:20:01.345,113,36.3,43.7,46.6,50.0
2024-06-30 13:50:01.272,113,36.2,43.7,46.5,50.0
2024-06-30 14:20:01.247,113,36.2,43.7,46.5,50.0
2024-06-30 14:50:00.632,113,36.0,43.6,46.4,49.9
2024-06-30 15:20:01.125,113,35.9,43.6,46.4,49.9
2024-06-30 15:50:01.086,113,35.8,43.5,46.3,49.8
2024-06-30 16:20:00.748,113,35.6,43.5,46.3,49.8
2024-06-30 16:50:01.026,113,35.5,43.5,46.2,49.8
2024-06-30 17:20:00.961,113,35.3,43.4,46.2,49.7
2024-06-30 17:50:00.919,113,35.2,43.4,46.2,49.7
2024-06-30 18:20:00.529,113,35.0,43.4,46.2,49.7
2024-06-30 18:50:00.815,113,34.9,43.4,46.2,49.7
2024-06-30 19:20:00.778,113,34.7,43.4,46.1,49.7
2024-06-30 19:49:59.959,113,,,,
2024-06-30 20:20:00.707,113,34.5,43.4,46.2,49.6
2024-06-30 20:50:00.645,113,34.4,43.5,46.2,49.7
2024-06-30 21:20:00.619,113,34.3,43.4,46.2,49.7
2024-06-30 21:50:00.261,113,34.2,43.4,46.2,49.7
2024-06-30 22:19:59.979,113,34.2,43.4,46.2,49.7
2024-06-30 22:49:59.947,113,34.1,43.4,46.2,49.7
2024-06-30 23:20:00.476,113,34.0,43.4,46.2,49.7
2024-06-30 23:50:00.433,113,33.9,43.4,46.2,49.7
2024-07-01 00:20:00.404,113,33.8,43.4,46.2,49.7
2024-07-01 00:50:00.391,113,33.8,43.3,46.2,49.7
2024-07-01 01:20:00.389,113,33.7,43.3,46.2,49.7
2024-07-01 01:50:00.352,113,33.6,43.3,46.2,49.7
2024-07-01 02:19:59.745,113,33.5,43.3,46.2,49.7
2024-07-01 02:50:00.442,113,33.5,43.3,46.2,49.7
2024-07-01 03:20:00.244,113,33.4,43.2,46.2,49.7
2024-07-01 03:49:59.658,113,33.4,43.2,46.2,49.7
2024-07-01 04:19:59.892,113,33.3,43.2,46.2,49.7
2024-07-01 04:50:00.160,113,33.3,43.2,46.2,49.7
2024-07-01 05:19:59.787,113,33.3,43.1,46.2,49.7
2024-07-01 05:49:59.554,113,33.3,43.1,46.2,49.7
2024-07-01 06:20:00.087,113,33.2,43.1,46.2,49.7
2024-07-01 06:50:00.010,113,33.2,43.1,46.2,49.7
2024-07-01 07:20:00.018,113,33.2,43.1,46.1,49.7
2024-07-01 07:49:59.998,113,33.1,43.0,46.1,49.7
2024-07-01 08:19:59.931,113,33.1,43.0,46.1,49.7
2024-07-01 08:49:59.897,113,33.1,43.0,46.1,49.7
2024-07-01 09:19:59.836,113,33.1,43.0,46.1,49.7
2024-07-01 09:49:59.788,113,33.1,43.0,46.1,49.6
2024-07-01 10:19:59.775,113,33.1,43.0,46.0,49.6
2024-07-01 10:49:59.700,113,33.1,43.0,46.0,49.6
2024-07-01 11:19:59.376,113,33.1,43.0,45.9,49.5
2024-07-01 11:49:59.614,113,33.1,42.9,45.9,49.5
2024-07-01 12:19:59.712,113,33.1,42.9,45.8,49.5
2024-07-01 12:49:59.522,113,33.1,42.8,45.8,49.4
2024-07-01 13:19:59.511,113,33.1,43.0,45.8,49.4
2024-07-01 13:49:59.434,113,33.1,43.1,45.8,49.3
2024-07-01 14:19:59.411,113,33.1,43.0,45.8,49.3
2024-07-01 14:49:59.381,113,33.1,43.0,45.7,49.2
2024-07-01 15:19:59.294,113,33.1,43.0,45.7,49.2
2024-07-01 16:19:58.892,113,33.0,43.0,45.6,49.1
2024-07-01 16:49:58.735,113,32.9,43.0,45.6,49.0
2024-07-01 17:19:58.848,113,32.8,43.0,45.5,49.0
2024-07-01 17:49:59.057,113,32.7,43.0,45.5,49.0
2024-07-01 18:19:59.009,113,32.7,43.0,45.5,49.0
2024-07-01 18:49:58.981,113,32.6,43.0,45.5,48.9
2024-07-01 19:19:58.950,113,32.5,43.0,45.5,48.9
2024-07-01 19:49:58.852,113,32.4,43.0,45.5,48.9
2024-07-01 20:19:58.852,113,32.4,43.1,45.6,48.9
2024-07-01 20:49:58.800,113,32.3,43.1,45.6,48.9
2024-07-01 21:19:58.749,113,32.3,43.1,45.6,48.9
2024-07-01 21:49:58.702,113,32.2,43.1,45.6,48.9
2024-07-01 22:19:58.696,113,32.1,43.1,45.6,48.9
2024-07-01 22:49:58.645,113,32.0,43.1,45.6,48.9
2024-07-01 23:19:58.597,113,32.0,43.1,45.6,48.9
2024-07-01 23:49:58.256,113,31.9,43.0,45.6,49.0
2024-07-02 00:19:58.094,113,31.8,43.0,45.6,49.0
2024-07-02 00:49:57.885,113,,,,
2024-07-02 01:19:58.636,113,31.7,43.0,45.7,49.0
2024-07-02 01:49:58.385,113,31.7,43.0,45.7,49.0
2024-07-02 02:19:58.327,113,31.8,43.2,45.7,49.0
2024-07-02 02:49:58.325,113,31.8,43.1,45.7,49.0
2024-07-02 03:19:58.309,113,31.7,43.1,45.7,49.0
2024-07-02 03:49:58.249,113,31.7,43.1,45.7,49.0
2024-07-02 04:19:58.224,113,31.6,43.1,45.7,49.0
2024-07-02 04:49:58.179,113,31.7,43.1,45.7,49.0
2024-07-02 05:19:58.160,113,31.6,43.0,45.7,49.0
2024-07-02 05:49:58.115,113,31.6,43.0,45.7,49.0
2024-07-02 06:19:58.040,113,31.5,43.0,45.7,49.0
2024-07-02 06:49:58.036,113,31.4,43.0,45.7,49.0
2024-07-02 07:19:57.981,113,31.4,43.0,45.7,49.0
2024-07-02 07:49:57.954,113,31.4,43.0,45.7,49.0
2024-07-02 08:19:57.897,113,31.4,43.0,45.7,49.0
2024-07-02 08:49:58.050,113,31.4,43.0,45.7,48.9
2024-07-02 09:19:57.823,113,31.4,42.9,45.6,48.9
2024-07-02 09:49:57.772,113,31.3,42.9,45.6,48.9
2024-07-02 10:19:57.673,113,31.3,42.8,45.6,48.9
2024-07-02 10:49:57.675,113,31.3,42.8,45.5,48.8
2024-07-02 11:19:57.639,113,31.3,42.8,45.5,48.8
2024-07-02 11:49:57.595,113,31.3,42.7,45.5,48.8
2024-07-02 12:19:57.546,113,31.3,42.7,45.4,48.7
2024-07-02 12:49:57.506,113,31.3,42.6,45.4,48.7
2024-07-02 13:19:57.460,113,31.3,42.6,45.3,48.7
2024-07-02 13:49:57.437,113,31.3,42.5,45.3,48.6
2024-07-02 14:19:57.362,113,31.3,42.5,45.3,48.6
2024-07-02 14:49:57.354,113,31.3,42.5,45.2,48.5
2024-07-02 15:19:56.621,113,,,,
2024-07-02 15:49:57.255,113,31.6,42.6,45.2,48.5
2024-07-02 16:19:56.668,113,31.6,42.5,45.2,48.4
2024-07-02 16:49:56.852,113,31.6,42.5,45.1,48.4
2024-07-02 17:19:57.138,113,31.6,42.5,45.1,48.4
2024-07-02 17:49:57.045,113,31.6,42.5,45.1,48.3
2024-07-02 18:19:57.047,113,31.6,42.5,45.1,48.3
2024-07-02 18:49:56.980,113,31.5,42.5,45.1,48.3
2024-07-02 20:49:56.813,113,31.3,42.6,45.1,48.3
2024-07-02 23:49:56.498,113,31.0,42.6,45.2,48.3
2024-07-03 00:19:56.206,113,30.9,42.6,45.2,48.3
2024-07-03 00:49:56.457,113,30.8,42.6,45.2,48.3
2024-07-03 01:19:55.880,113,30.8,42.6,45.2,48.3
2024-07-03 01:49:56.379,113,30.9,42.5,45.2,48.3
2024-07-03 02:19:56.365,113,30.9,42.7,45.2,48.4
2024-07-03 02:49:56.310,113,31.0,42.7,45.3,48.4
2024-07-03 03:19:55.936,113,30.9,42.7,45.3,48.4
2024-07-03 03:49:56.191,113,30.9,42.7,45.3,48.4
2024-07-03 04:19:56.167,113,30.8,42.7,45.3,48.4
2024-07-03 04:49:56.111,113,30.8,42.7,45.3,48.4
2024-07-03 05:19:56.083,113,30.7,42.6,45.3,48.4
2024-07-03 05:49:56.036,113,30.7,42.7,45.3,48.4
2024-07-03 06:19:55.973,113,30.7,42.7,45.3,48.4
2024-07-03 06:49:55.913,113,30.7,42.7,45.3,48.4
2024-07-03 07:19:55.876,113,30.7,42.7,45.3,48.4
2024-07-03 07:49:55.811,113,30.7,42.6,45.3,48.4
2024-07-03 08:19:55.786,113,30.7,42.6,45.3,48.4
2024-07-03 08:49:55.729,113,30.8,42.6,45.3,48.4
2024-07-03 09:19:55.698,113,30.8,42.6,45.3,48.4
2024-07-03 09:49:55.831,113,30.7,42.6,45.3,48.4
2024-07-03 10:19:55.756,113,30.7,42.6,45.3,48.4
2024-07-03 10:49:55.572,113,30.7,42.6,45.3,48.4
2024-07-03 11:19:54.976,113,30.7,42.6,45.3,48.4
2024-07-03 11:49:55.169,113,30.7,42.5,45.2,48.3
2024-07-03 12:19:55.128,113,30.7,42.5,45.2,48.3
2024-07-03 12:49:55.401,113,30.7,42.5,45.2,48.3
2024-07-03 13:19:54.591,113,,,,
2024-07-03 13:49:55.336,113,30.8,42.5,45.2,48.3
2024-07-03 14:49:55.189,113,30.8,42.4,45.2,48.3
2024-07-03 15:19:55.382,113,30.9,42.5,45.2,48.3
2024-07-03 15:49:54.727,113,30.9,42.4,45.1,48.2
2024-07-03 16:19:54.421,113,,,,
2024-07-03 16:49:55.050,113,30.9,42.5,45.1,48.2
2024-07-03 17:19:55.041,113,30.9,42.4,45.1,48.2
2024-07-03 17:49:54.979,113,30.9,42.4,45.1,48.2
2024-07-03 18:19:54.388,113,30.9,42.4,45.1,48.2
2024-07-03 18:49:54.877,113,30.9,42.4,45.1,48.2
2024-07-03 19:19:54.868,113,30.9,42.5,45.1,48.2
2024-07-03 19:49:54.785,113,30.9,42.5,45.1,48.2
2024-07-03 20:19:54.730,113,30.9,42.5,45.1,48.2
2024-07-03 20:49:54.740,113,30.9,42.5,45.2,48.2
2024-07-03 21:19:54.683,113,30.9,42.5,45.2,48.2
2024-07-03 21:49:54.666,113,30.8,42.6,45.2,48.2
2024-07-03 22:19:54.293,113,30.8,42.6,45.2,48.2
2024-07-03 23:19:54.664,113,30.8,42.6,45.2,48.3
2024-07-03 23:49:54.626,113,30.7,42.6,45.2,48.3
2024-07-04 00:19:54.384,113,30.7,42.6,45.2,48.3
2024-07-04 01:19:53.736,113,30.6,42.6,45.3,48.3
2024-07-04 01:49:53.955,113,30.6,42.6,45.3,48.3
2024-07-04 02:19:54.242,113,30.6,42.6,45.3,48.3
2024-07-04 02:49:54.149,113,30.6,42.6,45.3,48.3
2024-07-04 03:19:54.150,113,30.6,42.6,45.3,48.3
2024-07-04 03:49:54.097,113,30.6,42.6,45.3,48.4
2024-07-04 04:19:54.058,113,30.5,42.6,45.3,48.4
2024-07-04 05:19:53.952,113,30.5,42.5,45.3,48.4
2024-07-04 05:49:53.942,113,30.5,42.5,45.3,48.4
2024-07-04 06:19:53.889,113,30.4,42.5,45.3,48.4
2024-07-04 06:49:53.818,113,30.4,42.5,45.4,48.4
2024-07-04 07:19:53.233,113,30.4,42.5,45.4,48.4
2024-07-04 07:49:53.751,113,30.4,42.5,45.4,48.4
2024-07-04 08:19:53.708,113,30.4,42.5,45.4,48.4
2024-07-04 08:49:53.641,113,30.4,42.5,45.4,48.4
2024-07-04 09:19:53.596,113,30.4,42.5,45.4,48.4
2024-07-04 10:19:52.813,113,,,,
2024-07-04 10:49:53.477,113,30.4,42.5,45.4,48.5
2024-07-04 11:19:53.409,113,30.4,42.5,45.4,48.5
2024-07-04 11:49:53.393,113,30.4,42.5,45.4,48.5
2024-07-04 12:19:53.312,113,30.4,42.5,45.4,48.5
2024-07-04 12:49:53.291,113,30.5,42.5,45.4,48.5
2024-07-04 13:19:53.270,113,30.5,42.5,45.4,48.5
2024-07-04 13:49:53.204,113,30.5,42.5,45.4,48.5
2024-07-04 14:19:53.150,113,30.5,42.5,45.4,48.5
2024-07-04 14:49:52.806,113,30.5,42.5,45.4,48.5
2024-07-04 15:19:53.047,113,30.5,42.5,45.4,48.5
2024-07-04 15:49:53.033,113,30.5,42.5,45.4,48.5
2024-07-04 16:19:52.956,113,30.5,42.5,45.4,48.5
2024-07-04 16:49:52.925,113,30.6,42.5,45.4,48.5
2024-07-04 17:19:52.879,113,30.6,42.5,45.4,48.5
2024-07-04 17:49:53.013,113,30.6,42.5,45.4,48.5
2024-07-04 18:19:52.806,113,30.5,42.5,45.4,48.5
2024-07-04 18:49:52.742,113,30.5,42.5,45.4,48.5
2024-07-04 19:19:52.693,113,30.5,42.5,45.4,48.5
2024-07-04 19:49:52.649,113,30.5,42.5,45.4,48.5
2024-07-04 20:19:52.566,113,30.5,42.5,45.4,48.5
2024-07-04 20:49:52.537,113,30.5,42.5,45.4,48.6
2024-07-04 21:19:52.208,113,30.5,42.5,45.4,48.6
2024-07-04 21:49:52.473,113,30.5,42.5,45.5,48.6
2024-07-04 22:19:52.430,113,30.4,42.5,45.5,48.6
2024-07-04 22:49:52.380,113,30.4,42.5,45.5,48.6
2024-07-04 23:19:52.371,113,30.4,42.5,45.5,48.6
2024-07-04 23:49:52.298,113,30.3,42.5,45.5,48.6
2024-07-05 00:19:52.248,113,30.3,42.5,45.5,48.6
2024-07-05 00:49:51.678,113,30.2,42.5,45.5,48.6
2024-07-05 01:19:52.183,113,30.2,42.5,45.5,48.6
2024-07-05 02:19:52.052,113,30.1,42.4,45.5,48.6
2024-07-05 02:49:52.063,113,30.1,42.4,45.5,48.6
2024-07-05 03:19:51.705,113,30.1,42.4,45.5,48.6
2024-07-05 03:49:52.143,113,30.0,42.4,45.5,48.6
2024-07-05 04:19:51.946,113,30.0,42.4,45.5,48.6
2024-07-05 04:49:51.847,113,30.0,42.4,45.5,48.7
2024-07-05 05:19:51.795,113,30.0,42.3,45.5,48.7
2024-07-05 05:49:51.801,113,30.0,42.3,45.5,48.7
2024-07-05 06:19:51.729,113,30.0,42.3,45.5,48.7
2024-07-05 06:49:51.164,113,29.9,42.3,45.5,48.7
2024-07-05 07:19:51.672,113,29.9,42.3,45.5,48.7
2024-07-05 07:49:51.808,113,29.9,42.2,45.5,48.7
2024-07-05 08:19:51.588,113,29.9,42.2,45.5,48.7
2024-07-05 08:49:51.545,113,30.0,42.1,45.5,48.7
2024-07-05 09:19:51.500,113,30.0,42.1,45.5,48.7
2024-07-05 09:49:51.465,113,30.0,42.1,45.5,48.7
2024-07-05 10:19:51.419,113,30.0,42.2,45.5,48.7
2024-07-05 10:49:51.394,113,30.1,42.2,45.5,48.7
2024-07-05 11:19:51.323,113,30.2,42.1,45.5,48.7
2024-07-05 11:49:51.283,113,30.2,42.1,45.5,48.7
2024-07-05 12:19:51.413,113,30.2,42.1,45.5,48.7
2024-07-05 12:49:50.889,113,30.3,42.1,45.5,48.7
2024-07-05 13:19:51.325,113,30.3,42.1,45.5,48.7
2024-07-05 13:49:51.270,113,30.4,42.1,45.4,48.7
2024-07-05 14:19:51.052,113,30.4,42.1,45.4,48.6
2024-07-05 14:49:51.021,113,30.5,42.1,45.4,48.6
2024-07-05 15:19:50.989,113,30.6,42.1,45.4,48.6
2024-07-05 15:49:50.929,113,30.7,42.1,45.4,48.5
2024-07-05 16:19:50.887,113,30.7,42.0,45.3,48.5
2024-07-05 17:19:50.732,113,30.8,42.0,45.3,48.5
2024-07-05 17:49:50.939,113,30.8,42.0,45.3,48.5
2024-07-05 18:19:50.675,113,30.8,42.1,45.3,48.5
2024-07-05 18:49:50.671,113,30.8,42.1,45.3,48.5
2024-07-05 19:19:50.815,113,30.7,42.1,45.3,48.5
2024-07-05 19:49:50.588,113,30.7,42.1,45.3,48.5
2024-07-05 20:19:50.542,113,30.7,42.1,45.3,48.5
2024-07-05 20:49:50.483,113,30.7,42.2,45.3,48.5
2024-07-05 21:19:50.441,113,30.6,42.2,45.3,48.5
2024-07-05 21:49:50.578,113,30.6,42.2,45.3,48.5
2024-07-05 22:19:50.391,113,30.6,42.2,45.3,48.5
2024-07-05 22:49:50.310,113,30.5,42.1,45.4,48.5
2024-07-05 23:19:50.240,113,30.4,42.1,45.4,48.5
2024-07-05 23:49:49.913,113,30.4,42.1,45.4,48.5
2024-07-06 00:19:49.890,113,30.4,42.1,45.4,48.6
2024-07-06 00:49:49.851,113,30.3,42.1,45.4,48.6
2024-07-06 01:19:50.115,113,30.3,42.1,45.4,48.6
2024-07-06 01:49:49.507,113,30.2,42.0,45.4,48.6
2024-07-06 02:19:50.027,113,30.2,42.0,45.4,48.6
2024-07-06 02:49:49.558,113,30.2,42.0,45.4,48.6
2024-07-06 03:19:49.392,113,30.1,42.0,45.4,48.6
2024-07-06 03:49:49.863,113,30.1,42.0,45.4,48.6
2024-07-06 04:19:49.872,113,30.0,41.9,45.4,48.6
2024-07-06 04:49:49.848,113,30.0,41.9,45.4,48.6
2024-07-06 05:19:49.792,113,30.0,41.9,45.4,48.6
2024-07-06 05:49:49.745,113,30.0,41.8,45.4,48.6
2024-07-06 06:19:49.702,113,29.9,41.8,45.4,48.6
2024-07-06 06:49:49.693,113,29.9,41.8,45.4,48.6
2024-07-06 07:19:49.611,113,29.9,41.8,45.4,48.6
2024-07-06 07:49:49.528,113,29.9,41.8,45.4,48.6
2024-07-06 08:19:49.713,113,29.9,41.8,45.4,48.6
2024-07-06 08:49:49.504,113,29.9,41.8,45.4,48.6
2024-07-06 09:19:48.898,113,29.9,41.6,45.4,48.6
2024-07-06 09:49:49.396,113,30.0,41.6,45.4,48.6
2024-07-06 10:19:49.064,113,30.0,41.6,45.4,48.6
2024-07-06 10:49:49.498,113,30.1,41.6,45.4,48.6
2024-07-06 11:19:48.570,113,,,,
2024-07-06 11:49:49.192,113,30.1,41.6,45.3,48.5
2024-07-06 12:19:48.875,113,30.1,41.5,45.3,48.5
2024-07-06 12:49:49.160,113,30.2,41.5,45.3,48.5
2024-07-06 13:19:49.097,113,30.2,41.5,45.3,48.4
2024-07-06 13:49:49.044,113,30.3,41.5,45.3,48.4
2024-07-06 14:19:49.026,113,30.3,41.5,45.2,48.4
2024-07-06 14:49:48.998,113,30.4,41.4,45.2,48.4
2024-07-06 15:19:48.931,113,30.4,41.4,45.2,48.4
2024-07-06 16:19:48.995,113,30.4,41.4,45.2,48.3
2024-07-06 16:49:48.510,113,30.4,41.4,45.2,48.3
2024-07-06 17:19:48.780,113,30.4,41.4,45.2,48.3
2024-07-06 17:49:48.187,113,30.4,41.4,45.2,48.3
2024-07-06 18:19:48.658,113,30.4,41.4,45.2,48.3
2024-07-06 18:49:48.640,113,30.4,41.4,45.2,48.3
2024-07-06 19:19:48.788,113,30.3,41.4,45.2,48.3
2024-07-06 19:49:48.130,113,30.3,41.5,45.2,48.3
2024-07-06 20:19:48.500,113,30.3,41.5,45.2,48.3
2024-07-06 20:49:48.478,113,30.3,41.5,45.2,48.3
2024-07-06 21:19:48.419,113,30.2,41.5,45.2,48.3
2024-07-06 22:19:48.503,113,30.1,41.5,45.2,48.3
2024-07-06 22:49:48.305,113,30.1,41.4,45.2,48.3
2024-07-06 23:19:47.726,113,30.0,41.4,45.3,48.3
2024-07-06 23:49:48.215,113,29.9,41.4,45.3,48.3
2024-07-07 00:19:48.175,113,29.9,41.4,45.3,48.3
2024-07-07 00:49:48.130,113,29.8,41.4,45.3,48.3
2024-07-07 01:19:48.265,113,29.8,41.4,45.3,48.3
2024-07-07 01:49:47.502,113,29.7,41.3,45.3,48.4
2024-07-07 02:19:48.199,113,29.7,41.3,45.3,48.4
2024-07-07 02:49:47.955,113,29.7,41.3,45.3,48.4
2024-07-07 03:19:47.918,113,29.6,41.3,45.3,48.4
2024-07-07 03:49:47.559,113,29.6,41.3,45.3,48.4
2024-07-07 04:19:47.854,113,29.6,41.2,45.3,48.4
2024-07-07 04:49:47.285,113,29.5,41.2,45.3,48.4
2024-07-07 05:19:47.771,113,29.5,41.2,45.3,48.4
2024-07-07 05:49:47.735,113,29.5,41.2,45.3,48.4
2024-07-07 06:19:47.673,113,29.4,41.1,45.3,48.4
2024-07-07 06:49:47.648,113,29.5,41.1,45.3,48.4
2024-07-07 07:19:47.639,113,29.5,41.1,45.3,48.4
2024-07-07 07:49:47.580,113,29.4,41.1,45.3,48.4
2024-07-07 08:19:47.503,113,29.4,41.0,45.3,48.4
2024-07-07 08:49:47.470,113,29.4,41.0,45.3,48.4
2024-07-07 09:19:47.141,113,29.4,41.0,45.3,48.4
2024-07-07 09:49:47.408,113,29.5,41.0,45.3,48.4
2024-07-07 10:19:47.323,113,29.5,41.0,45.3,48.3
2024-07-07 10:49:47.329,113,29.6,41.0,45.2,48.3
2024-07-07 11:19:47.283,113,29.6,41.0,45.2,48.3
2024-07-07 11:49:47.254,113,29.7,41.0,45.2,48.2
2024-07-07 12:19:47.197,113,29.8,40.9,45.2,48.2
2024-07-07 12:49:47.163,113,29.8,41.0,45.2,48.2
2024-07-07 13:19:47.116,113,29.8,41.0,45.1,48.2
2024-07-07 13:49:47.075,113,29.8,41.0,45.1,48.2
2024-07-07 14:19:47.036,113,29.9,40.9,45.1,48.1
2024-07-07 14:49:47.004,113,29.9,41.0,45.1,48.1
2024-07-07 15:19:46.975,113,29.9,40.9,45.1,48.1
2024-07-07 15:49:46.943,113,29.9,40.9,45.1,48.1
2024-07-07 16:49:46.780,113,30.0,40.9,45.0,48.0
2024-07-07 17:19:46.798,113,30.0,40.9,45.0,48.0
2024-07-07 17:49:46.742,113,30.0,41.0,45.0,48.0
2024-07-07 18:19:46.697,113,30.0,41.0,45.0,48.0
2024-07-07 18:49:46.683,113,30.0,41.0,45.0,48.0
2024-07-07 19:19:46.813,113,30.0,41.0,45.0,48.0
2024-07-07 19:49:46.555,113,30.0,41.0,45.1,48.0
2024-07-07 20:19:46.573,113,29.9,41.1,45.1,48.0
2024-07-07 20:49:46.228,113,29.9,41.1,45.1,48.1
2024-07-07 21:19:46.486,113,29.9,41.1,45.1,48.1
2024-07-07 21:49:46.448,113,29.8,41.1,45.1,48.1
2024-07-07 22:19:46.385,113,29.8,41.1,45.1,48.1
2024-07-07 22:49:46.300,113,29.8,41.1,45.1,48.1
2024-07-07 23:19:45.617,113,,,,
2024-07-07 23:49:46.269,113,29.6,41.1,45.1,48.1
2024-07-08 00:19:46.228,113,29.6,41.0,45.1,48.1
2024-07-08 00:49:46.124,113,29.5,41.0,45.1,48.1
2024-07-08 01:19:45.428,113,,,,
2024-07-08 01:49:46.083,113,29.5,41.0,45.2,48.1
2024-07-08 02:19:46.016,113,29.5,41.0,45.2,48.1
2024-07-08 02:49:46.004,113,29.4,41.0,45.2,48.1
2024-07-08 03:19:45.951,113,29.4,40.9,45.2,48.1
2024-07-08 03:49:45.925,113,29.4,40.9,45.2,48.1
2024-07-08 04:19:45.880,113,29.3,40.9,45.2,48.1
2024-07-08 04:49:45.786,113,29.3,40.9,45.2,48.2
2024-07-08 05:19:45.739,113,29.3,40.9,45.2,48.2
2024-07-08 05:49:45.170,113,29.2,40.9,45.2,48.2
2024-07-08 06:19:45.150,113,29.2,40.9,45.2,48.2
2024-07-08 06:49:45.839,113,29.2,40.8,45.2,48.2
2024-07-08 07:19:45.617,113,29.1,40.8,45.2,48.2
2024-07-08 07:49:45.571,113,29.1,40.8,45.2,48.2
2024-07-08 08:19:45.526,113,29.1,40.8,45.2,48.2
2024-07-08 08:49:45.451,113,29.2,40.8,45.2,48.2
2024-07-08 09:19:45.445,113,29.2,40.8,45.2,48.2
2024-07-08 09:49:45.422,113,29.2,40.7,45.2,48.2
2024-07-08 10:19:45.542,113,29.3,40.7,45.2,48.1
2024-07-08 10:49:45.319,113,29.4,40.7,45.2,48.1
2024-07-08 11:19:45.289,113,29.4,40.7,45.1,48.1
2024-07-08 11:49:45.237,113,29.4,40.7,45.1,48.0
2024-07-08 12:19:44.649,113,29.4,40.6,45.1,48.0
2024-07-08 12:49:45.159,113,29.4,40.6,45.1,48.0
2024-07-08 13:19:45.134,113,29.5,40.6,45.1,48.0
2024-07-08 13:49:44.794,113,29.6,40.6,45.0,47.9
2024-07-08 14:19:45.027,113,29.6,40.6,45.0,47.9
2024-07-08 14:49:44.708,113,29.7,40.6,45.0,47.9
2024-07-08 15:19:44.984,113,29.7,40.6,45.0,47.9
2024-07-08 15:49:44.890,113,29.7,40.6,45.0,47.8
2024-07-08 16:19:44.860,113,29.8,40.6,45.0,47.8
2024-07-08 16:49:44.825,113,29.7,40.6,45.0,47.8
2024-07-08 17:19:44.986,113,29.7,40.6,45.0,47.8
2024-07-08 17:49:44.458,113,29.8,40.7,45.0,47.8
2024-07-08 18:19:44.713,113,29.7,40.7,45.0,47.8
2024-07-08 18:49:44.682,113,29.7,40.7,45.0,47.9
2024-07-08 19:19:44.609,113,29.7,40.7,45.0,47.9
2024-07-08 19:49:44.591,113,29.7,40.7,45.0,47.9
2024-07-08 20:19:44.563,113,29.7,40.7,45.0,47.9
2024-07-08 20:49:43.947,113,29.7,40.8,45.0,47.9
2024-07-08 21:19:44.483,113,29.6,40.8,45.1,47.9
2024-07-08 21:49:44.415,113,29.6,40.8,45.1,47.9
2024-07-08 22:19:44.379,113,29.6,40.8,45.1,47.9
2024-07-08 22:49:44.012,113,29.6,40.8,45.1,47.9
2024-07-08 23:19:43.840,113,29.5,40.8,45.1,47.9
2024-07-08 23:49:44.187,113,29.5,40.7,45.1,47.9
2024-07-09 00:19:44.182,113,29.5,40.7,45.1,47.9
2024-07-09 00:49:44.142,113,29.4,40.7,45.1,47.9
2024-07-09 01:19:44.107,113,29.4,40.7,45.1,47.9
2024-07-09 01:49:44.014,113,29.4,40.7,45.1,48.0
2024-07-09 02:19:43.991,113,29.4,40.7,45.1,48.0
2024-07-09 02:49:43.974,113,29.3,40.7,45.1,48.0
2024-07-09 03:49:44.054,113,29.3,40.6,45.2,48.0
2024-07-09 04:19:44.005,113,29.3,40.6,45.2,48.0
2024-07-09 04:49:43.752,113,29.3,40.6,45.2,48.0
2024-07-09 05:19:43.746,113,29.2,40.6,45.2,48.0
2024-07-09 05:49:43.713,113,29.2,40.6,45.2,48.0
2024-07-09 06:19:43.675,113,29.2,40.6,45.2,48.0
2024-07-09 06:49:43.053,113,29.2,40.6,45.2,48.0
2024-07-09 07:19:43.274,113,29.2,40.5,45.2,48.0
2024-07-09 07:49:43.525,113,29.2,40.5,45.2,48.0
2024-07-09 08:19:43.479,113,29.2,40.5,45.2,48.0
2024-07-09 08:49:43.442,113,29.1,40.5,45.2,48.0
2024-07-09 09:19:43.114,113,29.1,40.5,45.2,48.0
2024-07-09 09:49:43.369,113,29.1,40.5,45.2,48.0
2024-07-09 10:19:43.296,113,29.1,40.5,45.2,48.0
2024-07-09 10:49:43.242,113,29.2,40.5,45.2,48.0
2024-07-09 11:19:42.336,113,,,,
2024-07-09 11:49:43.142,113,29.2,40.5,45.2,48.0
2024-07-09 12:49:43.023,113,29.2,40.4,45.2,48.0
2024-07-09 13:19:43.004,113,29.3,40.4,45.2,48.0
2024-07-09 13:49:42.954,113,29.3,40.4,45.2,48.0
2024-07-09 14:19:42.943,113,29.3,40.4,45.2,48.0
2024-07-09 14:49:42.893,113,29.3,40.5,45.2,48.0
2024-07-09 15:19:42.148,113,,,,
2024-07-09 15:49:42.113,113,,,,
2024-07-09 16:19:42.769,113,29.4,40.5,45.2,48.1
2024-07-09 16:49:42.723,113,30.5,40.6,45.2,48.1
2024-07-09 17:19:42.134,113,37.3,43.6,46.3,48.3
2024-07-09 17:49:42.650,113,39.4,44.4,46.3,48.3
2024-07-09 18:19:42.573,113,40.0,44.8,46.3,48.3
2024-07-09 18:49:42.575,113,41.6,45.2,46.3,48.4
2024-07-09 19:19:42.517,113,47.5,52.4,55.5,54.2
2024-07-09 19:49:41.932,113,50.4,54.7,54.7,52.9
2024-07-09 20:19:42.413,113,51.0,55.5,55.6,53.1
2024-07-09 20:49:42.382,113,51.3,55.9,55.7,52.4
2024-07-09 21:19:42.513,113,54.5,61.4,61.2,54.8
2024-07-09 21:49:42.302,113,54.8,62.5,61.0,55.3
2024-07-09 22:19:42.254,113,55.5,62.2,60.8,55.4
2024-07-09 22:49:42.219,113,56.4,64.4,60.7,55.9
2024-07-09 23:19:42.366,113,57.3,64.9,61.0,56.0
2024-07-09 23:49:42.309,113,56.7,64.7,61.0,56.2
2024-07-10 00:49:42.026,113,55.7,64.5,60.9,56.4
2024-07-10 01:19:41.999,113,55.3,64.4,60.8,56.4
2024-07-10 01:49:41.956,113,55.8,64.4,60.8,56.5
2024-07-10 02:19:41.605,113,57.4,64.6,60.9,56.7
2024-07-10 02:49:41.864,113,57.4,64.5,60.9,56.9
2024-07-10 03:19:41.827,113,57.2,64.5,60.9,57.1
2024-07-10 03:49:41.799,113,56.8,64.3,60.9,57.2
2024-07-10 04:19:41.730,113,57.6,64.4,61.1,57.5
2024-07-10 04:49:41.163,113,57.5,64.3,61.1,57.7
2024-07-10 05:19:41.385,113,59.1,64.4,61.1,58.0
2024-07-10 05:49:41.620,113,57.9,64.2,61.0,58.1
2024-07-10 06:19:40.807,113,,,,
2024-07-10 06:49:41.682,113,57.1,64.1,61.0,58.2
2024-07-10 07:19:41.488,113,57.3,64.1,61.0,58.2
2024-07-10 07:49:41.466,113,57.0,64.1,61.0,58.3
2024-07-10 08:19:41.410,113,56.7,64.1,61.0,58.3
2024-07-10 08:49:41.379,113,56.4,64.1,61.0,58.3
2024-07-10 09:19:41.338,113,56.2,64.0,61.0,58.3
2024-07-10 09:49:41.282,113,56.1,64.0,61.0,58.2
2024-07-10 10:19:41.191,113,56.0,64.0,60.9,58.2
2024-07-10 10:49:41.210,113,55.8,64.0,60.9,58.2
2024-07-10 11:19:41.167,113,55.8,64.0,60.9,58.2
2024-07-10 11:49:41.285,113,55.6,64.0,60.9,58.1
2024-07-10 12:19:41.076,113,55.4,64.0,60.9,58.0
2024-07-10 12:49:41.028,113,55.2,64.0,60.9,58.0
2024-07-10 13:19:40.970,113,55.1,64.0,60.9,58.0
2024-07-10 13:49:40.924,113,54.9,64.1,60.9,58.1
2024-07-10 14:19:40.205,113,,,,
2024-07-10 14:49:40.864,113,54.4,64.1,60.9,58.1
2024-07-10 15:19:40.777,113,54.2,64.1,60.9,58.1
2024-07-10 15:49:40.748,113,54.1,64.1,60.9,58.1
2024-07-10 16:19:40.727,113,54.0,64.1,60.8,58.1
2024-07-10 16:49:40.678,113,53.9,64.1,60.8,58.2
2024-07-10 17:19:40.644,113,53.7,64.0,60.8,58.2
2024-07-10 18:19:40.525,113,53.4,64.0,60.8,58.2
2024-07-10 18:49:40.509,113,53.3,64.0,60.8,58.2
2024-07-10 19:19:40.470,113,53.2,64.0,60.8,58.2
2024-07-10 19:49:40.394,113,53.2,64.0,60.8,58.3
2024-07-10 20:19:40.386,113,53.1,64.0,60.8,58.3
2024-07-10 20:49:40.304,113,53.1,64.1,60.8,58.3
2024-07-10 21:19:40.314,113,53.0,64.1,60.8,58.3
2024-07-10 21:49:40.267,113,52.9,64.1,60.8,58.3
2024-07-10 22:19:40.219,113,52.9,64.1,60.8,58.3
2024-07-10 22:49:40.177,113,52.8,64.1,60.8,58.3
2024-07-10 23:19:40.114,113,52.7,64.1,60.8,58.3
2024-07-10 23:49:40.061,113,52.6,64.1,60.8,58.3
2024-07-11 00:19:39.967,113,52.5,64.1,60.8,58.4
2024-07-11 00:49:39.677,113,52.5,64.1,60.6,58.4
2024-07-11 01:19:39.943,113,52.4,64.0,60.5,58.4
2024-07-11 01:49:39.867,113,52.3,64.0,60.4,58.4
2024-07-11 02:19:39.854,113,52.3,64.0,60.3,58.5
2024-07-11 02:49:39.821,113,52.2,64.0,60.3,58.5
2024-07-11 03:19:39.781,113,52.1,64.0,60.3,58.5
2024-07-11 03:49:39.738,113,52.1,64.0,60.3,58.5
2024-07-11 04:19:39.148,113,52.0,64.0,60.3,58.5
2024-07-11 04:49:39.380,113,52.0,64.0,60.2,58.5
2024-07-11 05:19:39.624,113,51.9,64.0,60.2,58.6
2024-07-11 05:49:39.532,113,51.9,64.0,60.2,58.6
2024-07-11 06:19:39.534,113,51.8,64.0,60.2,58.6
2024-07-11 06:49:39.443,113,51.8,64.0,60.2,58.7
2024-07-11 07:19:39.444,113,51.7,64.0,60.2,58.7
2024-07-11 07:49:39.407,113,51.6,63.9,60.2,58.7
2024-07-11 08:19:39.387,113,51.6,63.9,60.2,58.7
2024-07-11 08:49:39.322,113,51.6,63.9,59.9,58.8
2024-07-11 09:19:39.259,113,51.5,64.0,59.7,58.8
2024-07-11 09:49:39.191,113,51.5,64.0,59.6,58.8
2024-07-11 10:19:39.173,113,51.4,64.0,59.5,58.8
2024-07-11 10:49:39.143,113,51.4,64.0,59.4,58.8
2024-07-11 11:19:39.112,113,51.3,63.9,59.4,58.7
2024-07-11 11:49:39.071,113,51.3,63.8,59.3,58.6
2024-07-11 12:19:39.036,113,51.2,63.7,59.3,58.5
2024-07-11 12:49:38.963,113,51.1,63.0,59.2,58.5
2024-07-11 13:19:38.985,113,51.0,62.0,59.0,58.4
2024-07-11 13:49:38.942,113,50.9,61.7,58.9,58.3
2024-07-11 14:19:38.908,113,50.7,61.4,58.9,58.3
2024-07-11 14:49:38.813,113,50.7,61.4,58.8,58.3
2024-07-11 15:19:38.254,113,50.7,61.3,58.7,58.2
2024-07-11 15:49:38.765,113,50.8,61.3,58.7,58.2
2024-07-11 16:19:38.716,113,51.6,61.4,58.6,58.0
2024-07-11 16:49:38.008,113,,,,
2024-07-11 17:19:38.639,113,51.7,61.4,58.5,57.7
2024-07-11 17:49:38.588,113,51.7,61.4,58.5,57.6
2024-07-11 18:49:38.480,113,51.6,61.4,58.4,57.3
2024-07-11 19:19:38.473,113,51.6,61.4,58.4,57.3
2024-07-11 19:49:38.421,113,51.6,61.4,58.4,57.2
2024-07-11 20:19:37.846,113,51.6,61.4,58.4,57.2
2024-07-11 20:49:38.348,113,51.6,61.5,58.4,57.1
2024-07-11 21:19:38.443,113,51.5,61.5,58.4,57.1
2024-07-11 21:49:38.259,113,51.5,61.5,58.4,57.1
2024-07-11 22:19:38.208,113,51.3,61.5,58.4,57.1
2024-07-11 22:49:38.109,113,51.2,61.5,58.4,57.0
2024-07-11 23:19:37.554,113,51.1,61.5,58.4,57.0
2024-07-12 00:19:37.965,113,50.9,61.5,58.4,57.0
2024-07-12 00:49:37.997,113,50.8,61.5,58.4,57.0
2024-07-12 01:19:37.918,113,50.7,61.5,58.4,57.0
2024-07-12 01:49:37.899,113,50.6,61.5,58.4,57.0
2024-07-12 02:19:37.570,113,50.5,61.5,58.4,57.0
2024-07-12 02:49:37.821,113,50.5,61.5,58.4,57.0
2024-07-12 03:19:37.779,113,50.5,61.4,58.4,57.0
2024-07-12 03:49:37.716,113,50.4,61.4,58.4,57.0
2024-07-12 04:19:37.356,113,50.3,61.4,58.4,57.0
2024-07-12 04:49:37.386,113,50.3,61.4,58.5,57.0
2024-07-12 05:19:37.653,113,50.2,61.4,58.4,57.0
2024-07-12 05:49:37.591,113,50.2,61.4,58.5,57.0
2024-07-12 06:19:37.247,113,50.1,61.3,58.4,57.0
2024-07-12 06:49:37.514,113,50.1,61.3,58.4,57.0
2024-07-12 07:19:37.451,113,50.0,61.3,58.4,57.0
2024-07-12 07:49:37.445,113,50.0,61.3,58.4,57.0
2024-07-12 08:19:37.429,113,50.0,61.3,58.4,57.0
2024-07-12 08:49:37.373,113,50.0,61.3,58.4,57.0
2024-07-12 09:19:37.470,113,50.0,61.3,58.4,57.0
2024-07-12 10:19:37.146,113,50.0,61.3,58.4,57.0
2024-07-12 10:49:37.371,113,50.0,61.3,58.4,57.0
2024-07-12 11:19:37.119,113,50.0,61.2,58.4,57.0
2024-07-12 11:49:37.064,113,50.0,61.2,58.3,56.9
2024-07-12 12:19:37.053,113,49.9,61.1,58.3,56.8
2024-07-12 12:49:36.978,113,49.9,61.1,58.3,56.8
2024-07-12 13:19:36.989,113,49.8,61.1,58.3,56.7
2024-07-12 13:49:36.156,113,,,,
2024-07-12 14:19:36.365,113,49.7,61.0,58.2,56.6
2024-07-12 14:49:36.575,113,49.6,60.9,58.1,56.6
2024-07-12 15:19:36.786,113,49.5,60.9,58.1,56.6
2024-07-12 15:49:36.815,113,49.4,60.8,58.1,56.5
2024-07-12 16:19:36.705,113,49.4,60.8,58.0,56.5
2024-07-12 16:49:36.889,113,49.3,60.8,58.0,56.5
2024-07-12 17:19:36.678,113,49.2,60.8,58.0,56.5
2024-07-12 17:49:36.619,113,49.1,60.8,58.0,56.5
2024-07-12 18:19:36.622,113,49.1,60.8,58.0,56.5
2024-07-12 18:49:36.576,113,49.0,60.8,58.0,56.5
2024-07-12 19:19:36.256,113,,,,
2024-07-12 19:49:36.191,113,49.0,60.8,58.0,56.5
2024-07-12 20:19:36.466,113,49.0,60.8,58.0,56.5
2024-07-12 20:49:36.419,113,49.0,60.8,58.0,56.5
2024-07-12 21:19:36.382,113,49.0,60.8,58.0,56.5
2024-07-12 21:49:35.759,113,48.9,60.8,58.0,56.5
2024-07-12 22:19:35.756,113,48.8,60.8,58.0,56.5
2024-07-12 22:49:36.235,113,48.8,60.8,58.0,56.5
2024-07-12 23:19:36.189,113,48.8,60.8,58.1,56.5
2024-07-12 23:49:36.160,113,48.7,60.8,58.1,56.5
2024-07-13 00:19:36.109,113,48.6,60.8,58.1,56.5
2024-07-13 00:49:36.087,113,48.5,60.8,58.1,56.5
2024-07-13 01:19:36.026,113,,,,
2024-07-13 01:49:35.977,113,48.4,60.8,58.1,56.6
2024-07-13 02:19:35.892,113,48.4,60.8,58.1,56.6
2024-07-13 02:49:35.911,113,48.4,60.8,58.1,56.6
2024-07-13 03:19:36.023,113,48.3,60.8,58.1,56.6
2024-07-13 03:49:35.514,113,48.2,60.8,58.1,56.6
2024-07-13 04:19:35.377,113,48.2,60.8,58.2,56.6
2024-07-13 04:49:35.318,113,48.2,60.8,58.2,56.6
2024-07-13 05:19:35.684,113,48.1,60.7,58.2,56.6
2024-07-13 05:49:35.666,113,48.1,60.7,58.2,56.6
2024-07-13 06:19:35.294,113,48.0,60.7,58.2,56.6
2024-07-13 06:49:34.883,113,,,,
2024-07-13 07:19:35.526,113,47.9,60.7,58.2,56.6
2024-07-13 07:49:35.443,113,47.8,60.7,58.2,56.7
2024-07-13 08:19:34.895,113,47.8,60.6,58.2,56.6
2024-07-13 09:19:34.792,113,47.7,60.6,58.2,56.7
2024-07-13 09:49:35.516,113,47.7,60.6,58.2,56.7
2024-07-13 10:19:35.307,113,47.8,60.6,58.2,56.7
2024-07-13 10:49:35.449,113,47.8,60.6,58.1,56.6
2024-07-13 11:19:35.228,113,47.7,60.5,58.1,56.6
2024-07-13 11:49:35.207,113,47.7,60.5,58.1,56.6
2024-07-13 12:19:34.619,113,47.6,60.4,58.0,56.6
2024-07-13 12:49:35.137,113,47.5,60.4,58.0,56.5
2024-07-13 13:19:35.052,113,47.4,60.3,58.0,56.5
2024-07-13 13:49:35.056,113,47.4,60.3,57.9,56.5
2024-07-13 14:19:35.034,113,47.3,60.3,57.9,56.4
2024-07-13 14:49:35.011,113,47.2,60.2,57.9,56.4
2024-07-13 15:19:34.948,113,47.2,60.2,57.8,56.4
2024-07-13 15:49:34.939,113,47.0,60.2,57.8,56.4
2024-07-13 16:19:34.893,113,47.0,60.2,57.8,56.4
2024-07-13 16:49:34.845,113,46.9,60.1,57.8,56.3
2024-07-13 17:19:34.815,113,46.7,60.1,57.7,56.3
2024-07-13 17:49:34.732,113,46.7,60.1,57.7,56.3
2024-07-13 18:19:34.740,113,46.6,60.1,57.7,56.3
2024-07-13 18:49:34.710,113,46.6,60.1,57.7,56.3
2024-07-13 19:49:34.616,113,46.5,60.1,57.7,56.3
2024-07-13 20:19:34.753,113,46.4,60.1,57.7,56.3
2024-07-13 20:49:34.536,113,46.4,60.1,57.8,56.3
2024-07-13 21:19:34.510,113,46.4,60.1,57.8,56.3
2024-07-13 21:49:34.446,113,46.4,60.2,57.8,56.3
2024-07-13 22:19:34.415,113,46.3,60.2,57.8,56.3
2024-07-13 22:49:34.358,113,46.3,60.2,57.8,56.3
2024-07-13 23:19:34.353,113,46.3,60.2,57.8,56.3
2024-07-13 23:49:33.978,113,46.3,60.1,57.8,56.3
2024-07-14 00:19:34.240,113,46.2,60.1,57.9,56.3
2024-07-14 00:49:33.841,113,46.2,60.1,57.9,56.3
2024-07-14 01:19:34.140,113,46.1,60.1,57.9,56.4
2024-07-14 01:49:34.114,113,46.1,60.1,57.9,56.4
2024-07-14 02:19:34.048,113,46.1,60.1,57.9,56.4
2024-07-14 02:49:34.004,113,46.1,60.1,57.9,56.4
2024-07-14 03:19:33.974,113,46.1,60.1,57.9,56.4
2024-07-14 03:49:33.919,113,46.0,60.1,57.9,56.4
2024-07-14 04:19:33.860,113,46.0,60.1,57.9,56.4
2024-07-14 04:49:33.484,113,46.0,60.1,57.9,56.4
2024-07-14 05:19:33.786,113,46.0,60.0,57.9,56.4
2024-07-14 05:49:33.745,113,46.0,60.0,57.9,56.4
2024-07-14 06:19:33.884,113,46.0,60.0,57.9,56.4
2024-07-14 06:49:33.666,113,45.9,60.0,58.0,56.4
2024-07-14 07:19:33.627,113,45.9,60.0,57.9,56.4
2024-07-14 07:49:33.571,113,45.8,60.0,58.0,56.5
2024-07-14 08:19:33.522,113,45.9,60.0,58.0,56.5
2024-07-14 08:49:33.669,113,45.8,60.0,58.0,56.5
2024-07-14 09:49:33.093,113,45.8,59.9,58.0,56.5
2024-07-14 10:19:33.370,113,45.8,59.9,57.9,56.5
2024-07-14 10:49:33.339,113,45.7,59.9,57.9,56.4
2024-07-14 11:19:32.748,113,45.7,59.9,57.9,56.4
2024-07-14 11:49:32.840,113,45.5,59.9,57.9,56.4
2024-07-14 12:19:33.237,113,45.6,59.9,57.9,56.5
2024-07-14 12:49:33.172,113,56.7,62.9,58.3,56.7
2024-07-14 13:19:32.612,113,56.2,63.0,58.4,56.7
2024-07-14 13:49:33.051,113,55.9,63.0,58.5,56.7
2024-07-14 14:19:33.072,113,55.8,63.1,58.5,56.7
2024-07-14 14:49:32.973,113,55.6,63.0,58.5,56.7
2024-07-14 15:19:32.968,113,55.5,63.0,58.5,56.7
2024-07-14 15:49:32.918,113,55.4,63.0,58.5,56.7
2024-07-14 16:19:32.888,113,55.1,63.0,58.5,56.7
2024-07-14 16:49:32.839,113,55.0,62.9,58.5,56.6
2024-07-14 17:19:32.472,113,55.0,62.9,58.5,56.6
2024-07-14 17:49:32.779,113,54.9,62.9,58.5,56.6
2024-07-14 18:19:32.739,113,54.7,62.9,58.5,56.6
2024-07-14 18:49:32.676,113,54.7,62.9,58.5,56.6
2024-07-14 19:19:32.109,113,54.5,62.8,58.5,56.6
2024-07-14 19:49:32.637,113,54.5,62.8,58.5,56.6
2024-07-14 20:19:32.587,113,54.4,62.8,58.5,56.6
2024-07-14 20:49:32.234,113,54.4,62.8,58.5,56.6
2024-07-14 21:19:32.460,113,54.3,62.8,58.5,56.6
2024-07-14 21:49:32.462,113,54.2,62.8,58.6,56.6
2024-07-14 22:19:32.590,113,54.1,62.8,58.6,56.7
2024-07-14 22:49:32.383,113,54.1,62.8,58.6,56.7
2024-07-14 23:49:32.258,113,53.9,62.8,58.6,56.7
2024-07-15 00:19:32.233,113,53.9,62.7,58.6,56.7
2024-07-15 00:49:32.198,113,53.8,62.7,58.6,56.7
2024-07-15 01:19:31.445,113,,,,
2024-07-15 01:49:32.103,113,53.6,62.5,58.7,56.7
2024-07-15 02:19:32.077,113,53.5,62.5,58.7,56.7
2024-07-15 02:49:32.027,113,53.5,62.5,58.7,56.7
2024-07-15 03:19:31.973,113,53.4,62.5,58.7,56.7
2024-07-15 03:49:31.926,113,57.8,63.2,58.8,56.9
2024-07-15 04:19:31.839,113,59.1,63.4,59.0,56.9
2024-07-15 04:49:31.840,113,58.9,63.4,59.3,56.9
2024-07-15 05:19:31.808,113,58.6,63.3,59.7,57.1
2024-07-15 05:49:31.763,113,58.2,63.3,60.0,57.2
2024-07-15 06:19:31.674,113,57.9,63.3,60.2,57.3
2024-07-15 06:49:31.660,113,57.7,63.3,60.4,57.6
2024-07-15 07:19:31.633,113,57.6,63.3,60.4,57.9
2024-07-15 07:49:30.905,113,,,,
2024-07-15 08:19:31.561,113,57.3,63.3,60.5,58.2
2024-07-15 08:49:31.502,113,57.1,63.3,60.5,58.3
2024-07-15 09:19:31.647,113,57.0,63.2,60.5,58.4
2024-07-15 09:49:31.430,113,56.9,63.2,60.5,58.5
2024-07-15 10:19:30.821,113,56.7,63.2,60.4,58.5
2024-07-15 10:49:31.303,113,56.6,63.2,60.4,58.5
2024-07-15 11:19:31.496,113,56.5,63.2,60.4,58.5
2024-07-15 11:49:31.273,113,56.5,63.2,60.4,58.4
2024-07-15 12:19:31.235,113,56.2,63.2,60.3,58.3
2024-07-15 12:49:31.185,113,55.6,63.2,60.3,58.3
2024-07-15 13:19:31.152,113,55.4,63.2,60.3,58.2
2024-07-15 13:49:31.075,113,55.2,63.2,60.2,58.1
2024-07-15 14:19:31.076,113,55.1,63.2,60.2,58.1
2024-07-15 14:49:31.080,113,54.9,63.2,60.1,58.0
2024-07-15 15:19:31.034,113,54.8,63.2,60.1,57.9
2024-07-15 15:49:30.933,113,54.7,63.2,60.0,57.8
2024-07-15 16:19:30.951,113,54.6,63.2,60.0,57.7
2024-07-15 16:49:30.879,113,54.5,63.2,60.0,57.6
2024-07-15 17:19:31.023,113,54.4,63.2,59.9,57.6
2024-07-15 17:49:31.032,113,54.2,63.2,59.9,57.5
2024-07-15 18:19:30.260,113,54.1,63.2,59.8,57.5
2024-07-15 18:49:30.786,113,54.1,63.2,59.7,57.5
2024-07-15 19:19:30.748,113,54.0,63.2,59.7,57.5
2024-07-15 19:49:30.716,113,,,,
2024-07-15 20:19:30.657,113,53.9,63.1,59.7,57.5
2024-07-15 20:49:30.640,113,53.8,63.1,59.7,57.5
2024-07-15 21:19:30.589,113,53.8,63.1,59.7,57.5
2024-07-15 21:49:30.541,113,53.7,63.1,59.7,57.5
2024-07-15 22:19:30.488,113,53.7,63.1,59.7,57.5
2024-07-15 23:19:30.405,113,53.5,63.1,59.7,57.6
2024-07-15 23:49:30.061,113,53.5,63.3,59.8,57.6
2024-07-16 00:49:30.265,113,58.4,64.1,60.1,58.0
2024-07-16 01:19:30.227,113,59.1,64.2,60.2,58.1
2024-07-16 03:19:30.044,113,58.5,64.1,60.6,58.5
2024-07-16 05:19:29.359,113,57.8,64.0,60.8,59.0
2024-07-16 05:49:29.550,113,57.7,64.0,60.8,59.1
2024-07-16 06:19:29.815,113,57.6,64.0,60.9,59.2
2024-07-16 06:49:29.782,113,57.5,64.0,60.8,59.2
2024-07-16 07:19:29.736,113,57.4,64.0,60.9,59.3
2024-07-16 07:49:29.656,113,57.3,64.0,60.9,59.3
2024-07-16 08:19:29.372,113,57.3,63.9,60.8,59.4
2024-07-16 08:49:29.587,113,57.2,63.9,60.8,59.4
2024-07-16 09:19:29.578,113,57.1,63.9,60.8,59.5
2024-07-16 09:49:29.714,113,57.0,63.9,60.8,59.4
2024-07-16 10:49:29.420,113,56.4,63.8,60.6,59.3
2024-07-16 11:19:29.408,113,56.3,63.8,60.5,59.2
2024-07-16 11:49:29.383,113,56.1,63.8,60.5,59.2
2024-07-16 12:49:29.258,113,55.9,63.7,60.3,58.9
2024-07-16 13:19:28.934,113,55.7,63.7,60.3,58.7
2024-07-16 13:49:29.030,113,55.5,63.7,60.2,58.5
2024-07-16 14:19:29.286,113,55.3,63.7,60.2,58.4
2024-07-16 14:49:28.784,113,55.3,63.7,60.1,58.3
2024-07-16 15:19:29.117,113,55.1,63.7,60.1,58.3
2024-07-16 15:49:29.141,113,55.0,63.7,60.1,58.3
2024-07-16 16:19:29.149,113,54.9,63.6,60.1,58.3
2024-07-16 16:49:28.250,113,,,,
2024-07-16 17:19:28.909,113,54.6,63.6,60.0,58.3
2024-07-16 17:49:28.855,113,54.5,63.6,60.0,58.3
2024-07-16 18:19:28.782,113,54.3,63.6,60.1,58.3
2024-07-16 18:49:28.459,113,54.3,63.6,60.1,58.3
2024-07-16 19:19:28.926,113,54.2,63.5,60.1,58.3
2024-07-16 19:49:28.149,113,54.1,63.5,60.1,58.3
2024-07-16 20:19:28.377,113,54.1,63.4,60.1,58.3
2024-07-16 20:49:28.628,113,54.1,63.4,60.1,58.4
2024-07-16 21:19:28.887,113,54.0,63.4,60.1,58.4
2024-07-16 21:49:28.888,113,53.9,63.4,60.1,58.4
2024-07-16 22:19:28.472,113,53.9,63.4,60.1,58.4
2024-07-16 22:49:27.879,113,53.8,63.4,60.1,58.4
2024-07-16 23:19:28.383,113,53.8,63.4,60.1,58.4
2024-07-16 23:49:28.528,113,53.7,63.4,60.1,58.4
2024-07-17 00:19:28.473,113,53.7,63.4,60.1,58.4
2024-07-17 00:49:28.442,113,53.6,63.3,60.0,58.4
2024-07-17 01:19:28.213,113,53.6,63.3,60.0,58.4
2024-07-17 01:49:27.396,113,,,,
2024-07-17 02:19:28.150,113,53.4,63.3,60.0,58.4
2024-07-17 02:49:27.787,113,53.4,63.3,60.0,58.4
2024-07-17 03:19:27.631,113,53.4,63.3,60.0,58.4
2024-07-17 03:49:28.000,113,53.3,63.2,60.0,58.4
2024-07-17 04:19:27.979,113,53.3,63.2,60.0,58.4
2024-07-17 04:49:27.940,113,,,,
2024-07-17 05:19:27.901,113,53.2,63.2,60.0,58.4
2024-07-17 05:49:27.849,113,53.2,63.2,60.0,58.4
2024-07-17 06:19:27.817,113,53.1,63.2,60.0,58.4
2024-07-17 06:49:27.704,113,53.1,63.2,60.0,58.4
2024-07-17 07:19:27.160,113,53.0,63.2,60.0,58.4
2024-07-17 07:49:27.860,113,53.0,63.2,60.0,58.4
2024-07-17 08:19:27.590,113,53.0,63.2,60.0,58.5
2024-07-17 08:49:27.586,113,52.9,63.1,59.9,58.4
2024-07-17 09:19:27.253,113,52.8,63.1,59.9,58.4
2024-07-17 09:49:27.471,113,52.8,63.1,59.9,58.4
2024-07-17 10:19:27.110,113,52.8,63.2,60.0,58.5
2024-07-17 10:49:26.869,113,52.7,63.2,60.0,58.5
2024-07-17 11:19:27.387,113,52.7,63.2,59.9,58.4
2024-07-17 11:49:27.374,113,52.5,63.1,59.9,58.3
2024-07-17 12:49:27.245,113,52.2,62.7,59.7,58.0
2024-07-17 13:19:26.676,113,52.1,62.5,59.6,58.0
2024-07-17 14:19:27.124,113,51.9,62.3,59.4,57.8
2024-07-17 14:49:27.121,113,51.7,62.1,59.2,57.6
2024-07-17 15:19:26.731,113,51.5,62.0,59.1,57.5
2024-07-17 15:49:26.990,113,51.3,61.9,59.0,57.5
2024-07-17 16:19:27.007,113,51.1,61.8,59.0,57.4
2024-07-17 16:49:26.947,113,50.9,61.8,58.9,57.4
2024-07-17 17:19:26.871,113,50.8,61.7,58.9,57.3
2024-07-17 17:49:26.310,113,50.6,61.7,58.9,57.3
2024-07-17 18:19:26.818,113,50.5,61.7,58.9,57.3
2024-07-17 18:49:26.766,113,50.4,61.7,58.9,57.3
2024-07-17 19:19:26.426,113,50.4,61.6,58.9,57.3
2024-07-17 19:49:26.701,113,50.3,61.7,58.9,57.3
2024-07-17 20:19:26.606,113,50.3,61.7,58.9,57.3
2024-07-17 20:49:26.304,113,50.1,61.7,58.9,57.3
2024-07-17 21:19:26.554,113,50.0,61.7,58.9,57.3
2024-07-17 21:49:26.536,113,50.0,61.7,59.0,57.3
2024-07-17 22:19:26.482,113,49.9,61.6,59.0,57.3
2024-07-17 22:49:26.453,113,49.8,61.6,59.0,57.4
2024-07-17 23:49:26.386,113,49.6,61.6,59.0,57.4
2024-07-18 00:19:26.283,113,49.6,61.6,59.0,57.4
2024-07-18 00:49:26.307,113,49.6,61.6,59.1,57.4
2024-07-18 01:19:26.264,113,49.5,61.6,59.1,57.4
2024-07-18 01:49:26.241,113,49.4,61.6,59.1,57.4
2024-07-18 02:19:26.211,113,49.4,61.6,59.1,57.4
2024-07-18 02:49:26.377,113,49.3,61.5,59.1,57.4
2024-07-18 03:19:26.145,113,49.2,61.5,59.1,57.4
2024-07-18 03:49:26.086,113,49.2,61.5,59.1,57.4
2024-07-18 04:19:26.055,113,49.1,61.5,59.1,57.4
2024-07-18 04:49:26.021,113,49.0,61.4,59.1,57.4
2024-07-18 05:19:25.946,113,49.0,61.4,59.1,57.5
2024-07-18 05:49:25.969,113,48.9,61.4,59.1,57.5
2024-07-18 06:19:25.939,113,48.8,61.4,59.1,57.5
2024-07-18 06:49:25.887,113,48.7,61.3,59.1,57.5
2024-07-18 07:19:25.876,113,48.6,61.3,59.1,57.5
2024-07-18 07:49:25.262,113,48.6,61.3,59.1,57.5
2024-07-18 08:19:25.778,113,48.5,61.3,59.1,57.5
2024-07-18 08:49:25.918,113,48.5,61.2,59.1,57.5
2024-07-18 09:19:25.680,113,48.4,61.2,59.0,57.5
2024-07-18 09:49:25.326,113,48.4,61.2,59.0,57.5
2024-07-18 10:19:25.597,113,48.4,61.2,59.0,57.5
2024-07-18 10:49:25.556,113,48.3,61.1,59.0,57.4
2024-07-18 11:19:25.523,113,48.2,61.1,58.9,57.4
2024-07-18 11:49:25.471,113,48.1,61.0,58.9,57.3
2024-07-18 12:19:24.765,113,,,,
2024-07-18 12:49:25.385,113,47.9,60.9,58.8,57.3
2024-07-18 13:19:25.058,113,47.8,60.8,58.7,57.3
2024-07-18 14:19:25.225,113,47.6,60.7,58.6,57.2
2024-07-18 14:49:24.676,113,47.4,60.7,58.6,57.2
2024-07-18 15:19:25.176,113,47.3,60.7,58.6,57.2
2024-07-18 15:49:24.712,113,47.2,60.6,58.6,57.1
2024-07-18 16:19:25.094,113,47.1,60.6,58.6,57.1
2024-07-18 16:49:25.044,113,47.0,60.6,58.5,57.1
2024-07-18 17:19:25.002,113,46.9,60.5,58.5,57.1
2024-07-18 17:49:24.407,113,46.8,60.5,58.5,57.1
2024-07-18 18:19:24.931,113,46.7,60.5,58.5,57.1
2024-07-18 18:49:24.898,113,46.7,60.5,58.5,57.1
2024-07-18 19:19:24.822,113,46.6,60.5,58.5,57.1
2024-07-18 19:49:24.790,113,46.6,60.5,58.5,57.1
2024-07-18 20:19:24.754,113,46.5,60.5,58.5,57.1
2024-07-18 20:49:24.155,113,46.5,60.5,58.5,57.1
2024-07-18 21:19:24.669,113,46.5,60.5,58.5,57.1
2024-07-18 21:49:24.640,113,46.4,60.5,58.6,57.1
2024-07-18 22:19:24.612,113,46.4,60.5,58.6,57.1
2024-07-18 22:49:24.567,113,46.4,60.5,58.6,57.1
2024-07-18 23:19:24.495,113,46.3,60.5,58.6,57.1
2024-07-18 23:49:24.180,113,46.2,60.5,58.6,57.1
2024-07-19 00:19:24.491,113,46.2,60.5,58.6,57.1
2024-07-19 00:49:24.385,113,46.2,60.5,58.6,57.1
2024-07-19 01:19:24.400,113,46.1,60.5,58.6,57.1
2024-07-19 01:49:24.365,113,46.0,60.5,58.6,57.1
2024-07-19 02:19:24.303,113,46.0,60.4,58.6,57.1
2024-07-19 02:49:24.271,113,45.9,60.4,58.6,57.1
2024-07-19 03:19:24.285,113,45.9,60.4,58.6,57.1
2024-07-19 03:49:24.259,113,45.8,60.4,58.6,57.1
2024-07-19 04:49:24.173,113,45.8,60.3,58.6,57.1
2024-07-19 05:19:24.171,113,45.8,60.3,58.6,57.1
2024-07-19 05:49:24.141,113,45.7,60.3,58.6,57.1
2024-07-19 06:19:23.530,113,45.7,60.3,58.6,57.1
2024-07-19 06:49:24.261,113,45.7,60.2,58.6,57.1
2024-07-19 07:19:23.995,113,45.6,60.2,58.6,57.1
2024-07-19 07:49:24.006,113,45.6,60.2,58.6,57.1
2024-07-19 08:19:23.962,113,45.6,60.2,58.6,57.1
2024-07-19 08:49:23.912,113,45.6,60.1,58.6,57.1
2024-07-19 09:19:23.840,113,45.6,60.1,58.6,57.1
2024-07-19 09:49:23.835,113,45.6,60.1,58.5,57.1
2024-07-19 10:19:23.788,113,45.5,60.1,58.5,57.1
2024-07-19 10:49:23.756,113,45.5,60.1,58.6,57.0
2024-07-19 11:19:23.889,113,45.5,60.1,58.5,57.0
2024-07-19 11:49:23.683,113,45.4,60.0,58.5,57.0
2024-07-19 12:19:23.624,113,45.4,60.0,58.4,56.9
2024-07-19 12:49:23.601,113,45.4,60.1,58.4,56.9
2024-07-19 13:19:23.572,113,45.3,60.4,58.4,56.9
2024-07-19 13:49:23.526,113,45.3,60.5,58.5,56.9
2024-07-19 14:19:22.781,113,,,,
2024-07-19 14:49:22.890,113,45.2,60.5,58.4,56.9
2024-07-19 15:19:23.092,113,45.1,60.5,58.4,56.8
2024-07-19 15:49:23.394,113,45.0,60.5,58.4,56.8
2024-07-19 16:19:22.742,113,45.1,60.5,58.4,56.8
2024-07-19 16:49:23.435,113,44.9,60.5,58.4,56.8
2024-07-19 17:19:23.229,113,44.9,60.7,58.4,56.8
2024-07-19 17:49:22.633,113,44.9,60.7,58.4,56.8
2024-07-19 18:19:22.792,113,44.8,60.7,58.4,56.7
2024-07-19 18:49:23.120,113,44.8,60.7,58.4,56.7
2024-07-19 19:19:23.091,113,44.8,60.7,58.4,56.7
2024-07-19 19:49:23.032,113,44.7,60.7,58.4,56.7
2024-07-19 20:19:22.980,113,44.7,60.7,58.4,56.7
2024-07-19 20:49:23.125,113,44.8,60.7,58.4,56.7
2024-07-19 21:19:22.895,113,44.8,60.8,58.4,56.7
2024-07-19 21:49:22.886,113,44.7,60.8,58.4,56.7
2024-07-19 22:19:22.851,113,44.7,60.7,58.4,56.7
2024-07-19 22:49:22.788,113,44.6,60.7,58.4,56.7
2024-07-19 23:19:22.752,113,44.6,60.7,58.5,56.7
2024-07-19 23:49:22.717,113,44.5,60.7,58.5,56.7
2024-07-20 00:19:22.602,113,44.5,60.6,58.5,56.7
2024-07-20 00:49:22.664,113,44.4,60.6,58.5,56.7
2024-07-20 01:19:22.625,113,44.4,60.6,58.5,56.7
2024-07-20 01:49:22.276,113,44.3,60.6,58.5,56.7
2024-07-20 02:19:22.554,113,44.3,60.5,58.5,56.7
2024-07-20 02:49:22.477,113,44.2,60.5,58.5,56.8
2024-07-20 03:19:22.443,113,44.2,60.5,58.5,56.7
2024-07-20 03:49:22.439,113,44.2,60.5,58.5,56.8
2024-07-20 04:19:22.593,113,44.1,60.4,58.5,56.8
2024-07-20 04:49:21.819,113,44.1,60.4,58.5,56.8
2024-07-20 05:19:21.824,113,44.0,60.4,58.5,56.8
2024-07-20 05:49:22.316,113,44.0,60.3,58.5,56.8
2024-07-20 06:19:21.960,113,44.0,60.3,58.5,56.8
2024-07-20 06:49:22.209,113,43.9,60.3,58.5,56.7
2024-07-20 07:19:22.171,113,43.9,60.3,58.5,56.8
2024-07-20 07:49:22.176,113,44.0,60.2,58.5,56.7
2024-07-20 08:19:21.586,113,44.0,60.2,58.5,56.7
2024-07-20 08:49:22.093,113,44.0,60.2,58.5,56.8
2024-07-20 09:19:22.050,113,44.0,60.2,58.5,56.7
2024-07-20 09:49:22.025,113,44.0,60.2,58.5,56.7
2024-07-20 10:19:21.992,113,44.0,60.1,58.4,56.7
2024-07-20 10:49:21.971,113,44.0,60.1,58.4,56.7
2024-07-20 11:19:21.913,113,43.9,60.1,58.4,56.7
2024-07-20 11:49:21.882,113,43.8,60.1,58.3,56.7
2024-07-20 12:19:21.854,113,43.8,60.0,58.3,56.7
2024-07-20 12:49:21.815,113,43.7,60.0,58.3,56.6
2024-07-20 13:19:21.221,113,43.6,59.9,58.3,56.6
2024-07-20 13:49:21.727,113,43.5,59.9,58.3,56.6
2024-07-20 14:19:21.691,113,43.5,59.9,58.3,56.6
2024-07-20 14:49:21.669,113,43.4,59.9,58.3,56.5
2024-07-20 15:19:21.624,113,43.3,59.8,58.2,56.5
2024-07-20 15:49:21.577,113,43.2,59.8,58.2,56.4
2024-07-20 16:19:21.556,113,43.1,59.8,58.2,56.4
2024-07-20 16:49:21.510,113,43.1,59.8,58.2,56.4
2024-07-20 17:19:20.698,113,,,,
2024-07-20 17:49:21.617,113,42.9,59.7,58.2,56.4
2024-07-20 18:19:21.389,113,42.8,59.7,58.1,56.4
2024-07-20 18:49:21.388,113,42.8,59.7,58.1,56.3
2024-07-20 19:19:20.971,113,42.8,59.7,58.1,56.3
2024-07-20 19:49:21.281,113,42.8,59.7,58.2,56.3
2024-07-20 20:19:21.236,113,42.8,59.7,58.2,56.3
2024-07-20 20:49:21.194,113,42.7,59.8,58.2,56.3
2024-07-20 21:19:21.124,113,42.7,59.8,58.2,56.3
2024-07-20 21:49:21.121,113,42.7,59.8,58.2,56.3
2024-07-20 22:19:21.085,113,42.7,59.8,58.2,56.3
2024-07-20 22:49:21.054,113,42.6,59.8,58.2,56.3
2024-07-20 23:19:21.008,113,42.6,59.8,58.2,56.4
2024-07-20 23:49:20.642,113,42.5,59.8,58.2,56.4
2024-07-21 00:19:20.586,113,42.5,59.8,58.2,56.4
2024-07-21 00:49:20.892,113,42.5,59.8,58.2,56.4
2024-07-21 01:19:20.815,113,42.4,59.7,58.2,56.4
2024-07-21 01:49:20.817,113,42.4,59.7,58.2,56.4
2024-07-21 02:19:20.771,113,42.4,59.7,58.2,56.4
2024-07-21 02:49:20.740,113,42.3,59.7,58.2,56.4
2024-07-21 03:19:20.167,113,42.3,59.7,58.2,56.4
2024-07-21 03:49:20.853,113,42.2,59.7,58.2,56.4
2024-07-21 04:19:20.643,113,42.2,59.7,58.3,56.4
2024-07-21 04:49:20.614,113,42.2,59.7,58.3,56.4
2024-07-21 05:19:20.227,113,42.2,59.7,58.3,56.4
2024-07-21 05:49:20.513,113,42.2,59.7,58.3,56.4
2024-07-21 06:19:20.483,113,42.1,59.7,58.3,56.4
2024-07-21 06:49:19.892,113,42.1,59.7,58.3,56.4
2024-07-21 07:19:20.416,113,42.1,59.7,58.3,56.4
2024-07-21 07:49:19.814,113,42.1,59.7,58.3,56.4
2024-07-21 08:19:20.363,113,42.1,59.6,58.3,56.4
2024-07-21 08:49:20.296,113,42.1,59.6,58.3,56.4
2024-07-21 09:19:20.240,113,42.2,59.6,58.3,56.4
2024-07-21 09:49:19.659,113,42.1,59.6,58.3,56.4
2024-07-21 10:19:20.181,113,42.1,59.6,58.3,56.4
2024-07-21 10:49:20.121,113,42.1,59.6,58.2,56.4
2024-07-21 11:19:20.098,113,42.0,59.6,58.2,56.4
2024-07-21 11:49:20.071,113,42.0,59.6,58.2,56.4
2024-07-21 12:19:20.020,113,41.9,59.5,58.2,56.3
2024-07-21 12:49:19.996,113,41.8,59.5,58.1,56.3
2024-07-21 13:19:20.135,113,41.8,59.5,58.1,56.3
2024-07-21 13:49:19.912,113,41.7,59.4,58.1,56.3
2024-07-21 14:19:19.871,113,41.6,59.4,58.1,56.3
2024-07-21 14:49:19.854,113,41.6,59.4,58.1,56.2
2024-07-21 15:19:19.803,113,41.5,59.3,58.0,56.2
2024-07-21 15:49:19.735,113,41.4,59.3,58.0,56.1
2024-07-21 16:19:19.723,113,41.3,59.2,58.0,56.1
2024-07-21 16:49:19.681,113,41.2,59.1,57.9,56.0
2024-07-21 17:19:19.651,113,41.1,59.0,57.9,56.0
2024-07-21 17:49:19.590,113,41.1,58.9,57.9,56.0
2024-07-21 18:19:19.570,113,41.0,58.9,57.9,56.0
2024-07-21 18:49:19.530,113,41.0,58.9,57.9,55.9
2024-07-21 19:19:19.508,113,40.9,58.9,57.9,55.9
2024-07-21 19:49:19.404,113,40.9,58.9,57.9,55.9
2024-07-21 20:19:18.871,113,40.9,58.9,57.9,55.9
2024-07-21 20:49:19.369,113,40.9,58.9,57.9,55.9
2024-07-21 21:19:19.314,113,40.9,58.9,57.9,55.9
2024-07-21 21:49:19.283,113,40.9,59.0,57.9,55.9
2024-07-21 22:19:19.255,113,40.9,59.0,57.9,55.9
2024-07-21 22:49:19.213,113,40.9,59.0,57.9,55.9
2024-07-21 23:19:19.178,113,40.9,59.0,57.9,56.0
2024-07-21 23:49:19.145,113,40.8,59.0,57.9,56.0
2024-07-22 00:19:19.098,113,40.8,59.0,58.0,56.0
2024-07-22 00:49:18.741,113,40.7,59.0,58.0,56.0
2024-07-22 01:19:19.014,113,40.7,59.0,58.0,56.0
2024-07-22 01:49:18.948,113,40.7,59.0,58.0,56.0
2024-07-22 02:19:18.937,113,40.7,59.0,58.0,56.0
2024-07-22 02:49:18.553,113,40.6,58.9,58.0,56.0
2024-07-22 03:19:18.823,113,40.6,58.9,58.0,56.0
2024-07-22 03:49:18.834,113,40.6,58.9,58.0,56.0
2024-07-22 04:19:18.106,113,,,,
2024-07-22 04:49:18.924,113,40.6,58.9,58.0,56.0
2024-07-22 05:19:18.294,113,40.6,58.9,58.0,56.0
2024-07-22 05:49:18.005,113,,,,
2024-07-22 06:49:18.586,113,40.4,58.9,58.0,56.0
2024-07-22 07:19:18.525,113,40.4,58.9,58.0,56.0
2024-07-22 07:49:18.510,113,40.4,58.9,58.0,56.0
2024-07-22 08:19:18.498,113,40.4,58.8,58.0,56.0
2024-07-22 08:49:18.631,113,40.4,58.8,58.0,56.0
2024-07-22 09:19:18.415,113,40.4,58.8,58.0,56.0
2024-07-22 09:49:18.064,113,40.4,58.8,58.0,56.0
2024-07-22 10:19:18.376,113,,,,
2024-07-22 10:49:17.745,113,40.4,58.7,58.0,56.0
2024-07-22 11:19:18.286,113,40.3,58.6,58.0,56.0
2024-07-22 11:49:18.248,113,40.2,58.3,58.0,56.0
2024-07-22 12:19:17.666,113,40.2,58.1,57.9,55.9
2024-07-22 12:49:17.892,113,40.1,57.9,57.9,55.9
2024-07-22 13:19:18.154,113,40.0,57.8,57.9,55.8
2024-07-22 13:49:18.126,113,39.9,57.7,57.8,55.7
2024-07-22 14:19:18.085,113,39.8,57.6,57.8,55.6
2024-07-22 14:49:17.384,113,,,,
2024-07-22 15:19:18.009,113,39.6,57.4,57.7,55.4
2024-07-22 15:49:17.425,113,39.5,57.3,57.6,55.4
2024-07-22 16:19:17.383,113,39.4,57.2,57.6,55.3
2024-07-22 16:49:17.596,113,39.4,57.2,57.6,55.2
2024-07-22 17:19:17.815,113,39.3,57.1,57.5,55.2
2024-07-22 17:49:17.842,113,39.3,56.9,57.5,55.2
2024-07-22 18:19:17.486,113,39.2,56.9,57.5,55.1
2024-07-22 18:49:17.763,113,39.2,56.9,57.5,55.1
2024-07-22 19:19:17.914,113,39.2,56.9,57.5,55.1
2024-07-22 19:49:17.698,113,39.2,56.9,57.5,55.1
2024-07-22 20:19:17.674,113,39.2,56.9,57.5,55.1
2024-07-22 20:49:17.616,113,39.2,56.9,57.5,55.1
2024-07-22 21:49:17.535,113,39.2,57.0,57.5,55.2
2024-07-22 22:19:17.472,113,39.2,57.0,57.6,55.2
2024-07-22 22:49:17.171,113,39.1,57.0,57.6,55.2
2024-07-22 23:19:17.419,113,39.1,57.0,57.6,55.2
2024-07-23 00:19:17.338,113,39.1,57.0,57.6,55.2
2024-07-23 00:49:16.871,113,39.0,57.0,57.6,55.2
2024-07-23 01:19:17.208,113,38.9,56.9,57.6,55.2
2024-07-23 01:49:17.402,113,39.0,56.9,57.6,55.2
2024-07-23 02:19:17.191,113,38.9,56.9,57.6,55.2
2024-07-23 02:49:17.141,113,38.8,56.9,57.6,55.3
2024-07-23 03:19:17.109,113,38.8,56.9,57.6,55.3
2024-07-23 03:49:17.075,113,38.8,56.9,57.6,55.3
2024-07-23 04:19:17.032,113,38.8,56.9,57.6,55.3
2024-07-23 04:49:17.192,113,38.7,56.9,57.6,55.3
2024-07-23 05:19:16.967,113,38.7,56.8,57.6,55.3
2024-07-23 05:49:16.929,113,38.6,56.8,57.6,55.3
2024-07-23 06:19:17.081,113,38.7,56.8,57.6,55.3
2024-07-23 06:49:16.854,113,38.6,56.8,57.6,55.3
2024-07-23 07:19:16.792,113,38.6,56.8,57.6,55.3
2024-07-23 07:49:16.252,113,38.6,56.7,57.6,55.3
2024-07-23 08:19:16.745,113,38.6,56.7,57.6,55.3
2024-07-23 08:49:16.153,113,38.6,56.7,57.6,55.3
2024-07-23 09:19:16.673,113,38.6,56.7,57.6,55.3
2024-07-23 09:49:16.626,113,38.6,56.6,57.6,55.3
2024-07-23 10:19:16.314,113,38.6,56.6,57.6,55.3
2024-07-23 10:49:16.562,113,38.5,56.5,57.6,55.3
2024-07-23 11:19:15.996,113,38.5,56.4,57.6,55.3
2024-07-23 11:49:16.450,113,38.5,56.3,57.6,55.2
2024-07-23 12:19:16.467,113,38.4,56.1,57.6,55.2
2024-07-23 12:49:16.435,113,38.4,55.9,57.5,55.1
2024-07-23 13:19:16.397,113,38.4,56.0,57.5,55.0
2024-07-23 13:49:16.051,113,38.4,56.6,57.5,54.9
2024-07-23 14:19:16.332,113,38.6,57.3,57.4,54.8
2024-07-23 14:49:16.304,113,39.0,57.8,57.3,54.7
2024-07-23 15:19:16.263,113,39.4,58.1,57.3,54.6
2024-07-23 15:49:15.902,113,39.5,58.1,57.2,54.5
2024-07-23 16:19:16.189,113,39.5,58.0,57.2,54.4
2024-07-23 16:49:15.374,113,,,,
2024-07-23 17:19:16.121,113,39.4,57.8,57.1,54.3
2024-07-23 17:49:16.082,113,39.3,57.8,57.1,54.3
2024-07-23 18:19:15.484,113,39.3,57.7,57.0,54.3
2024-07-23 18:49:15.991,113,39.2,57.7,57.0,54.3
2024-07-23 19:19:16.149,113,39.2,57.7,57.0,54.3
2024-07-23 19:49:15.912,113,39.1,57.6,57.0,54.3
2024-07-23 20:19:15.586,113,39.1,57.6,57.0,54.3
2024-07-23 20:49:15.286,113,39.1,57.6,57.0,54.3
2024-07-23 21:19:15.792,113,39.0,57.6,57.1,54.3
2024-07-23 21:49:15.222,113,39.0,57.6,57.1,54.4
2024-07-23 22:19:15.718,113,39.0,57.6,57.1,54.4
2024-07-23 22:49:15.681,113,39.0,57.6,57.1,54.4
2024-07-23 23:19:15.608,113,38.9,57.6,57.1,54.4
2024-07-23 23:49:15.585,113,38.9,57.6,57.1,54.4
2024-07-24 00:19:15.574,113,38.8,57.6,57.1,54.4
2024-07-24 00:49:15.528,113,38.8,57.5,57.1,54.4
2024-07-24 01:19:15.464,113,38.8,57.5,57.2,54.5
2024-07-24 02:19:15.431,113,38.7,57.5,57.2,54.5
2024-07-24 02:49:15.391,113,38.7,57.4,57.2,54.5
2024-07-24 03:19:15.338,113,38.6,57.4,57.2,54.5
2024-07-24 03:49:15.276,113,38.6,57.4,57.2,54.5
2024-07-24 04:19:15.235,113,38.6,57.4,57.2,54.5
2024-07-24 04:49:15.210,113,38.6,57.3,57.2,54.5
2024-07-24 05:19:15.152,113,38.5,57.3,57.2,54.5
2024-07-24 05:49:15.137,113,38.5,57.3,57.2,54.5
2024-07-24 06:19:15.103,113,38.5,57.3,57.2,54.6
2024-07-24 06:49:15.054,113,38.4,57.3,57.2,54.6
2024-07-24 07:19:15.016,113,38.4,57.2,57.2,54.6
2024-07-24 07:49:14.994,113,38.4,57.2,57.2,54.6
2024-07-24 08:19:14.958,113,38.4,57.2,57.2,54.6
2024-07-24 08:49:14.480,113,38.4,57.2,57.2,54.6
2024-07-24 09:19:14.856,113,38.4,57.1,57.2,54.6
2024-07-24 09:49:14.797,113,38.4,57.1,57.2,54.6
2024-07-24 10:49:14.162,113,38.3,57.0,57.2,54.6
2024-07-24 11:19:14.697,113,38.7,57.0,57.3,54.6
2024-07-24 11:49:14.378,113,40.2,57.0,57.3,54.7
2024-07-24 12:19:14.047,113,40.1,57.0,57.2,54.6
2024-07-24 12:49:14.570,113,40.1,57.0,57.3,54.6
2024-07-24 13:19:14.472,113,40.0,57.0,57.2,54.6
2024-07-24 14:19:14.154,113,39.9,56.9,57.2,54.6
2024-07-24 14:49:14.432,113,39.9,56.8,57.2,54.6
2024-07-24 15:19:14.414,113,39.9,56.8,57.2,54.6
2024-07-24 15:49:14.031,113,39.8,56.8,57.2,54.6
2024-07-24 16:19:14.330,113,39.8,56.8,57.2,54.6
2024-07-24 16:49:14.280,113,39.8,56.8,57.2,54.6
2024-07-24 17:49:14.183,113,39.9,56.8,57.2,54.6
2024-07-24 18:19:14.101,113,39.8,56.8,57.2,54.6
2024-07-24 18:49:14.126,113,39.8,56.8,57.2,54.6
2024-07-24 19:19:14.236,113,39.9,56.8,57.2,54.6
2024-07-24 19:49:14.011,113,39.8,56.8,57.2,54.6
2024-07-24 20:19:14.008,113,39.8,56.8,57.2,54.6
2024-07-24 20:49:13.948,113,39.8,56.8,57.2,54.6
2024-07-24 23:19:13.689,113,39.7,56.8,57.2,54.6
2024-07-25 00:49:13.628,113,39.5,56.8,57.2,54.6
2024-07-25 01:19:13.615,113,39.5,56.8,57.2,54.6
2024-07-25 02:19:13.515,113,39.5,56.8,57.3,54.6
2024-07-25 03:19:13.416,113,39.4,56.7,57.3,54.7
2024-07-25 03:49:13.619,113,39.5,56.7,57.3,54.7
2024-07-25 04:19:13.396,113,39.4,56.7,57.3,54.7
2024-07-25 06:19:13.236,113,39.3,56.7,57.3,54.7
2024-07-25 07:49:13.102,113,39.2,56.6,57.3,54.7
2024-07-25 08:49:13.020,113,39.2,56.6,57.3,54.7
2024-07-25 09:19:12.970,113,39.2,56.6,57.3,54.7
2024-07-25 10:19:12.860,113,39.2,56.5,57.3,54.7
2024-07-25 10:49:12.119,113,,,,
2024-07-25 11:49:12.789,113,39.0,56.3,57.2,54.6
2024-07-25 12:19:12.745,113,39.0,56.2,57.2,54.6
2024-07-25 12:49:12.906,113,38.9,56.1,57.2,54.5
2024-07-25 13:19:12.704,113,38.9,56.0,57.1,54.5
2024-07-25 13:49:12.679,113,38.8,55.8,57.1,54.4
2024-07-25 14:19:12.628,113,38.7,55.7,57.1,54.4
2024-07-25 14:49:12.549,113,38.6,55.6,57.0,54.3
2024-07-25 15:19:12.585,113,38.6,55.5,57.0,54.3
2024-07-25 15:49:11.975,113,38.5,55.5,57.0,54.2
2024-07-25 16:19:12.474,113,38.5,55.4,56.9,54.2
2024-07-25 16:49:11.891,113,38.4,55.3,56.9,54.2
2024-07-25 17:19:12.571,113,38.4,55.3,56.9,54.1
2024-07-25 17:49:12.316,113,38.3,55.2,56.9,54.1
2024-07-25 18:19:12.323,113,38.3,55.2,56.9,54.1
2024-07-25 18:49:11.985,113,38.3,55.2,56.9,54.1
2024-07-25 19:19:12.240,113,38.3,55.2,56.8,54.1
2024-07-25 19:49:12.191,113,38.2,55.2,56.9,54.1
2024-07-25 20:19:12.184,113,38.2,55.2,56.8,54.1
2024-07-25 20:49:12.080,113,38.2,55.2,56.9,54.1
2024-07-25 21:19:11.755,113,38.2,55.2,56.9,54.2
2024-07-25 21:49:12.048,113,38.2,55.2,56.9,54.2
2024-07-25 22:19:11.711,113,38.2,55.2,56.9,54.2
2024-07-25 22:49:11.970,113,38.1,55.2,56.9,54.2
2024-07-25 23:19:11.947,113,38.1,55.3,56.9,54.2
2024-07-25 23:49:11.902,113,38.0,55.2,56.9,54.2
2024-07-26 00:19:11.891,113,38.0,55.2,56.9,54.2
2024-07-26 00:49:11.797,113,37.9,55.2,56.9,54.2
2024-07-26 01:19:11.825,113,37.9,55.2,56.9,54.2
2024-07-26 02:19:11.733,113,37.8,55.2,56.9,54.3
2024-07-26 02:49:11.163,113,37.7,55.2,56.9,54.3
2024-07-26 03:19:11.677,113,37.7,55.2,56.9,54.3
2024-07-26 03:49:11.646,113,37.7,55.2,56.9,54.3
2024-07-26 04:19:11.640,113,37.6,55.2,56.9,54.3
2024-07-26 04:49:11.597,113,37.5,55.1,56.9,54.3
2024-07-26 05:19:11.592,113,37.5,55.1,56.9,54.3
2024-07-26 05:49:11.551,113,37.5,55.1,56.9,54.3
2024-07-26 06:19:11.216,113,37.5,55.1,56.9,54.3
2024-07-26 06:49:11.516,113,37.5,55.1,56.9,54.3
2024-07-26 07:19:11.480,113,37.4,55.0,56.9,54.3
2024-07-26 07:49:11.446,113,37.3,55.0,56.9,54.3
2024-07-26 08:19:11.401,113,37.3,55.0,56.9,54.3
2024-07-26 08:49:11.394,113,37.2,55.0,56.9,54.3
2024-07-26 09:19:11.019,113,37.2,55.0,56.9,54.3
2024-07-26 09:49:11.288,113,37.2,54.9,56.9,54.3
2024-07-26 10:19:10.562,113,,,,
2024-07-26 10:49:11.178,113,37.2,54.9,56.9,54.3
2024-07-26 11:19:11.190,113,37.1,54.8,56.9,54.3
2024-07-26 11:49:10.594,113,37.1,54.7,56.8,54.2
2024-07-26 12:19:11.118,113,37.1,54.6,56.8,54.2
2024-07-26 12:49:11.098,113,37.0,54.5,56.8,54.1
2024-07-26 13:19:11.066,113,37.0,54.3,56.7,54.1
2024-07-26 13:49:11.036,113,37.0,54.3,56.7,54.1
2024-07-26 14:19:10.942,113,37.0,54.2,56.6,54.0
2024-07-26 15:19:10.133,113,,,,
2024-07-26 15:49:10.827,113,36.9,54.0,56.5,53.9
2024-07-26 16:19:10.844,113,36.9,53.9,56.4,53.8
2024-07-26 16:49:10.831,113,36.9,53.9,56.4,53.8
2024-07-26 17:19:10.794,113,36.8,53.8,56.4,53.8
2024-07-26 17:49:10.715,113,36.8,53.8,56.3,53.7
2024-07-26 18:19:10.695,113,36.8,53.7,56.3,53.7
2024-07-26 18:49:10.677,113,36.8,53.7,56.3,53.7
2024-07-26 19:19:10.642,113,36.8,53.7,56.3,53.7
2024-07-26 19:49:10.589,113,36.8,53.7,56.3,53.7
2024-07-26 20:19:10.550,113,36.8,53.7,56.3,53.7
2024-07-26 20:49:10.528,113,36.8,53.8,56.3,53.7
2024-07-26 21:19:10.482,113,36.7,53.8,56.3,53.7
2024-07-26 21:49:10.450,113,36.7,53.8,56.3,53.7
2024-07-30 09:57:12.698,113,,,,
2024-07-30 09:57:22.717,113,,,,
2024-07-30 10:27:32.630,113,,,,
2024-07-30 10:57:32.963,113,35.8,51.2,55.6,53.3
2024-07-30 11:27:32.699,113,35.8,51.1,55.6,53.3
2024-07-30 11:57:32.812,113,35.7,50.9,55.5,53.2
2024-07-30 12:27:32.832,113,35.6,50.7,55.4,53.2
2024-07-30 12:57:32.803,113,35.6,50.7,55.4,53.3
2024-07-30 13:27:32.780,113,35.5,50.6,55.3,53.3
2024-07-30 13:57:32.526,113,35.4,50.5,55.2,53.2
2024-07-30 14:27:32.519,113,35.3,50.3,55.1,53.1
2024-07-30 14:57:32.673,113,35.3,50.3,55.1,53.2
2024-07-30 15:27:32.670,113,35.2,50.1,55.0,53.0
2024-07-30 15:57:32.473,113,,,,
2024-07-30 16:27:32.486,113,35.1,50.0,54.7,52.9
2024-07-30 16:57:32.536,113,35.1,49.9,54.7,52.9
2024-07-30 17:27:32.377,113,,,,
2024-07-30 17:57:32.463,113,35.0,49.7,54.6,52.9
2024-07-30 18:27:32.233,113,34.9,49.7,54.5,52.9
2024-07-30 18:57:32.174,113,34.9,49.7,54.5,52.9
2024-07-30 19:27:32.373,113,34.9,49.7,54.5,52.9
2024-07-30 19:57:32.311,113,34.9,49.8,54.5,52.9
2024-07-30 20:27:32.272,113,34.9,49.8,54.5,52.9
2024-07-30 21:27:31.958,113,34.9,49.8,54.6,52.9
2024-07-30 21:57:32.117,113,34.9,49.8,54.6,52.9
2024-07-30 22:27:32.094,113,34.8,49.9,54.6,52.9
2024-07-30 22:57:32.025,113,34.8,49.9,54.7,53.0
2024-07-30 23:27:32.113,113,34.8,49.9,54.7,53.0
2024-07-30 23:57:31.985,113,34.8,49.9,54.7,53.0
2024-07-31 00:27:31.778,113,,,,
2024-07-31 00:57:31.726,113,,,,
2024-07-31 01:27:31.576,113,,,,
2024-07-31 01:57:31.782,113,34.7,50.0,54.8,53.0
2024-07-31 02:27:31.726,113,34.7,49.9,54.8,53.0
2024-07-31 02:57:31.696,113,34.6,49.9,54.8,53.1
2024-07-31 03:27:31.641,113,34.5,49.9,54.8,53.1
2024-07-31 03:57:31.476,113,,,,
2024-07-31 04:27:31.565,113,34.5,49.9,54.8,53.1
2024-07-31 04:57:31.441,113,34.5,49.9,54.8,53.1
2024-07-31 05:27:31.477,113,34.4,49.9,54.9,53.1
2024-07-31 05:57:31.442,113,34.4,49.9,54.9,53.1
2024-07-31 06:27:31.380,113,34.4,49.9,54.9,53.1
2024-07-31 06:57:31.372,113,34.3,49.9,54.9,53.1
2024-07-31 07:57:31.221,113,34.3,49.8,54.9,53.1
2024-07-31 08:27:31.126,113,34.3,49.8,54.9,53.1
2024-07-31 08:57:31.169,113,34.3,49.8,54.9,53.2
2024-07-31 09:27:31.261,113,34.3,49.8,54.9,53.2
2024-07-31 09:57:31.098,113,34.3,49.8,54.9,53.2
2024-07-31 10:27:31.067,113,34.2,49.7,54.9,53.2
2024-07-31 10:57:30.998,113,34.2,49.7,54.9,53.2
2024-07-31 11:27:30.817,113,,,,
2024-07-31 11:57:30.821,113,34.2,49.7,54.9,53.2
2024-07-31 12:27:30.858,113,34.4,49.8,55.0,53.3
2024-07-31 12:57:30.807,113,34.6,49.9,55.0,53.3
2024-07-31 13:27:30.376,113,,,,
2024-07-31 13:57:30.640,113,34.7,49.9,55.0,53.3
2024-07-31 14:27:30.687,113,34.7,49.8,55.0,53.3
2024-07-31 14:57:30.665,113,34.7,49.7,54.9,53.3
2024-07-31 15:27:30.601,113,34.7,49.6,54.9,53.3
2024-07-31 15:57:30.569,113,34.7,49.6,54.8,53.3
2024-07-31 16:27:30.322,113,34.7,49.5,54.7,53.2
2024-07-31 16:57:30.488,113,34.6,49.4,54.6,53.1
2024-07-31 17:27:30.446,113,34.6,49.4,54.6,53.1
2024-07-31 17:57:30.376,113,34.7,49.3,54.5,53.1
2024-07-31 18:27:30.237,113,,,,
2024-07-31 18:57:30.264,113,34.7,49.3,54.5,53.1
2024-07-31 19:27:30.227,113,34.7,49.3,54.5,53.1
2024-07-31 19:57:30.261,113,34.7,49.3,54.5,53.1
2024-07-31 20:27:30.210,113,34.7,49.4,54.5,53.1
2024-07-31 20:57:30.308,113,34.7,49.4,54.5,53.1
2024-07-31 21:27:30.033,113,34.7,49.4,54.6,53.1
2024-07-31 21:57:29.725,113,,,,
2024-07-31 22:27:30.047,113,34.6,49.4,54.6,53.2
2024-07-31 22:57:29.980,113,34.6,49.4,54.6,53.2
2024-07-31 23:27:29.924,113,34.7,49.4,54.6,53.2
2024-07-31 23:57:29.914,113,34.6,49.4,54.6,53.2
2024-08-01 00:27:29.647,113,34.6,49.4,54.6,53.2
2024-08-01 00:57:29.819,113,34.5,49.4,54.7,53.2
2024-08-01 01:27:29.776,113,34.5,49.4,54.7,53.2
2024-08-01 01:57:29.721,113,34.5,49.4,54.7,53.2
2024-08-01 02:27:29.678,113,34.5,49.5,54.7,53.2
2024-08-01 02:57:29.640,113,34.5,49.5,54.7,53.2
2024-08-01 03:27:29.589,113,34.5,49.4,54.7,53.2
2024-08-01 03:57:29.461,113,34.5,49.4,54.7,53.2
2024-08-01 04:27:29.507,113,34.5,49.4,54.7,53.2
2024-08-01 04:57:29.233,113,34.5,49.4,54.7,53.2
2024-08-01 05:27:29.423,113,34.5,49.4,54.7,53.2
2024-08-01 05:57:29.388,113,34.4,49.4,54.7,53.3
2024-08-01 06:27:29.344,113,34.4,49.4,54.7,53.3
2024-08-01 06:57:29.277,113,34.4,49.4,54.7,53.3
2024-08-01 07:27:29.029,113,34.4,49.4,54.7,53.3
2024-08-01 08:27:29.123,113,34.4,49.4,54.7,53.3
2024-08-01 08:57:29.110,113,34.4,49.4,54.8,53.3
2024-08-01 09:27:28.805,113,,,,
2024-08-01 09:57:29.026,113,34.4,49.4,54.8,53.3
2024-08-01 10:27:28.907,113,34.4,49.4,54.8,53.3
2024-08-01 11:27:28.996,113,34.4,49.4,54.8,53.3
2024-08-01 11:57:28.851,113,34.4,49.4,54.8,53.3
2024-08-01 12:27:28.777,113,,,,
2024-08-01 12:57:28.767,113,34.4,49.2,54.7,53.3
2024-08-01 13:27:28.724,113,34.4,49.2,54.7,53.3
2024-08-01 13:57:28.690,113,34.4,49.2,54.7,53.3
2024-08-01 14:27:28.644,113,34.4,49.1,54.6,53.3
2024-08-01 14:57:28.547,113,34.3,49.1,54.6,53.3
2024-08-01 15:27:28.592,113,34.3,49.1,54.6,53.3
2024-08-01 15:57:28.363,113,34.3,49.1,54.6,53.3
2024-08-01 16:27:28.490,113,34.3,49.1,54.6,53.3
2024-08-01 17:27:28.379,113,34.3,49.1,54.6,53.3
2024-08-01 17:57:28.388,113,34.3,49.1,54.6,53.3
2024-08-01 18:27:28.440,113,34.3,49.1,54.6,53.3
2024-08-01 18:57:28.205,113,34.3,49.1,54.6,53.3
2024-08-01 19:27:27.895,113,,,,
2024-08-01 19:57:27.988,113,34.3,49.2,54.6,53.3
2024-08-01 20:27:28.149,113,34.3,49.2,54.6,53.3
2024-08-01 20:57:28.114,113,34.3,49.2,54.6,53.3
2024-08-01 21:27:28.064,113,34.3,49.2,54.6,53.3
2024-08-01 21:57:28.004,113,34.3,49.2,54.6,53.3
2024-08-01 22:27:28.093,113,34.3,49.2,54.6,53.3
2024-08-01 22:57:27.923,113,34.3,49.2,54.6,53.3
2024-08-01 23:27:27.900,113,34.3,49.2,54.7,53.3
2024-08-01 23:57:27.967,113,34.3,49.2,54.7,53.3
2024-08-02 00:27:27.801,113,36.5,56.4,57.7,55.1
2024-08-02 00:57:27.797,113,36.9,57.3,57.6,54.9
2024-08-02 01:27:27.490,113,37.1,57.5,57.5,54.7
2024-08-02 01:57:27.691,113,37.3,57.4,57.4,54.6
2024-08-02 02:27:27.623,113,37.5,57.3,57.3,54.5
2024-08-02 02:57:27.572,113,37.5,57.2,57.2,54.5
2024-08-02 03:27:27.332,113,37.5,57.2,57.1,54.4
2024-08-02 03:57:27.477,113,37.5,57.2,57.1,54.4
2024-08-02 04:27:27.391,113,37.5,57.1,57.1,54.4
2024-08-02 04:57:27.400,113,37.6,57.1,57.0,54.4
2024-08-02 05:27:27.145,113,37.6,57.1,57.0,54.4
2024-08-02 06:27:27.388,113,37.7,57.0,57.0,54.4
2024-08-02 06:57:27.107,113,37.8,57.0,57.0,54.4
2024-08-02 07:27:27.099,113,37.8,57.0,57.0,54.4
2024-08-02 07:57:27.141,113,37.8,57.0,57.0,54.4
2024-08-02 08:27:27.220,113,37.9,57.0,57.0,54.4
2024-08-02 08:57:27.043,113,37.9,57.0,57.0,54.4
2024-08-02 09:27:27.152,113,,,,
2024-08-02 09:57:26.958,113,38.1,56.9,57.0,54.4
2024-08-02 10:27:26.984,113,,,,
2024-08-02 10:57:27.041,113,38.1,56.9,57.0,54.4
2024-08-02 11:27:26.995,113,38.1,56.8,56.9,54.4
2024-08-02 11:57:26.786,113,38.2,56.8,56.9,54.3
2024-08-02 12:27:27.045,113,38.2,56.7,56.8,54.3
2024-08-02 12:57:26.956,113,38.3,56.6,56.8,54.2
2024-08-02 13:27:26.891,113,38.2,56.6,56.8,54.2
2024-08-02 13:57:26.932,113,38.2,56.5,56.7,54.2
2024-08-02 14:27:26.926,113,38.2,56.5,56.7,54.1
2024-08-02 14:57:26.562,113,38.2,56.4,56.7,54.1
2024-08-02 15:27:26.337,113,38.2,56.4,56.6,54.1
2024-08-02 15:57:26.487,113,38.2,56.3,56.6,54.1
2024-08-02 16:27:26.458,113,38.2,56.3,56.6,54.1
2024-08-02 16:57:26.415,113,38.3,56.3,56.6,54.1
2024-08-02 17:27:26.372,113,38.4,56.4,56.6,54.1
2024-08-02 17:57:26.305,113,39.4,57.9,57.1,54.2
2024-08-02 18:27:26.015,113,,,,
2024-08-02 18:57:26.084,113,,,,
2024-08-02 19:27:26.309,113,44.6,58.6,57.3,54.3
2024-08-02 19:57:26.067,113,44.8,58.5,57.2,54.3
2024-08-02 20:27:26.018,113,45.0,58.4,57.2,54.3
2024-08-02 20:57:26.164,113,45.2,58.4,57.1,54.3
2024-08-02 21:27:25.931,113,45.3,58.3,57.1,54.3
2024-08-02 21:57:25.687,113,,,,
2024-08-02 22:27:25.843,113,45.3,58.2,57.1,54.3
2024-08-02 22:57:25.869,113,45.3,58.2,57.1,54.4
2024-08-02 23:27:25.819,113,45.3,58.2,57.1,54.4
2024-08-02 23:57:25.681,113,45.4,58.2,57.1,54.4
2024-08-03 00:27:25.301,113,,,,
2024-08-03 00:57:25.713,113,45.4,58.1,57.1,54.4
2024-08-03 01:27:25.665,113,45.4,58.1,57.1,54.4
2024-08-03 01:57:25.403,113,45.4,58.1,57.1,54.4
2024-08-03 02:27:25.525,113,,,,
2024-08-03 02:57:25.457,113,45.3,58.0,57.1,54.4
2024-08-03 03:27:25.473,113,45.3,58.0,57.1,54.4
2024-08-03 03:57:25.448,113,45.2,58.0,57.1,54.4
2024-08-03 04:27:25.421,113,45.2,57.9,57.1,54.4
2024-08-03 05:27:24.955,113,,,,
2024-08-03 05:57:25.267,113,45.2,57.9,57.1,54.4
2024-08-03 06:27:25.226,113,45.2,57.9,57.1,54.4
2024-08-03 06:57:25.189,113,45.2,57.9,57.1,54.4
2024-08-03 07:27:25.277,113,45.1,57.8,57.1,54.4
2024-08-03 07:57:25.096,113,45.1,57.8,57.1,54.5
2024-08-03 08:27:25.055,113,45.1,57.8,57.1,54.5
2024-08-03 08:57:25.025,113,45.1,57.8,57.1,54.5
2024-08-03 09:27:24.973,113,45.1,57.8,57.1,54.5
2024-08-03 09:57:24.795,113,,,,
2024-08-03 10:27:25.028,113,45.1,57.8,57.1,54.5
2024-08-03 10:57:24.888,113,45.1,57.8,57.1,54.4
2024-08-03 11:27:24.842,113,45.0,57.7,57.0,54.4
2024-08-03 11:57:24.716,113,44.9,57.6,57.0,54.4
2024-08-03 12:27:24.751,113,44.8,57.6,56.9,54.4
2024-08-03 12:57:24.615,113,44.7,57.5,56.9,54.3
2024-08-03 13:27:24.684,113,44.6,57.4,56.8,54.2
2024-08-03 13:57:24.779,113,44.5,57.3,56.8,54.2
2024-08-03 14:27:24.633,113,44.4,57.2,56.7,54.1
2024-08-03 15:27:24.513,113,44.1,57.0,56.6,54.1
2024-08-03 15:57:24.512,113,43.9,56.9,56.6,54.1
2024-08-03 16:27:24.280,113,43.9,56.9,56.5,54.1
2024-08-03 16:57:24.453,113,43.9,56.9,56.5,54.1
2024-08-03 17:27:24.422,113,43.8,56.8,56.5,54.1
2024-08-03 17:57:24.389,113,43.8,56.9,56.5,54.1
2024-08-03 18:27:24.335,113,43.8,56.9,56.5,54.1
2024-08-03 18:57:24.286,113,43.9,56.9,56.5,54.1
2024-08-03 19:27:24.260,113,43.9,57.0,56.5,54.1
2024-08-03 20:27:24.158,113,43.9,57.0,56.6,54.1
2024-08-03 20:57:24.139,113,43.9,57.1,56.6,54.1
2024-08-03 21:27:24.097,113,43.9,57.1,56.6,54.1
2024-08-03 21:57:23.956,113,43.8,57.1,56.6,54.1
2024-08-03 22:27:23.986,113,43.8,57.1,56.6,54.1
2024-08-03 22:57:23.737,113,43.8,57.2,56.7,54.1
2024-08-03 23:27:24.043,113,43.7,57.2,56.7,54.1
2024-08-04 00:27:23.668,113,,,,
2024-08-04 00:57:23.891,113,43.6,57.2,56.7,54.2
2024-08-04 01:27:23.733,113,43.6,57.2,56.7,54.2
2024-08-04 01:57:23.816,113,43.6,57.2,56.7,54.2
2024-08-04 02:27:23.652,113,43.5,57.2,56.7,54.2
2024-08-04 02:57:23.585,113,43.5,57.2,56.7,54.2
2024-08-04 03:27:23.547,113,43.5,57.2,56.8,54.2
2024-08-04 03:57:23.509,113,43.5,57.2,56.8,54.2
2024-08-04 04:27:23.484,113,43.4,57.2,56.8,54.2
2024-08-04 04:57:23.426,113,43.4,57.2,56.8,54.2
2024-08-04 05:27:23.503,113,43.4,57.2,56.8,54.2
2024-08-04 05:57:23.473,113,43.3,57.2,56.8,54.2
2024-08-04 06:27:23.086,113,43.3,57.2,56.8,54.2
2024-08-04 06:57:23.244,113,43.3,57.2,56.8,54.2
2024-08-04 07:27:23.143,113,43.2,57.2,56.8,54.2
2024-08-04 07:57:23.161,113,43.2,57.2,56.8,54.2
2024-08-04 08:27:23.125,113,43.2,57.2,56.8,54.3
2024-08-04 08:57:23.076,113,43.2,57.2,56.8,54.3
2024-08-04 09:27:22.980,113,43.2,57.2,56.8,54.3
2024-08-04 09:57:22.967,113,,,,
2024-08-04 10:27:23.110,113,43.2,57.1,56.8,54.3
2024-08-04 10:57:22.949,113,43.1,57.1,56.8,54.3
2024-08-04 11:27:22.926,113,43.1,57.1,56.8,54.2
2024-08-04 11:57:23.006,113,43.1,57.0,56.7,54.2
2024-08-04 12:27:22.872,113,43.0,57.0,56.7,54.2
2024-08-04 12:57:22.806,113,43.0,56.9,56.6,54.1
2024-08-04 13:27:22.753,113,,,,
2024-08-04 13:57:22.748,113,42.8,56.7,56.5,54.1
2024-08-04 14:27:22.573,113,,,,
2024-08-04 14:57:22.730,113,42.7,56.5,56.3,54.1
2024-08-04 15:27:22.665,113,42.6,56.5,56.2,54.1
2024-08-04 15:57:22.472,113,,,,
2024-08-04 16:27:22.597,113,42.5,56.4,56.2,54.0
2024-08-04 16:57:22.681,113,42.5,56.4,56.2,54.0
2024-08-04 17:27:22.475,113,,,,
2024-08-04 17:57:22.470,113,42.5,56.4,56.1,54.0
2024-08-04 18:27:22.398,113,42.4,56.4,56.1,54.0
2024-08-04 18:57:22.414,113,42.4,56.4,56.1,54.0
2024-08-04 19:27:22.486,113,42.4,56.4,56.2,54.0
2024-08-04 19:57:22.319,113,42.3,56.4,56.2,54.1
2024-08-04 20:27:22.281,113,42.3,56.5,56.2,54.1
2024-08-04 20:57:22.005,113,42.3,56.5,56.2,54.1
2024-08-04 21:27:22.186,113,42.3,56.5,56.3,54.1
2024-08-04 21:57:21.921,113,42.3,56.6,56.3,54.1
2024-08-04 22:27:22.224,113,42.2,56.6,56.3,54.1
2024-08-04 22:57:21.841,113,42.2,56.6,56.3,54.1
2024-08-04 23:27:22.010,113,42.2,56.6,56.3,54.1
2024-08-04 23:57:21.962,113,42.1,56.6,56.4,54.1
2024-08-05 00:27:21.917,113,42.1,56.6,56.4,54.1
2024-08-05 00:57:21.531,113,,,,
2024-08-05 01:27:21.878,113,42.0,56.6,56.4,54.1
2024-08-05 01:57:21.909,113,42.0,56.6,56.4,54.1
2024-08-05 02:27:21.694,113,42.0,56.6,56.4,54.1
2024-08-05 02:57:21.728,113,42.0,56.6,56.4,54.1
2024-08-05 03:27:21.525,113,,,,
2024-08-05 03:57:21.605,113,41.9,56.6,56.5,54.1
2024-08-05 04:27:21.222,113,,,,
2024-08-05 04:57:21.466,113,41.9,56.7,56.5,54.1
2024-08-05 05:27:21.265,113,41.9,56.7,56.5,54.1
2024-08-05 05:57:21.422,113,41.8,56.7,56.5,54.1
2024-08-05 06:27:21.329,113,41.8,56.7,56.5,54.1
2024-08-05 06:57:21.371,113,41.8,56.7,56.5,54.1
2024-08-05 07:27:21.295,113,41.8,56.7,56.5,54.1
2024-08-05 07:57:21.019,113,,,,
2024-08-05 08:27:21.214,113,41.7,56.6,56.5,54.2
2024-08-05 08:57:21.180,113,41.7,56.6,56.5,54.2
2024-08-05 09:27:21.029,113,41.7,56.6,56.5,54.2
2024-08-05 09:57:20.934,113,,,,
2024-08-05 10:27:20.882,113,,,,
2024-08-05 10:57:20.991,113,41.9,58.3,56.8,54.3
2024-08-05 11:27:20.800,113,,,,
2024-08-05 11:57:20.892,113,42.1,59.0,57.1,54.3
2024-08-05 12:27:20.856,113,42.2,59.2,57.1,54.3
2024-08-05 13:27:20.777,113,42.2,59.3,57.1,54.3
2024-08-05 13:57:20.740,113,42.2,59.2,57.0,54.3
2024-08-05 14:27:20.700,113,42.1,59.1,56.9,54.2
2024-08-05 14:57:20.675,113,42.1,58.9,56.8,54.1
2024-08-05 15:27:20.632,113,42.0,58.8,56.7,54.1
2024-08-05 15:57:20.438,113,,,,
2024-08-05 16:27:20.545,113,41.9,58.5,56.4,54.1
2024-08-05 16:57:20.513,113,41.8,58.3,56.3,54.0
2024-08-05 17:57:20.418,113,41.7,58.1,56.2,54.0
2024-08-05 18:27:20.406,113,41.7,58.0,56.2,54.0
2024-08-05 18:57:20.384,113,41.7,58.0,56.2,54.0
2024-08-05 19:27:20.319,113,41.6,58.0,56.2,54.0
2024-08-05 19:57:20.261,113,41.6,58.0,56.2,54.0
2024-08-05 20:27:20.231,113,41.6,57.9,56.3,54.0
2024-08-05 20:57:20.189,113,41.6,58.0,56.3,54.1
2024-08-05 21:27:19.926,113,41.6,58.0,56.3,54.1
2024-08-05 21:57:20.104,113,41.6,58.0,56.3,54.1
2024-08-05 22:27:20.044,113,41.6,58.0,56.4,54.1
2024-08-05 22:57:20.140,113,41.6,58.0,56.4,54.1
2024-08-05 23:27:19.885,113,41.6,58.0,56.4,54.1
2024-08-05 23:57:19.908,113,41.6,58.0,56.4,54.1
2024-08-06 00:27:19.883,113,41.5,58.0,56.4,54.1
2024-08-06 00:57:19.832,113,41.5,58.0,56.4,54.1
2024-08-06 01:27:19.802,113,41.5,58.0,56.5,54.1
2024-08-06 02:27:19.459,113,41.4,58.0,56.5,54.1
2024-08-06 02:57:19.645,113,41.4,57.9,56.5,54.1
2024-08-06 03:27:19.553,113,41.3,57.9,56.5,54.1
2024-08-06 03:57:19.540,113,41.3,57.9,56.5,54.1
2024-08-06 04:27:19.517,113,41.3,57.9,56.5,54.1
2024-08-06 04:57:19.399,113,41.3,57.9,56.6,54.1
2024-08-06 05:27:19.441,113,41.2,57.9,56.6,54.1
2024-08-06 05:57:19.182,113,41.2,57.9,56.6,54.1
2024-08-06 06:27:19.468,113,41.2,57.9,56.6,54.1
2024-08-06 06:57:19.311,113,41.2,57.9,56.6,54.1
2024-08-06 07:27:19.049,113,41.1,57.9,56.6,54.1
2024-08-06 07:57:19.322,113,41.1,57.9,56.6,54.1
2024-08-06 08:27:19.164,113,41.1,57.8,56.6,54.2
2024-08-06 08:57:19.143,113,41.1,57.8,56.6,54.2
2024-08-06 09:27:19.079,113,41.1,57.8,56.6,54.2
2024-08-06 09:57:18.899,113,,,,
2024-08-06 10:27:19.013,113,41.0,57.7,56.6,54.1
2024-08-06 10:57:18.527,113,,,,
2024-08-06 11:27:18.975,113,40.9,57.5,56.4,54.1
2024-08-06 11:57:19.038,113,40.9,57.3,56.3,54.1
2024-08-06 12:27:18.644,113,40.8,57.1,56.2,54.1
2024-08-06 13:27:18.795,113,40.7,56.7,55.9,53.9
2024-08-06 13:57:18.683,113,40.6,56.6,55.8,53.9
2024-08-06 14:27:18.740,113,40.6,56.4,55.7,53.8
2024-08-06 14:57:18.611,113,40.5,56.4,55.6,53.8
2024-08-06 15:27:18.676,113,40.5,56.3,55.6,53.8
2024-08-06 15:57:18.762,113,40.4,56.2,55.5,53.8
2024-08-06 16:27:18.593,113,40.3,56.1,55.4,53.7
2024-08-06 16:57:18.546,113,40.3,56.0,55.4,53.7
2024-08-06 17:27:18.497,113,40.3,56.0,55.4,53.7
2024-08-06 17:57:18.466,113,40.2,56.0,55.4,53.7
2024-08-06 18:27:18.427,113,40.2,56.1,55.4,53.7
2024-08-06 18:57:18.370,113,40.1,56.1,55.4,53.8
2024-08-06 19:27:18.335,113,40.0,56.1,55.5,53.8
2024-08-06 19:57:18.269,113,40.0,56.1,55.5,53.8
2024-08-06 20:27:18.232,113,40.0,56.1,55.5,53.8
2024-08-06 20:57:18.176,113,39.9,56.1,55.5,53.8
2024-08-06 21:27:18.184,113,39.8,56.1,55.6,53.8
2024-08-06 21:57:18.117,113,39.8,56.2,55.6,53.8
2024-08-06 22:27:18.086,113,39.7,56.2,55.6,53.8
2024-08-06 23:27:17.838,113,,,,
2024-08-06 23:57:17.918,113,39.5,56.2,55.7,53.9
2024-08-07 00:27:17.887,113,39.5,56.1,55.7,53.9
2024-08-07 00:57:17.852,113,39.4,56.1,55.7,53.9
2024-08-07 01:27:17.796,113,39.4,56.1,55.7,53.9
2024-08-07 01:57:17.877,113,39.3,56.1,55.7,53.9
2024-08-07 02:27:17.381,113,,,,
2024-08-07 02:57:17.576,113,39.3,56.1,55.7,53.9
2024-08-07 03:27:17.614,113,39.2,56.1,55.7,53.9
2024-08-07 03:57:17.592,113,39.2,56.1,55.7,53.9
2024-08-07 04:27:17.668,113,39.1,56.0,55.8,53.9
2024-08-07 04:57:17.488,113,39.1,56.0,55.8,53.9
2024-08-07 05:27:17.470,113,39.0,56.1,55.8,53.9
2024-08-07 05:57:17.415,113,39.0,56.0,55.8,53.9
2024-08-07 06:27:17.383,113,39.0,56.0,55.8,53.9
2024-08-07 06:57:17.338,113,39.0,56.0,55.8,53.9
2024-08-07 07:27:17.300,113,38.9,56.0,55.8,53.9
2024-08-07 07:57:17.265,113,39.0,56.0,55.8,53.9
2024-08-07 08:27:17.136,113,38.9,56.0,55.8,54.0
2024-08-07 08:57:16.952,113,38.9,56.0,55.8,54.0
2024-08-07 09:27:17.255,113,38.9,56.0,55.8,54.0
2024-08-07 09:57:16.953,113,,,,
2024-08-07 10:27:16.990,113,,,,
2024-08-07 10:57:16.998,113,38.8,55.9,55.8,54.0
2024-08-07 11:27:16.738,113,38.7,55.9,55.7,54.0
2024-08-07 11:57:16.895,113,38.7,55.8,55.7,53.9
2024-08-07 12:27:16.724,113,,,,
2024-08-07 12:57:16.690,113,,,,
2024-08-07 13:27:16.769,113,38.6,55.5,55.3,53.8
2024-08-07 13:57:16.754,113,38.5,55.4,55.2,53.8
2024-08-07 14:27:16.694,113,38.5,55.3,55.0,53.7
2024-08-07 14:57:16.574,113,38.5,55.2,54.9,53.7
2024-08-07 15:27:16.410,113,38.4,55.1,54.8,53.6
2024-08-07 15:57:16.435,113,,,,
2024-08-07 16:27:16.504,113,38.4,55.0,54.6,53.6
2024-08-07 16:57:16.497,113,38.4,55.0,54.6,53.5
2024-08-07 17:27:16.441,113,38.3,55.0,54.6,53.5
2024-08-07 17:57:16.368,113,,,,
2024-08-07 18:27:16.393,113,38.3,55.0,54.5,53.5
2024-08-07 18:57:16.333,113,38.3,55.0,54.5,53.5
2024-08-07 19:27:16.251,113,38.3,55.0,54.5,53.5
2024-08-07 19:57:16.217,113,38.3,55.0,54.5,53.5
2024-08-07 20:27:16.162,113,38.3,55.1,54.5,53.5
2024-08-07 20:57:16.126,113,38.3,55.1,54.6,53.5
2024-08-07 21:27:16.013,113,38.3,55.1,54.6,53.5
2024-08-07 21:57:16.039,113,38.2,55.1,54.6,53.5
2024-08-07 22:27:15.994,113,38.2,55.1,54.6,53.5
2024-08-07 22:57:15.982,113,38.1,55.1,54.6,53.5
2024-08-07 23:27:15.914,113,38.1,55.1,54.6,53.5
2024-08-07 23:57:15.885,113,38.1,55.1,54.6,53.6
2024-08-08 00:27:15.832,113,38.0,55.1,54.7,53.6
2024-08-08 00:57:15.806,113,38.0,55.1,54.7,53.6
2024-08-08 01:57:15.625,113,37.9,55.1,54.7,53.6
2024-08-08 02:27:15.682,113,37.9,55.1,54.7,53.6
2024-08-08 02:57:15.639,113,37.8,55.1,54.7,53.6
2024-08-08 03:27:15.616,113,37.8,55.1,54.7,53.6
2024-08-08 03:57:15.570,113,37.7,55.1,54.7,53.6
2024-08-08 04:27:15.539,113,37.7,55.1,54.7,53.6
2024-08-08 04:57:15.439,113,37.7,55.1,54.7,53.6
2024-08-08 05:27:15.456,113,37.6,55.0,54.7,53.6
2024-08-08 05:57:15.380,113,37.6,55.0,54.7,53.6
2024-08-08 06:27:15.439,113,37.6,55.0,54.7,53.6
2024-08-08 06:57:15.148,113,37.5,55.0,54.7,53.6
2024-08-08 07:27:15.264,113,37.5,55.0,54.7,53.6
2024-08-08 07:57:15.067,113,37.5,55.0,54.7,53.6
2024-08-08 08:27:15.178,113,37.5,55.0,54.7,53.6
2024-08-08 08:57:15.206,113,37.5,54.9,54.8,53.6
2024-08-08 09:27:15.008,113,,,,
2024-08-08 09:57:15.102,113,37.5,54.9,54.7,53.6
2024-08-08 10:27:15.075,113,37.5,54.9,54.7,53.6
2024-08-08 10:57:14.934,113,37.5,54.8,54.6,53.5
2024-08-08 11:27:14.987,113,37.4,54.7,54.5,53.5
2024-08-08 11:57:14.937,113,37.4,54.6,54.3,53.4
2024-08-08 12:27:14.918,113,37.5,54.4,54.1,53.3
2024-08-08 12:57:14.859,113,37.5,54.3,54.1,53.3
2024-08-08 13:27:14.953,113,37.4,54.1,53.9,53.2
2024-08-08 13:57:14.708,113,37.4,54.1,53.7,53.1
2024-08-08 14:27:14.732,113,37.3,54.0,53.6,53.0
2024-08-08 14:57:14.730,113,37.2,53.9,53.5,53.0
2024-08-08 15:27:14.588,113,37.2,53.8,53.4,52.9
2024-08-08 15:57:14.542,113,37.2,53.7,53.3,52.9
2024-08-08 16:27:14.579,113,37.1,53.6,53.2,52.8
2024-08-08 16:57:14.534,113,37.2,53.6,53.2,52.9
2024-08-08 17:27:14.141,113,,,,
2024-08-08 17:57:14.376,113,37.4,57.0,56.4,53.1
2024-08-08 18:27:14.423,113,37.4,57.5,56.3,53.1
2024-08-08 18:57:14.167,113,37.4,58.1,56.4,53.2
2024-08-08 19:27:14.319,113,37.5,58.4,56.5,53.2
2024-08-08 19:57:14.197,113,37.8,59.0,56.5,53.2
2024-08-08 20:27:14.246,113,38.1,59.6,56.5,53.3
2024-08-08 20:57:14.120,113,38.3,59.8,56.6,53.3
2024-08-08 21:27:14.154,113,38.4,59.9,56.5,53.3
2024-08-08 21:57:14.029,113,38.5,59.9,56.5,53.3
2024-08-08 22:27:14.073,113,38.5,59.9,56.5,53.3
2024-08-08 22:57:14.030,113,38.5,59.9,56.5,53.3
2024-08-08 23:27:13.971,113,38.4,59.9,56.4,53.3
2024-08-08 23:57:14.048,113,38.4,59.9,56.4,53.4
2024-08-09 00:27:13.885,113,38.4,59.9,56.4,53.4
2024-08-09 00:57:13.860,113,38.4,59.9,56.4,53.4
2024-08-09 01:27:13.569,113,38.3,59.9,56.4,53.4
2024-08-09 01:57:13.773,113,38.3,59.9,56.5,53.4
2024-08-09 02:27:13.724,113,38.2,59.8,56.5,53.4
2024-08-09 02:57:13.667,113,38.2,59.8,56.5,53.4
2024-08-09 03:27:13.672,113,38.2,59.7,56.5,53.4
2024-08-09 03:57:13.247,113,,,,
2024-08-09 04:27:13.554,113,38.1,59.6,56.5,53.4
2024-08-09 04:57:13.301,113,38.0,59.6,56.5,53.4
2024-08-09 05:27:13.127,113,,,,
2024-08-09 05:57:13.437,113,37.9,59.5,56.5,53.5
2024-08-09 06:27:13.395,113,37.9,59.4,56.5,53.5
2024-08-09 06:57:13.361,113,37.8,59.4,56.5,53.5
2024-08-09 07:27:13.246,113,37.8,59.3,56.5,53.5
2024-08-09 07:57:13.060,113,37.8,59.3,56.5,53.5
2024-08-09 08:27:13.218,113,37.7,59.2,56.5,53.5
2024-08-09 08:57:13.167,113,37.7,59.2,56.5,53.5
2024-08-09 09:27:13.134,113,37.6,59.1,56.5,53.5
2024-08-09 09:57:13.080,113,37.6,59.0,56.4,53.5
2024-08-09 10:27:12.902,113,,,,
2024-08-09 10:57:13.011,113,37.5,58.6,56.3,53.4
2024-08-09 11:27:12.956,113,37.5,58.4,56.2,53.3
2024-08-09 11:57:12.915,113,37.4,58.3,56.1,53.3
2024-08-09 12:27:12.883,113,37.3,58.1,55.9,53.2
2024-08-09 12:57:12.764,113,37.3,57.8,55.8,53.1
2024-08-09 13:57:12.614,113,,,,
2024-08-09 14:27:12.553,113,,,,
2024-08-09 14:57:12.649,113,37.0,56.8,55.1,52.9
2024-08-09 15:27:12.625,113,37.0,56.6,55.0,52.8
2024-08-09 15:57:12.511,113,36.9,56.4,54.9,52.8
2024-08-09 16:27:12.310,113,36.9,56.2,54.8,52.8
2024-08-09 16:57:12.467,113,36.8,56.1,54.7,52.7
2024-08-09 17:27:12.429,113,36.8,56.0,54.7,52.7
2024-08-09 17:57:12.146,113,,,,
2024-08-09 18:27:12.376,113,36.7,55.9,54.7,52.8
2024-08-09 18:57:12.414,113,36.7,55.9,54.7,52.8
2024-08-09 19:27:12.260,113,36.7,55.9,54.8,52.8
2024-08-09 19:57:12.203,113,36.7,55.9,54.8,52.8
2024-08-09 20:27:12.151,113,36.6,55.9,54.8,52.8
2024-08-09 20:57:12.131,113,36.6,55.9,54.9,52.8
2024-08-09 21:27:12.227,113,36.6,56.0,54.9,52.9
2024-08-09 21:57:12.055,113,36.6,56.0,55.0,52.9
2024-08-09 22:57:11.937,113,36.5,56.0,55.0,52.9
2024-08-09 23:27:11.925,113,36.4,56.0,55.1,52.9
2024-08-10 00:27:11.840,113,36.4,56.0,55.1,52.9
2024-08-10 00:57:11.685,113,,,,
2024-08-10 01:27:11.648,113,,,,
2024-08-10 01:57:11.542,113,36.3,56.0,55.2,53.0
2024-08-10 02:27:11.725,113,36.2,56.0,55.2,53.0
2024-08-10 02:57:11.704,113,36.2,56.0,55.2,53.0
2024-08-10 03:27:11.784,113,36.1,56.0,55.2,53.0
2024-08-10 03:57:11.601,113,36.1,56.0,55.3,53.0
2024-08-10 04:27:11.636,113,36.1,56.0,55.3,53.0
2024-08-10 04:57:11.586,113,36.1,56.0,55.3,53.0
2024-08-10 05:27:11.545,113,36.0,56.0,55.3,53.0
2024-08-10 05:57:11.384,113,,,,
2024-08-10 06:27:11.381,113,,,,
2024-08-10 06:57:11.380,113,35.9,55.9,55.3,53.1
2024-08-10 07:27:11.414,113,35.9,55.9,55.3,53.1
2024-08-10 07:57:11.409,113,35.9,55.9,55.4,53.1
2024-08-10 08:27:11.245,113,35.9,55.9,55.4,53.1
2024-08-10 08:57:10.958,113,,,,
2024-08-10 09:27:11.255,113,35.8,55.9,55.4,53.1
2024-08-10 09:57:11.202,113,35.8,55.8,55.3,53.0
2024-08-10 10:27:11.095,113,35.8,55.7,55.3,53.0
2024-08-10 10:57:11.041,113,35.8,55.5,55.2,53.0
2024-08-10 11:27:11.074,113,35.8,55.4,55.0,52.9
2024-08-10 11:57:11.165,113,35.8,55.1,54.8,52.8
2024-08-10 12:57:10.919,113,35.8,54.6,54.5,52.6
2024-08-10 13:27:10.902,113,35.8,54.4,54.3,52.5
2024-08-10 13:57:10.832,113,35.7,54.2,54.1,52.4
2024-08-10 14:27:10.826,113,35.7,53.9,54.0,52.4
2024-08-10 14:57:10.765,113,35.7,53.7,53.8,52.3
2024-08-10 15:27:10.400,113,,,,
2024-08-10 16:27:10.534,113,35.7,53.3,53.4,52.2
2024-08-10 16:57:10.580,113,35.7,53.3,53.4,52.2
2024-08-10 17:27:10.350,113,35.7,53.2,53.3,52.2
2024-08-10 17:57:10.493,113,35.7,53.2,53.3,52.2
2024-08-10 18:27:10.452,113,35.7,53.2,53.3,52.2
2024-08-10 18:57:10.405,113,35.7,53.2,53.3,52.2
2024-08-10 19:27:10.378,113,35.7,53.2,53.3,52.2
2024-08-10 19:57:10.325,113,35.7,53.2,53.3,52.2
2024-08-10 20:27:10.279,113,35.7,53.2,53.3,52.2
2024-08-10 20:57:10.218,113,35.7,53.3,53.4,52.2
2024-08-10 21:27:10.099,113,35.6,53.3,53.4,52.2
2024-08-10 21:57:10.155,113,35.6,53.3,53.5,52.3
2024-08-10 22:27:10.031,113,35.5,53.3,53.5,52.3
2024-08-10 22:57:10.111,113,35.5,53.3,53.5,52.3
2024-08-10 23:27:10.056,113,35.4,53.4,53.6,52.3
2024-08-10 23:57:10.034,113,35.4,53.4,53.6,52.3
2024-08-11 00:27:10.001,113,35.3,53.3,53.6,52.3
2024-08-11 00:57:09.885,113,35.3,53.3,53.7,52.3
2024-08-11 01:27:09.918,113,35.2,53.3,53.7,52.3
2024-08-11 01:57:09.894,113,35.2,53.3,53.7,52.3
2024-08-11 02:27:09.657,113,35.2,53.3,53.7,52.3
2024-08-11 03:27:09.592,113,35.1,53.3,53.8,52.4
2024-08-11 03:57:09.764,113,35.1,53.3,53.8,52.4
2024-08-11 04:27:09.745,113,35.1,53.3,53.8,52.4
2024-08-11 04:57:09.840,113,35.1,53.3,53.8,52.4
2024-08-11 05:27:09.677,113,35.0,53.3,53.8,52.4
2024-08-11 05:57:09.649,113,35.0,53.3,53.8,52.4
2024-08-11 06:27:09.613,113,35.0,53.2,53.9,52.4
2024-08-11 06:57:09.590,113,34.9,53.2,53.9,52.4
2024-08-11 07:27:09.584,113,34.9,53.2,53.9,52.4
2024-08-11 07:57:09.507,113,34.9,53.2,53.9,52.4
2024-08-11 08:27:09.605,113,34.9,53.2,53.9,52.4
2024-08-11 08:57:09.582,113,34.9,53.2,53.9,52.4
2024-08-11 09:27:09.387,113,34.9,53.1,53.9,52.4
2024-08-11 09:57:09.369,113,34.9,53.1,53.9,52.4
2024-08-11 10:27:09.305,113,34.9,53.0,53.8,52.3
2024-08-11 10:57:09.259,113,34.9,52.8,53.6,52.3
2024-08-11 11:27:09.219,113,34.9,52.6,53.4,52.2
2024-08-11 11:57:09.100,113,34.9,52.4,53.2,52.1
2024-08-11 12:27:09.160,113,35.0,52.2,53.0,52.0
2024-08-11 12:57:09.112,113,34.9,52.0,52.8,52.0
2024-08-11 13:27:09.056,113,34.9,51.9,52.7,51.9
2024-08-11 13:57:09.013,113,34.9,51.7,52.5,51.8
2024-08-11 14:57:08.850,113,34.9,51.4,52.2,51.7
2024-08-11 15:27:08.742,113,,,,
2024-08-11 15:57:08.852,113,34.9,51.2,51.9,51.6
2024-08-11 16:57:08.716,113,34.9,51.0,51.7,51.5
2024-08-11 17:27:08.669,113,34.9,51.0,51.6,51.5
2024-08-11 17:57:08.458,113,34.9,50.9,51.6,51.5
2024-08-11 18:27:08.673,113,34.8,50.9,51.6,51.5
2024-08-11 18:57:08.588,113,34.8,50.9,51.6,51.5
2024-08-11 19:27:08.556,113,34.9,51.0,51.6,51.5
2024-08-11 19:57:08.409,113,34.9,51.0,51.6,51.5
2024-08-11 20:27:08.567,113,34.8,51.0,51.6,51.5
2024-08-11 20:57:08.397,113,34.8,51.1,51.7,51.5
2024-08-11 21:27:08.267,113,34.8,51.1,51.7,51.5
2024-08-11 21:57:08.259,113,34.8,51.1,51.7,51.6
2024-08-11 22:27:08.285,113,34.7,51.2,51.8,51.6
2024-08-11 22:57:08.254,113,34.7,51.2,51.8,51.6
2024-08-11 23:27:08.202,113,34.6,51.2,51.9,51.6
2024-08-11 23:57:07.975,113,34.6,51.2,51.9,51.6
2024-08-12 00:57:07.689,113,,,,
2024-08-12 01:27:07.953,113,,,,
2024-08-12 01:57:08.069,113,34.4,51.2,52.0,51.6
2024-08-12 02:27:08.011,113,34.4,51.2,52.0,51.6
2024-08-12 02:57:07.548,113,,,,
2024-08-12 03:27:07.968,113,34.3,51.2,52.0,51.7
2024-08-12 03:57:07.868,113,34.3,51.1,52.0,51.7
2024-08-12 04:57:07.846,113,34.3,51.1,52.1,51.7
2024-08-12 05:27:07.812,113,34.2,51.1,52.1,51.7
2024-08-12 05:57:07.833,113,34.2,51.1,52.1,51.7
2024-08-12 06:27:07.769,113,34.2,51.1,52.1,51.7
2024-08-12 06:57:07.670,113,34.1,51.1,52.1,51.7
2024-08-12 07:27:07.730,113,34.1,51.1,52.1,51.7
2024-08-12 07:57:07.609,113,34.1,51.0,52.1,51.7
2024-08-12 08:27:07.639,113,34.1,51.0,52.1,51.7
2024-08-12 08:57:07.743,113,34.1,51.0,52.1,51.7
2024-08-12 09:27:04.596,113,34.1,51.0,52.1,51.7
2024-08-12 09:57:07.294,113,,,,
2024-08-12 10:27:07.469,113,34.1,50.9,52.0,51.6
2024-08-12 10:57:07.434,113,34.1,50.7,51.9,51.6
2024-08-12 11:27:07.398,113,34.2,50.7,51.9,51.5
2024-08-12 11:57:07.398,113,34.4,53.7,56.0,51.9
2024-08-12 12:27:07.314,113,34.5,54.9,56.0,52.4
2024-08-12 12:57:07.102,113,34.5,55.4,55.8,52.1
2024-08-12 13:27:07.252,113,34.5,55.9,55.6,52.0
2024-08-12 13:57:07.211,113,34.5,56.3,55.5,51.9
2024-08-12 14:57:07.199,113,34.7,57.3,55.3,51.7
2024-08-12 15:27:07.093,113,34.9,57.5,55.3,51.6
2024-08-12 15:57:06.983,113,,,,
2024-08-12 16:27:07.256,113,35.0,57.5,55.2,51.6
2024-08-12 16:57:06.991,113,35.0,57.4,55.0,51.6
2024-08-12 17:27:06.858,113,35.0,57.2,54.9,51.6
2024-08-12 17:57:06.818,113,35.0,56.9,54.9,51.6
2024-08-12 18:27:06.791,113,35.0,56.7,54.9,51.6
2024-08-12 18:57:06.813,113,35.0,56.6,54.9,51.6
2024-08-12 19:27:06.764,113,34.9,56.5,54.9,51.7
2024-08-12 19:57:06.717,113,34.9,56.4,54.9,51.7
2024-08-12 20:27:06.668,113,34.9,56.4,54.9,51.7
2024-08-12 20:57:06.628,113,34.9,56.3,54.9,51.7
2024-08-12 21:27:06.359,113,,,,
2024-08-12 21:57:06.530,113,34.9,56.2,54.9,51.7
2024-08-12 22:27:06.154,113,,,,
2024-08-12 22:57:06.460,113,34.8,56.2,55.0,51.7
2024-08-12 23:27:06.429,113,34.7,56.1,55.0,51.8
2024-08-12 23:57:06.395,113,34.7,56.1,55.1,51.8
2024-08-13 00:27:06.385,113,34.6,56.0,55.1,51.8
2024-08-13 00:57:05.933,113,34.6,56.0,55.1,51.8
2024-08-13 01:27:06.288,113,34.5,56.0,55.1,51.8
2024-08-13 01:57:06.268,113,34.5,56.0,55.1,51.8
2024-08-13 02:27:06.203,113,34.5,55.9,55.1,51.8
2024-08-13 02:57:06.176,113,34.4,55.9,55.2,51.8
2024-08-13 03:27:05.939,113,34.4,55.9,55.2,51.8
2024-08-13 03:57:05.906,113,34.3,55.8,55.2,51.8
2024-08-13 04:27:06.174,113,34.3,55.8,55.2,51.8
2024-08-13 04:57:06.161,113,34.3,55.8,55.2,51.9
2024-08-13 05:57:05.938,113,34.2,55.7,55.3,51.9
2024-08-13 06:27:05.937,113,34.2,55.7,55.3,51.9
2024-08-13 06:57:05.832,113,34.2,55.6,55.3,51.9
2024-08-13 07:27:05.898,113,34.1,55.6,55.3,51.9
2024-08-13 08:27:05.791,113,34.1,55.5,55.3,51.9
2024-08-13 08:57:05.691,113,34.1,55.5,55.3,51.9
2024-08-13 09:27:05.716,113,34.1,55.5,55.3,51.9
2024-08-13 09:57:05.670,113,34.1,55.4,55.3,51.9
2024-08-13 10:27:05.647,113,34.1,55.3,55.3,51.9
2024-08-13 10:57:05.603,113,34.1,55.1,55.2,51.8
2024-08-13 11:27:05.571,113,34.2,54.8,55.0,51.7
2024-08-13 11:57:05.515,113,34.2,54.5,54.8,51.6
2024-08-13 12:27:05.442,113,34.2,54.3,54.6,51.5
2024-08-13 12:57:05.405,113,34.3,53.8,54.5,51.5
2024-08-13 13:27:05.436,113,34.3,53.3,54.2,51.4
2024-08-13 13:57:05.019,113,34.3,52.8,54.1,51.3
2024-08-13 14:27:05.385,113,34.3,52.4,53.8,51.3
2024-08-13 14:57:05.326,113,34.3,52.1,53.6,51.2
2024-08-13 15:27:05.069,113,34.3,51.8,53.4,51.2
2024-08-13 15:57:05.234,113,34.4,51.5,53.2,51.1
2024-08-13 16:27:05.197,113,34.4,51.4,53.1,51.1
2024-08-13 16:57:05.157,113,34.4,51.2,52.9,51.1
2024-08-13 17:57:05.185,113,34.4,51.0,52.8,51.1
2024-08-13 18:27:05.036,113,34.4,51.0,52.8,51.1
2024-08-13 18:57:04.983,113,34.4,50.9,52.8,51.1
2024-08-13 19:27:04.514,113,,,,
2024-08-13 19:57:04.824,113,34.4,51.0,52.9,51.2
2024-08-13 20:27:04.869,113,34.4,51.1,53.0,51.2
2024-08-13 20:57:04.937,113,34.4,51.1,53.0,51.3
2024-08-13 21:27:04.790,113,34.4,51.2,53.1,51.3
2024-08-13 21:57:04.741,113,34.4,51.2,53.2,51.3
2024-08-13 22:27:04.705,113,34.3,51.2,53.2,51.3
2024-08-13 22:57:04.648,113,34.3,51.2,53.3,51.3
2024-08-13 23:27:04.756,113,34.2,51.3,53.3,51.3
2024-08-13 23:57:04.485,113,34.2,51.3,53.3,51.3
2024-08-14 00:27:04.807,113,34.1,51.3,53.4,51.3
2024-08-14 00:57:04.252,113,,,,
2024-08-14 01:27:04.487,113,34.1,51.3,53.5,51.4
2024-08-14 01:57:04.320,113,,,,
2024-08-14 02:27:04.326,113,34.0,51.3,53.5,51.4
2024-08-14 02:57:04.389,113,34.0,51.3,53.6,51.4
2024-08-14 03:27:04.389,113,33.9,51.3,53.6,51.4
2024-08-14 03:57:04.315,113,33.9,51.3,53.6,51.4
2024-08-14 04:27:04.275,113,33.9,51.3,53.7,51.5
2024-08-14 05:27:04.179,113,33.8,51.3,53.7,51.5
2024-08-14 05:57:04.186,113,33.8,51.2,53.7,51.5
2024-08-14 06:27:03.816,113,,,,
2024-08-14 06:57:04.120,113,33.7,51.2,53.8,51.5
2024-08-14 07:27:04.231,113,33.7,51.2,53.8,51.5
2024-08-14 07:57:04.046,113,33.7,51.2,53.8,51.5
2024-08-14 08:27:04.111,113,33.7,51.1,53.8,51.5
2024-08-14 08:57:03.965,113,33.7,51.1,53.9,51.5
2024-08-14 09:27:03.931,113,33.7,51.1,53.9,51.5
2024-08-14 09:57:03.886,113,33.7,51.1,53.8,51.5
2024-08-14 10:27:03.957,113,33.7,50.9,53.7,51.5
2024-08-14 10:57:03.813,113,33.9,53.3,54.7,51.5
2024-08-14 11:27:03.787,113,33.9,53.9,55.0,51.4
2024-08-14 11:57:03.752,113,34.0,54.2,54.9,51.3
2024-08-14 12:27:03.510,113,34.0,54.6,54.9,51.2
2024-08-14 12:57:03.669,113,34.1,54.5,54.6,51.2
2024-08-14 13:27:03.792,113,34.1,54.3,54.3,51.1
2024-08-14 13:57:03.553,113,34.1,54.0,54.1,51.1
2024-08-14 14:27:03.519,113,34.2,53.6,53.9,51.0
2024-08-14 14:57:03.541,113,34.2,53.2,53.7,51.0
2024-08-14 15:27:03.149,113,,,,
2024-08-14 15:57:03.461,113,34.2,52.7,53.4,51.0
2024-08-14 16:27:03.411,113,34.2,52.5,53.3,50.9
2024-08-14 16:57:03.179,113,34.2,52.2,53.2,50.9
2024-08-14 17:27:03.385,113,34.2,52.0,53.1,50.9
2024-08-14 18:27:03.160,113,34.3,51.7,52.9,50.9
2024-08-14 18:57:03.140,113,34.3,51.6,52.9,51.0
2024-08-14 19:27:03.173,113,34.3,51.5,53.0,51.0
2024-08-14 19:57:03.119,113,34.3,51.5,53.0,51.0
2024-08-14 20:27:02.968,113,,,,
2024-08-14 20:57:03.062,113,34.3,51.5,53.2,51.1
2024-08-14 21:27:02.809,113,34.3,51.6,53.2,51.1
2024-08-14 21:57:02.968,113,34.2,51.6,53.3,51.1
2024-08-14 22:27:02.910,113,34.2,51.6,53.4,51.2
2024-08-14 22:57:02.893,113,34.2,51.6,53.4,51.2
2024-08-14 23:27:02.855,113,34.1,51.6,53.5,51.2
2024-08-14 23:57:02.810,113,34.1,51.6,53.5,51.2
2024-08-15 00:27:02.772,113,34.1,51.6,53.6,51.2
2024-08-15 00:57:02.520,113,34.0,51.6,53.6,51.3
2024-08-15 01:27:02.562,113,,,,
2024-08-15 01:57:02.556,113,34.0,51.6,53.7,51.3
2024-08-15 02:27:02.472,113,,,,
2024-08-15 02:57:02.389,113,34.0,51.6,53.8,51.3
2024-08-15 03:27:02.522,113,34.0,51.6,53.8,51.3
2024-08-15 03:57:02.412,113,34.0,51.6,53.8,51.3
2024-08-15 04:27:02.432,113,34.0,51.6,53.8,51.3
2024-08-15 05:27:02.324,113,33.9,51.6,53.9,51.4
2024-08-15 05:57:02.301,113,33.9,51.6,53.9,51.4
2024-08-15 06:27:02.268,113,33.9,51.6,53.9,51.4
2024-08-15 06:57:02.204,113,33.9,51.5,53.9,51.4
2024-08-15 07:57:02.246,113,33.9,51.5,54.0,51.4
2024-08-15 08:27:01.986,113,33.9,51.5,54.0,51.4
2024-08-15 08:57:02.013,113,33.9,51.5,54.0,51.4
2024-08-15 09:27:01.987,113,33.9,51.5,54.0,51.4
2024-08-15 09:57:01.877,113,33.9,51.5,54.0,51.4
2024-08-15 10:27:01.848,113,33.9,51.4,54.0,51.4
2024-08-15 10:57:01.787,113,33.9,51.4,53.9,51.4
2024-08-15 11:27:01.455,113,,,,
2024-08-15 11:57:01.786,113,33.9,51.2,53.8,51.4
2024-08-15 12:27:01.715,113,33.9,51.2,53.8,51.4
2024-08-15 12:57:01.481,113,33.9,51.2,53.8,51.4
2024-08-15 13:27:01.643,113,33.9,51.2,53.8,51.4
2024-08-15 13:57:01.711,113,34.0,51.1,53.8,51.4
2024-08-15 14:27:01.541,113,34.0,51.0,53.7,51.4
2024-08-15 14:57:01.599,113,34.0,50.9,53.6,51.4
2024-08-15 15:27:01.459,113,34.0,51.0,53.7,51.4
2024-08-15 15:57:01.408,113,34.1,51.0,53.7,51.4
2024-08-15 16:27:01.389,113,34.1,51.0,53.8,51.4
2024-08-15 17:27:01.122,113,,,,
2024-08-15 17:57:01.237,113,41.7,56.6,55.4,51.8
2024-08-15 18:27:01.194,113,41.7,56.5,55.4,51.8
2024-08-15 18:57:00.716,113,,,,
2024-08-15 19:27:01.181,113,41.6,56.0,55.2,51.8
2024-08-15 19:57:01.043,113,41.6,55.9,55.2,51.8
2024-08-15 20:27:00.784,113,41.5,55.8,55.1,51.8
2024-08-15 20:57:00.950,113,41.5,55.8,55.2,51.8
2024-08-15 21:27:00.914,113,41.3,55.7,55.2,51.8
2024-08-15 21:57:00.913,113,41.3,55.7,55.2,51.8
2024-08-15 22:27:00.826,113,41.2,55.7,55.2,51.8
2024-08-15 22:57:00.788,113,41.1,55.6,55.2,51.8
2024-08-15 23:27:00.740,113,41.0,55.6,55.2,51.8
2024-08-15 23:57:00.710,113,41.0,55.6,55.2,51.8
2024-08-16 00:27:00.700,113,40.9,55.6,55.2,51.8
2024-08-16 00:57:00.463,113,,,,
2024-08-16 01:27:00.576,113,40.9,55.6,55.3,51.9
2024-08-16 01:57:00.252,113,40.8,55.6,55.3,51.9
2024-08-16 02:27:00.585,113,40.8,55.5,55.3,51.9
2024-08-16 02:57:00.559,113,40.8,55.5,55.3,51.9
2024-08-16 03:27:00.399,113,40.7,55.5,55.3,51.9
2024-08-16 03:57:00.120,113,,,,
2024-08-16 06:27:00.112,113,56.3,64.0,58.8,52.0
2024-08-16 06:56:59.934,113,,,,
2024-08-16 07:56:59.976,113,55.7,63.9,58.7,52.1
2024-08-16 08:26:59.957,113,55.6,63.8,58.7,52.1
2024-08-16 09:26:59.840,113,55.5,63.8,58.7,52.1
2024-08-16 09:56:59.793,113,55.4,63.8,58.7,52.1
2024-08-16 10:26:59.775,113,55.3,63.7,58.7,52.2
2024-08-16 10:56:59.860,113,55.2,63.6,58.5,52.2
2024-08-16 11:26:59.586,113,55.0,63.6,58.4,52.1
2024-08-16 11:56:59.652,113,54.9,63.6,58.3,52.1
2024-08-16 12:26:59.532,113,54.7,63.5,58.3,52.1
2024-08-16 12:56:59.413,113,,,,
2024-08-16 13:26:59.522,113,54.5,63.4,58.1,52.1
2024-08-16 13:56:59.617,113,54.3,63.3,57.9,52.1
2024-08-16 14:26:59.308,113,,,,
2024-08-16 14:56:59.430,113,54.1,63.0,57.7,52.0
2024-08-16 15:26:59.250,113,54.0,62.8,57.6,52.0
2024-08-16 15:56:59.183,113,,,,
2024-08-16 16:26:59.306,113,53.8,62.7,57.4,52.0
2024-08-16 16:56:59.249,113,53.7,62.6,57.4,52.0
2024-08-16 17:26:59.207,113,53.6,62.6,57.3,52.0
2024-08-16 18:26:59.093,113,53.4,62.6,57.2,52.0
2024-08-16 19:26:59.119,113,53.2,62.6,57.2,52.1
2024-08-16 19:56:58.995,113,53.1,62.6,57.3,52.1
2024-08-16 20:26:58.851,113,53.1,62.7,57.3,52.1
2024-08-16 20:56:58.679,113,53.0,62.7,57.3,52.1
2024-08-16 21:26:58.856,113,52.9,62.7,57.3,52.1
2024-08-16 21:56:58.794,113,52.8,62.7,57.3,52.1
2024-08-16 22:26:58.687,113,52.7,62.7,57.4,52.2
2024-08-16 22:56:58.707,113,52.6,62.7,57.4,52.2
2024-08-16 23:26:58.444,113,52.6,62.7,57.4,52.2
2024-08-16 23:56:58.617,113,52.7,62.7,57.4,52.2
2024-08-17 00:26:58.519,113,64.5,65.2,57.9,61.5
2024-08-17 00:56:58.545,113,60.2,65.3,58.4,59.1
2024-08-17 01:56:58.424,113,59.5,65.3,59.0,57.6
2024-08-17 02:26:58.255,113,,,,
2024-08-17 02:56:58.284,113,59.1,65.2,59.4,57.3
2024-08-17 03:26:58.227,113,58.9,65.2,59.5,57.2
2024-08-17 03:56:58.279,113,58.7,65.2,59.6,57.2
2024-08-17 04:56:58.165,113,58.4,65.2,59.9,57.2
2024-08-17 05:26:58.144,113,58.3,65.2,59.9,57.1
2024-08-17 05:56:58.234,113,58.3,65.2,60.0,57.2
2024-08-17 06:56:57.990,113,58.0,65.2,60.2,57.3
2024-08-17 07:26:58.116,113,57.9,65.2,60.2,57.4
2024-08-17 07:56:57.930,113,57.8,65.2,60.3,57.4
2024-08-17 08:26:57.889,113,57.8,65.2,60.3,57.5
2024-08-17 08:56:57.839,113,57.7,65.2,60.3,57.6
2024-08-17 09:26:57.790,113,57.7,65.2,60.3,57.7
2024-08-17 09:56:57.526,113,57.7,65.2,60.3,57.7
2024-08-17 10:26:57.634,113,57.5,65.2,60.3,57.8
2024-08-17 10:56:57.667,113,57.3,65.2,60.2,57.7
2024-08-17 11:26:57.559,113,57.2,65.2,60.1,57.6
2024-08-17 11:56:57.622,113,57.1,65.2,60.0,57.5
2024-08-17 12:26:57.112,113,,,,
2024-08-17 12:56:57.615,113,56.9,65.2,59.7,57.3
2024-08-17 13:26:57.466,113,56.7,65.2,59.6,57.1
2024-08-17 13:56:57.432,113,56.4,65.2,59.5,56.9
2024-08-17 14:26:57.233,113,,,,
2024-08-17 14:56:57.362,113,55.8,65.1,59.2,56.3
2024-08-17 15:26:57.296,113,55.7,65.1,59.0,56.0
2024-08-17 15:56:57.183,113,55.4,65.1,58.9,55.9
2024-08-17 16:26:57.204,113,55.2,65.1,58.8,55.7
2024-08-17 17:26:57.049,113,54.9,65.1,58.7,55.6
2024-08-17 17:56:57.069,113,55.3,65.2,58.7,55.5
2024-08-17 18:26:56.979,113,55.5,65.2,58.8,55.5
2024-08-17 19:26:56.919,113,59.5,65.6,59.0,55.6
2024-08-17 19:56:56.909,113,59.2,65.7,59.1,55.6
2024-08-17 20:26:56.860,113,59.1,65.7,59.3,55.7
2024-08-17 20:56:56.930,113,58.9,65.7,59.4,55.7
2024-08-17 21:26:56.595,113,58.8,65.8,59.4,55.8
2024-08-17 21:56:56.723,113,58.7,65.8,59.5,55.9
2024-08-17 22:26:56.673,113,58.6,65.7,59.6,56.0
2024-08-17 22:56:56.772,113,58.5,65.8,59.7,56.1
2024-08-17 23:26:56.553,113,59.3,65.8,59.8,56.2
2024-08-17 23:56:56.472,113,59.2,65.8,59.9,56.3
2024-08-18 00:26:56.498,113,59.1,65.8,60.0,56.3
2024-08-18 00:56:56.429,113,,,,
2024-08-18 01:26:56.553,113,58.9,65.8,60.2,56.4
2024-08-18 01:56:56.387,113,58.8,65.8,60.3,56.6
2024-08-18 02:26:56.360,113,58.7,65.8,60.4,56.7
2024-08-18 02:56:56.155,113,,,,
2024-08-18 03:26:56.253,113,58.5,65.8,60.6,56.9
2024-08-18 03:56:56.304,113,58.4,65.8,60.7,57.1
2024-08-18 04:26:55.833,113,,,,
2024-08-18 04:56:56.132,113,58.3,65.8,60.8,57.2
2024-08-18 05:26:56.012,113,58.3,65.8,60.8,57.3
2024-08-18 05:56:56.169,113,58.2,65.8,60.9,57.3
2024-08-18 06:26:56.129,113,58.1,65.8,60.9,57.4
2024-08-18 06:56:55.617,113,,,,
2024-08-18 07:26:55.849,113,58.0,65.8,60.9,57.5
2024-08-18 07:56:56.010,113,58.0,65.8,60.9,57.6
2024-08-18 08:26:55.825,113,57.9,65.8,61.0,57.6
2024-08-18 08:56:55.780,113,57.8,65.8,61.0,57.7
2024-08-18 09:26:55.744,113,57.8,65.8,61.0,57.7
2024-08-18 09:56:55.733,113,57.7,65.8,61.0,57.7
2024-08-18 10:26:55.650,113,57.7,65.8,61.0,57.7
2024-08-18 10:56:55.413,113,57.7,65.8,60.9,57.7
2024-08-18 11:26:55.546,113,57.7,65.8,60.9,57.6
2024-08-18 11:56:55.325,113,57.5,65.7,60.7,57.4
2024-08-18 12:26:55.602,113,57.3,65.7,60.5,57.2
2024-08-18 12:56:55.448,113,57.1,65.7,60.4,57.1
2024-08-18 13:26:55.266,113,,,,
2024-08-18 13:56:55.384,113,56.8,65.6,60.1,56.8
2024-08-18 14:26:55.315,113,56.6,65.6,59.9,56.5
2024-08-18 15:26:55.167,113,56.2,65.5,59.6,56.1
2024-08-18 15:56:55.178,113,55.9,65.5,59.4,55.9
2024-08-18 16:26:55.145,113,55.8,65.5,59.4,55.8
2024-08-18 16:56:54.887,113,55.5,65.5,59.3,55.7
2024-08-18 17:26:54.901,113,,,,
2024-08-18 17:56:55.008,113,55.4,65.4,59.3,55.7
2024-08-18 18:26:54.959,113,55.3,65.4,59.3,55.7
2024-08-18 18:56:54.816,113,55.2,65.4,59.3,55.7
2024-08-18 19:26:54.869,113,55.2,65.5,59.3,55.7
2024-08-18 19:56:54.818,113,55.2,65.4,59.3,55.6
2024-08-18 20:26:54.787,113,55.1,65.4,59.3,55.6
2024-08-18 20:56:54.744,113,55.0,65.4,59.3,55.6
2024-08-18 21:26:54.699,113,55.0,65.4,59.3,55.6
2024-08-18 21:56:54.565,113,54.9,65.4,59.3,55.6
2024-08-18 22:26:54.599,113,54.7,65.4,59.4,55.6
2024-08-18 22:56:54.490,113,54.7,65.4,59.4,55.7
2024-08-18 23:26:54.515,113,54.7,65.4,59.4,55.7
2024-08-18 23:56:54.024,113,,,,
2024-08-19 00:26:54.459,113,54.6,65.3,59.4,55.7
2024-08-19 01:26:54.218,113,,,,
2024-08-19 01:56:54.165,113,,,,
2024-08-19 02:26:54.281,113,54.5,65.3,59.5,55.7
2024-08-19 02:56:54.227,113,54.4,65.3,59.5,55.7
2024-08-19 03:26:54.325,113,54.3,65.3,59.5,55.7
2024-08-19 04:26:54.012,113,54.3,65.3,59.5,55.7
2024-08-19 04:56:54.074,113,54.2,65.3,59.5,55.7
2024-08-19 05:26:53.583,113,,,,
2024-08-19 05:56:54.004,113,54.2,65.2,59.5,55.7
2024-08-19 06:26:53.955,113,54.2,65.2,59.5,55.7
2024-08-19 06:56:53.916,113,54.1,65.2,59.5,55.7
2024-08-19 07:26:53.659,113,54.1,65.2,59.5,55.7
2024-08-19 07:56:53.829,113,54.1,65.2,59.5,55.7
2024-08-19 08:26:53.807,113,54.1,65.2,59.5,55.7
2024-08-19 08:56:53.750,113,54.1,65.1,59.5,55.7
2024-08-19 09:26:53.722,113,54.1,65.1,59.5,55.7
2024-08-19 09:56:53.664,113,54.1,65.1,59.5,55.7
2024-08-19 10:26:53.606,113,54.1,65.1,59.5,55.7
2024-08-19 10:56:53.563,113,54.0,65.1,59.4,55.7
2024-08-19 11:26:53.509,113,54.0,65.0,59.3,55.6
2024-08-19 11:56:53.479,113,53.9,64.7,59.2,55.6
2024-08-19 12:26:53.431,113,53.8,64.6,59.1,55.5
2024-08-19 12:56:53.342,113,53.7,64.2,58.9,55.4
2024-08-19 13:26:53.298,113,53.6,63.6,58.8,55.3
2024-08-19 13:56:53.168,113,,,,
2024-08-19 14:26:53.268,113,53.2,63.0,58.5,55.0
2024-08-19 14:56:53.126,113,53.0,62.8,58.4,54.9
2024-08-19 15:26:53.166,113,52.9,62.6,58.3,54.8
2024-08-19 15:56:53.112,113,52.8,62.5,58.2,54.7
2024-08-19 16:26:53.093,113,52.7,62.4,58.1,54.6
2024-08-19 16:56:53.175,113,52.5,62.3,58.0,54.6
2024-08-19 17:26:52.923,113,52.4,62.1,57.9,54.5
2024-08-19 17:56:52.910,113,,,,
2024-08-19 18:26:52.911,113,52.2,62.0,57.8,54.5
2024-08-19 18:56:52.852,113,52.1,61.9,57.8,54.5
2024-08-19 19:26:52.491,113,52.0,61.8,57.8,54.5
2024-08-19 19:56:52.739,113,51.9,61.8,57.8,54.5
2024-08-19 20:26:52.658,113,51.9,61.8,57.9,54.5
2024-08-19 21:26:52.493,113,,,,
2024-08-19 21:56:52.593,113,51.7,61.9,57.9,54.6
2024-08-19 22:26:52.431,113,,,,
2024-08-19 22:56:52.553,113,51.6,61.9,58.0,54.7
2024-08-19 23:26:52.493,113,51.6,61.9,58.0,54.7
2024-08-20 00:26:52.325,113,51.5,61.9,58.0,54.7
2024-08-20 00:56:52.252,113,,,,
2024-08-20 01:26:52.206,113,,,,
2024-08-20 01:56:52.258,113,51.3,61.9,58.1,54.7
2024-08-20 02:26:52.309,113,51.3,61.9,58.1,54.7
2024-08-20 02:56:52.160,113,51.2,61.9,58.1,54.7
2024-08-20 03:26:52.229,113,51.2,61.9,58.1,54.8
2024-08-20 03:56:52.187,113,51.1,61.9,58.1,54.8
2024-08-20 04:26:52.161,113,51.1,61.9,58.1,54.8
2024-08-20 04:56:52.132,113,51.0,61.9,58.2,54.8
2024-08-20 05:26:52.076,113,51.0,61.9,58.2,54.8
2024-08-20 05:56:52.189,113,50.9,61.9,58.2,54.8
2024-08-20 06:26:52.042,113,50.9,61.9,58.2,54.8
2024-08-20 06:56:52.025,113,50.8,61.8,58.2,54.8
2024-08-20 07:26:51.983,113,50.8,61.8,58.2,54.8
2024-08-20 07:56:51.744,113,50.7,61.8,58.2,54.8
2024-08-20 08:26:51.920,113,50.7,61.8,58.2,54.8
2024-08-20 08:56:51.886,113,50.7,61.8,58.2,54.8
2024-08-20 09:26:51.815,113,50.7,61.8,58.2,54.8
2024-08-20 09:56:51.777,113,50.6,61.7,58.2,54.8
2024-08-20 10:26:51.667,113,50.6,61.7,58.2,54.8
2024-08-20 10:56:51.693,113,50.5,61.7,58.1,54.8
2024-08-20 11:26:51.653,113,50.4,61.6,58.1,54.7
2024-08-20 11:56:51.514,113,50.4,61.5,58.0,54.6
2024-08-20 12:26:51.565,113,50.3,61.4,57.9,54.5
2024-08-20 12:56:51.503,113,50.2,61.3,57.7,54.4
2024-08-20 13:26:51.471,113,50.2,61.2,57.6,54.3
2024-08-20 13:56:51.553,113,50.1,61.0,57.5,54.2
2024-08-20 14:26:51.295,113,50.0,60.9,57.4,54.2
2024-08-20 14:56:51.266,113,50.0,60.8,57.2,54.1
2024-08-20 15:26:51.294,113,50.0,60.7,57.1,54.1
2024-08-20 15:56:51.380,113,49.9,60.6,56.9,54.1
2024-08-20 16:26:51.184,113,49.8,60.5,56.9,54.0
2024-08-20 16:56:51.155,113,49.7,60.4,56.8,54.0
2024-08-20 17:26:51.103,113,49.7,60.3,56.7,54.0
2024-08-20 17:56:50.821,113,49.6,60.3,56.7,54.0
2024-08-20 18:26:50.946,113,49.6,60.3,56.7,54.0
2024-08-20 18:56:50.974,113,49.5,60.3,56.7,54.0
2024-08-20 19:26:50.837,113,49.5,60.3,56.8,54.0
2024-08-20 19:56:50.726,113,,,,
2024-08-20 20:26:50.759,113,49.4,60.3,56.8,54.1
2024-08-20 20:56:50.810,113,49.4,60.3,56.9,54.1
2024-08-20 21:26:50.781,113,49.4,60.4,56.9,54.1
2024-08-20 21:56:50.483,113,,,,
2024-08-20 22:26:50.676,113,49.3,60.4,57.0,54.1
2024-08-20 22:56:50.598,113,49.3,60.4,57.0,54.1
2024-08-20 23:26:50.656,113,49.2,60.4,57.1,54.1
2024-08-20 23:56:50.464,113,,,,
2024-08-21 00:56:50.286,113,,,,
2024-08-21 01:26:50.432,113,49.0,60.4,57.2,54.1
2024-08-21 01:56:50.237,113,49.0,60.4,57.2,54.1
2024-08-21 02:26:50.322,113,,,,
2024-08-21 02:56:50.426,113,48.8,60.4,57.2,54.1
2024-08-21 03:56:50.387,113,48.7,60.4,57.2,54.1
2024-08-21 04:26:50.392,113,48.7,60.4,57.3,54.1
2024-08-21 04:56:50.116,113,48.6,60.4,57.3,54.1
2024-08-21 05:56:50.160,113,48.5,60.4,57.3,54.2
2024-08-21 06:26:50.263,113,48.5,60.4,57.3,54.2
2024-08-21 06:56:50.025,113,48.5,60.3,57.3,54.2
2024-08-21 07:56:50.057,113,48.4,60.3,57.3,54.2
2024-08-21 08:26:50.123,113,48.3,60.3,57.3,54.2
2024-08-21 08:56:50.073,113,48.3,60.3,57.3,54.2
2024-08-21 09:26:49.673,113,,,,
2024-08-21 09:56:50.012,113,48.3,60.3,57.3,54.2
2024-08-21 10:26:49.957,113,48.3,60.2,57.3,54.2
2024-08-21 10:56:49.834,113,48.3,60.2,57.3,54.2
2024-08-21 11:26:49.982,113,48.3,60.2,57.3,54.1
2024-08-21 11:56:49.808,113,48.3,60.1,57.2,54.1
2024-08-21 12:26:49.558,113,48.2,60.0,57.0,54.0
2024-08-21 12:56:49.725,113,48.2,59.9,56.8,53.9
2024-08-21 13:26:49.684,113,48.1,59.8,56.7,53.8
2024-08-21 13:56:49.504,113,,,,
2024-08-21 14:26:49.263,113,48.0,59.6,56.3,53.6
2024-08-21 14:56:49.547,113,47.9,59.4,56.1,53.6
2024-08-21 15:26:49.519,113,47.8,59.3,56.0,53.5
2024-08-21 15:56:49.464,113,47.8,59.2,55.8,53.5
2024-08-21 16:26:49.352,113,47.7,59.1,55.7,53.4
2024-08-21 16:56:49.392,113,47.7,59.0,55.7,53.4
2024-08-21 17:26:49.320,113,47.6,59.0,55.6,53.4
2024-08-21 17:56:49.185,113,47.6,58.9,55.6,53.4
2024-08-21 18:26:49.234,113,47.5,58.9,55.6,53.4
2024-08-21 18:56:49.099,113,47.5,58.9,55.7,53.4
2024-08-21 19:26:49.141,113,47.5,58.9,55.7,53.4
2024-08-21 19:56:49.109,113,47.4,58.9,55.8,53.4
2024-08-21 20:26:48.904,113,,,,
2024-08-21 20:56:49.017,113,47.4,59.0,55.9,53.5
2024-08-21 21:26:48.847,113,,,,
2024-08-21 21:56:48.966,113,47.3,59.0,56.0,53.5
2024-08-21 22:26:48.916,113,47.3,59.0,56.0,53.5
2024-08-21 22:56:48.882,113,47.2,59.0,56.1,53.6
2024-08-21 23:26:48.765,113,47.1,59.1,56.1,53.6
2024-08-21 23:56:48.814,113,47.1,59.1,56.2,53.6
2024-08-22 00:26:48.708,113,47.0,59.1,56.2,53.6
2024-08-22 00:56:48.770,113,47.0,59.1,56.2,53.6
2024-08-22 01:26:48.741,113,46.9,59.1,56.3,53.6
2024-08-22 01:56:48.609,113,46.9,59.1,56.3,53.6
2024-08-22 02:26:48.705,113,46.8,59.1,56.3,53.6
2024-08-22 02:56:48.658,113,46.8,59.1,56.3,53.6
2024-08-22 03:26:48.752,113,46.7,59.1,56.4,53.6
2024-08-22 03:56:48.457,113,,,,
2024-08-22 04:26:48.592,113,46.6,59.0,56.4,53.7
2024-08-22 04:56:48.577,113,46.6,59.0,56.4,53.7
2024-08-22 05:26:48.379,113,,,,
2024-08-22 05:56:48.527,113,46.5,59.0,56.4,53.7
2024-08-22 06:26:48.600,113,46.5,59.0,56.5,53.7
2024-08-22 06:56:48.447,113,46.4,59.0,56.5,53.7
2024-08-22 07:26:48.434,113,46.4,59.0,56.5,53.7
2024-08-22 07:56:48.410,113,46.3,59.0,56.5,53.7
2024-08-22 08:26:48.369,113,46.3,59.0,56.5,53.7
2024-08-22 08:56:48.088,113,,,,
2024-08-22 09:26:48.233,113,46.3,58.9,56.5,53.7
2024-08-22 09:56:48.240,113,46.3,58.9,56.5,53.7
2024-08-22 10:26:48.189,113,46.3,58.9,56.5,53.7
2024-08-22 10:56:48.152,113,46.3,58.9,56.5,53.7
2024-08-22 11:26:48.098,113,46.3,58.9,56.4,53.6
2024-08-22 11:56:48.069,113,46.3,58.8,56.3,53.5
2024-08-22 12:26:48.029,113,46.2,58.7,56.1,53.4
2024-08-22 12:56:47.984,113,46.2,58.5,55.9,53.3
2024-08-22 13:26:47.963,113,46.2,58.4,55.7,53.2
2024-08-22 13:56:47.703,113,46.1,58.3,55.5,53.2
2024-08-22 14:26:47.866,113,46.1,58.2,55.3,53.1
2024-08-22 14:56:47.837,113,46.0,58.1,55.1,53.0
2024-08-22 15:26:47.793,113,46.0,57.9,54.9,52.9
2024-08-22 15:56:47.668,113,46.0,57.8,54.8,52.9
2024-08-22 16:26:47.711,113,45.9,57.7,54.7,52.8
2024-08-22 17:26:47.502,113,45.8,57.5,54.6,52.8
2024-08-22 17:56:47.560,113,45.8,57.5,54.6,52.8
2024-08-22 18:26:47.613,113,45.8,57.5,54.6,52.8
2024-08-22 18:56:47.470,113,45.8,57.5,54.6,52.8
2024-08-22 19:56:47.367,113,45.8,57.6,54.7,52.9
2024-08-22 20:26:47.451,113,45.8,57.6,54.8,52.9
2024-08-22 20:56:46.854,113,,,,
2024-08-22 21:26:47.274,113,45.8,57.7,54.9,52.9
2024-08-22 21:56:47.239,113,45.7,57.7,55.0,53.0
2024-08-22 22:26:47.119,113,45.7,57.7,55.0,53.0
2024-08-22 22:56:47.102,113,45.6,57.8,55.1,53.0
2024-08-22 23:26:47.127,113,45.5,57.8,55.1,53.0
2024-08-22 23:56:47.109,113,45.5,57.8,55.2,53.0
2024-08-23 00:26:46.843,113,45.4,57.8,55.2,53.0
2024-08-23 00:56:46.781,113,,,,
2024-08-23 01:26:47.033,113,45.3,57.8,55.3,53.1
2024-08-23 01:56:46.969,113,45.3,57.8,55.3,53.1
2024-08-23 02:26:46.859,113,45.2,57.8,55.4,53.1
2024-08-23 02:56:46.909,113,45.2,57.8,55.4,53.1
2024-08-23 03:26:46.881,113,45.1,57.8,55.4,53.1
2024-08-23 03:56:46.643,113,45.1,57.8,55.5,53.1
2024-08-23 04:26:46.826,113,45.0,57.8,55.5,53.1
2024-08-23 04:56:46.729,113,45.0,57.8,55.5,53.1
2024-08-23 05:26:46.896,113,44.9,57.8,55.5,53.1
2024-08-23 05:56:46.894,113,44.9,57.8,55.6,53.1
2024-08-23 06:26:46.741,113,44.8,57.8,55.6,53.1
2024-08-23 06:56:46.517,113,44.8,57.7,55.6,53.1
2024-08-23 07:26:46.594,113,44.7,57.7,55.6,53.1
2024-08-23 07:56:46.514,113,,,,
2024-08-23 08:26:46.732,113,44.6,57.7,55.6,53.2
2024-08-23 08:56:46.559,113,44.6,57.7,55.7,53.2
2024-08-23 09:26:46.656,113,44.6,57.7,55.7,53.2
2024-08-23 09:56:46.480,113,44.7,57.7,55.7,53.2
2024-08-23 10:26:46.438,113,44.6,57.7,55.7,53.2
2024-08-23 10:56:46.424,113,44.6,57.6,55.6,53.1
2024-08-23 11:26:46.478,113,44.6,57.4,55.4,53.1
2024-08-23 11:56:46.300,113,44.6,57.2,55.3,53.0
2024-08-23 12:26:46.053,113,44.5,57.0,55.0,52.9
2024-08-23 12:56:46.222,113,44.5,56.8,54.8,52.8
2024-08-23 13:26:46.204,113,44.5,56.6,54.5,52.7
2024-08-23 13:56:46.118,113,44.5,56.4,54.3,52.6
2024-08-23 14:26:46.122,113,44.5,56.3,54.1,52.5
2024-08-23 14:56:46.075,113,44.5,56.1,54.0,52.5
2024-08-23 15:26:46.026,113,44.4,56.0,53.8,52.4
2024-08-23 15:56:46.000,113,44.4,55.9,53.7,52.3
2024-08-23 16:26:45.738,113,44.4,55.8,53.6,52.3
2024-08-23 16:56:45.690,113,44.4,55.5,53.5,52.3
2024-08-23 17:26:45.697,113,,,,
2024-08-23 17:56:45.831,113,44.3,55.3,53.5,52.3
2024-08-23 18:26:45.778,113,44.3,55.3,53.5,52.3
2024-08-23 18:56:45.749,113,44.2,55.3,53.5,52.3
2024-08-23 19:26:45.681,113,44.2,55.4,53.5,52.3
2024-08-23 19:56:45.427,113,44.2,55.4,53.6,52.4
2024-08-23 20:26:45.495,113,44.2,55.5,53.7,52.4
2024-08-23 20:56:45.548,113,44.2,55.5,53.8,52.4
2024-08-23 21:26:45.532,113,44.1,55.6,53.8,52.4
2024-08-23 21:56:45.473,113,44.1,55.6,53.9,52.5
2024-08-23 22:26:45.448,113,44.1,55.6,53.9,52.5
2024-08-23 23:26:45.233,113,44.0,55.7,54.1,52.5
2024-08-23 23:56:45.245,113,43.9,55.7,54.1,52.5
2024-08-24 00:26:45.420,113,43.9,55.7,54.1,52.6
2024-08-24 00:56:45.182,113,43.8,55.7,54.1,52.6
2024-08-24 01:26:45.214,113,43.8,55.8,54.2,52.6
2024-08-24 01:56:45.190,113,43.7,55.8,54.2,52.6
2024-08-24 02:26:45.160,113,43.7,55.8,54.2,52.6
2024-08-24 02:56:44.878,113,43.6,55.8,54.3,52.6
2024-08-24 03:26:44.620,113,,,,
2024-08-24 03:56:45.021,113,43.6,55.8,54.3,52.7
2024-08-24 04:26:44.984,113,43.6,55.8,54.4,52.7
2024-08-24 04:56:44.951,113,43.5,55.8,54.4,52.7
2024-08-24 05:26:44.846,113,43.5,55.8,54.4,52.7
2024-08-24 05:56:45.008,113,43.5,55.8,54.5,52.7
2024-08-24 06:26:44.748,113,43.5,55.8,54.5,52.7
2024-08-24 06:56:44.891,113,43.4,55.8,54.5,52.7
2024-08-24 07:26:44.767,113,43.4,55.8,54.5,52.7
2024-08-24 07:56:44.730,113,43.4,55.8,54.6,52.7
2024-08-24 08:26:44.686,113,43.4,55.8,54.6,52.7
2024-08-24 09:26:44.566,113,43.4,55.8,54.6,52.7
2024-08-24 09:56:44.541,113,43.4,55.8,54.6,52.7
2024-08-24 10:26:44.493,113,43.4,55.7,54.5,52.7
2024-08-24 10:56:44.417,113,43.3,55.6,54.4,52.7
2024-08-24 11:26:44.421,113,43.3,55.4,54.2,52.6
2024-08-24 11:56:44.407,113,43.3,55.2,54.1,52.5
2024-08-24 12:26:44.397,113,43.3,55.0,53.8,52.4
2024-08-24 12:56:44.337,113,43.3,54.8,53.6,52.3
2024-08-24 13:26:44.299,113,43.3,54.6,53.3,52.2
2024-08-24 13:56:44.167,113,43.2,54.4,53.1,52.2
2024-08-24 14:26:44.152,113,43.2,54.3,52.9,52.1
2024-08-24 14:56:44.309,113,43.2,54.1,52.7,52.0
2024-08-24 15:26:44.152,113,43.2,54.1,52.6,51.9
2024-08-24 15:56:44.124,113,43.1,53.9,52.4,51.9
2024-08-24 16:26:44.084,113,43.1,53.9,52.4,51.9
2024-08-24 16:56:44.045,113,43.1,53.8,52.3,51.9
2024-08-24 17:26:43.924,113,43.1,53.8,52.3,51.9
2024-08-24 17:56:43.943,113,43.1,53.8,52.3,51.9
2024-08-24 18:26:43.712,113,43.0,53.8,52.3,51.9
2024-08-24 18:56:43.899,113,43.0,53.9,52.3,51.9
2024-08-24 19:26:43.853,113,43.0,53.9,52.4,52.0
2024-08-24 19:56:43.831,113,43.0,54.0,52.5,52.0
2024-08-24 20:26:43.753,113,43.0,54.1,52.6,52.0
2024-08-24 20:56:43.710,113,43.0,54.1,52.6,52.1
2024-08-24 21:26:43.667,113,43.0,54.1,52.7,52.1
2024-08-24 21:56:43.468,113,,,,
2024-08-24 22:26:43.511,113,42.9,54.1,52.8,52.1
2024-08-24 22:56:43.523,113,42.9,54.2,52.9,52.2
2024-08-24 23:26:43.501,113,42.8,54.2,53.0,52.2
2024-08-24 23:56:43.436,113,42.8,54.2,53.0,52.2
2024-08-25 00:26:43.262,113,,,,
2024-08-25 00:56:43.403,113,42.7,54.3,53.1,52.2
2024-08-25 01:26:43.451,113,42.7,54.3,53.2,52.3
2024-08-25 01:56:43.399,113,42.7,54.3,53.2,52.3
2024-08-25 02:26:43.233,113,42.7,54.3,53.3,52.3
2024-08-25 02:56:43.193,113,42.6,54.3,53.3,52.3
2024-08-25 03:26:43.058,113,42.6,54.3,53.3,52.3
2024-08-25 03:56:42.889,113,42.6,54.4,53.4,52.3
2024-08-25 04:26:43.063,113,42.5,54.4,53.4,52.4
2024-08-25 04:56:43.011,113,42.5,54.4,53.5,52.4
2024-08-25 05:26:42.966,113,42.5,54.4,53.5,52.4
2024-08-25 05:56:42.950,113,42.4,54.4,53.5,52.4
2024-08-25 06:26:42.886,113,42.4,54.4,53.6,52.4
2024-08-25 06:56:42.849,113,42.4,54.4,53.6,52.4
2024-08-25 07:26:42.949,113,42.3,54.4,53.6,52.4
2024-08-25 07:56:42.761,113,42.3,54.4,53.7,52.5
2024-08-25 08:26:42.611,113,42.3,54.4,53.7,52.5
2024-08-25 08:56:42.622,113,42.3,54.4,53.7,52.5
2024-08-25 09:26:42.631,113,42.3,54.4,53.7,52.5
2024-08-25 09:56:42.498,113,42.2,54.4,53.7,52.5
2024-08-25 10:26:42.495,113,42.2,54.3,53.6,52.4
2024-08-25 10:56:42.521,113,42.2,54.1,53.4,52.4
2024-08-25 11:26:42.294,113,42.1,54.1,53.2,52.3
2024-08-25 12:26:42.296,113,42.1,53.6,52.7,52.1
2024-08-25 12:56:42.381,113,42.0,53.4,52.4,52.0
2024-08-25 13:26:42.369,113,42.0,53.1,52.2,51.9
2024-08-25 13:56:42.310,113,42.0,53.0,52.0,51.8
2024-08-25 14:26:42.287,113,41.9,52.8,51.8,51.8
2024-08-25 14:56:42.237,113,41.9,52.6,51.6,51.7
2024-08-25 15:26:42.053,113,,,,
2024-08-25 15:56:42.151,113,41.8,52.4,51.4,51.6
2024-08-25 16:26:42.114,113,41.8,52.3,51.3,51.6
2024-08-25 16:56:41.930,113,,,,
2024-08-25 17:26:41.884,113,,,,
2024-08-25 17:56:41.985,113,41.7,52.1,51.1,51.6
2024-08-25 18:26:41.966,113,41.6,52.1,51.1,51.6
2024-08-25 18:56:41.838,113,41.6,52.2,51.2,51.6
2024-08-25 19:26:41.878,113,41.6,52.2,51.2,51.6
2024-08-25 19:56:41.811,113,41.6,52.3,51.3,51.7
2024-08-25 20:26:41.770,113,41.6,52.3,51.4,51.7
2024-08-25 21:26:41.665,113,41.6,52.4,51.5,51.8
2024-08-25 21:56:41.557,113,41.5,52.5,51.6,51.8
2024-08-25 22:26:41.246,113,,,,
2024-08-25 22:56:41.490,113,41.5,52.5,51.7,51.8
2024-08-25 23:26:41.523,113,41.4,52.6,51.7,51.9
2024-08-25 23:56:41.488,113,41.4,52.6,51.8,51.9
2024-08-26 00:26:41.556,113,41.4,52.6,51.8,51.9
2024-08-26 00:56:41.291,113,41.3,52.6,51.9,51.9
2024-08-26 01:26:41.337,113,41.3,52.6,51.9,51.9
2024-08-26 01:56:41.301,113,41.2,52.7,51.9,51.9
2024-08-26 02:26:41.251,113,41.2,52.7,52.0,52.0
2024-08-26 02:56:41.196,113,41.2,52.7,52.0,52.0
2024-08-26 03:26:41.164,113,41.1,52.7,52.1,52.0
2024-08-26 03:56:41.107,113,41.1,52.7,52.1,52.0
2024-08-26 04:26:40.863,113,41.1,52.7,52.1,52.0
2024-08-26 04:56:40.588,113,,,,
2024-08-26 05:26:40.972,113,41.0,52.7,52.2,52.1
2024-08-26 05:56:40.948,113,41.0,52.7,52.2,52.1
2024-08-26 06:26:40.822,113,41.0,52.7,52.2,52.1
2024-08-26 06:56:40.827,113,,,,
2024-08-26 07:26:40.782,113,40.9,52.7,52.3,52.1
2024-08-26 07:56:40.754,113,40.9,52.7,52.3,52.1
2024-08-26 08:56:40.781,113,40.8,52.7,52.3,52.1
2024-08-26 09:26:40.637,113,40.8,52.6,52.2,52.1
2024-08-26 09:56:40.503,113,40.7,52.5,52.1,52.1
2024-08-26 10:26:40.454,113,40.7,52.4,52.0,52.0
2024-08-26 10:56:40.448,113,40.7,52.2,51.9,52.0
2024-08-26 11:26:40.472,113,40.6,52.1,51.7,51.9
2024-08-26 11:56:40.443,113,40.6,51.9,51.5,51.8
2024-08-26 12:26:40.259,113,,,,
2024-08-26 12:56:40.377,113,40.6,51.5,51.1,51.7
2024-08-26 13:26:40.324,113,40.6,51.3,51.0,51.6
2024-08-26 13:56:40.020,113,,,,
2024-08-26 14:26:40.241,113,40.6,51.2,50.8,51.5
2024-08-26 14:56:40.218,113,40.6,51.1,50.7,51.5
2024-08-26 15:26:40.095,113,40.6,51.2,50.7,51.5
2024-08-26 15:56:40.129,113,40.7,51.4,50.9,51.5
2024-08-26 16:26:39.989,113,40.7,51.6,51.0,51.6
2024-08-26 16:56:39.984,113,40.8,54.6,54.6,51.7
2024-08-26 17:26:39.826,113,40.8,56.1,55.4,52.0
2024-08-26 17:56:39.792,113,40.8,57.1,55.6,52.0
2024-08-26 18:56:39.886,113,40.7,56.6,55.1,52.0
2024-08-26 19:26:39.881,113,40.7,56.4,54.9,52.0
2024-08-26 19:56:39.963,113,40.6,56.2,54.9,52.1
2024-08-26 20:26:39.570,113,40.6,56.1,54.9,52.1
2024-08-26 20:56:39.750,113,40.6,56.0,54.9,52.1
2024-08-26 21:56:39.625,113,40.5,55.8,54.9,52.2
2024-08-26 22:26:39.711,113,40.4,55.7,54.9,52.2
2024-08-26 22:56:39.487,113,40.4,55.7,54.9,52.3
2024-08-26 23:26:39.525,113,40.4,55.6,54.9,52.3
2024-08-26 23:56:39.473,113,40.3,55.6,55.0,52.3
2024-08-27 00:56:39.400,113,40.2,55.4,55.0,52.4
2024-08-27 01:26:39.380,113,40.2,55.4,55.0,52.4
2024-08-27 01:56:39.217,113,40.2,55.3,55.1,52.4
2024-08-27 02:26:39.261,113,40.1,55.3,55.1,52.4
2024-08-27 02:56:38.993,113,40.1,55.3,55.1,52.5
2024-08-27 03:26:39.174,113,40.1,55.2,55.1,52.5
2024-08-27 03:56:39.122,113,40.1,55.2,55.2,52.5
2024-08-27 04:26:39.073,113,40.0,55.2,55.2,52.5
2024-08-27 04:56:38.826,113,40.0,55.1,55.2,52.6
2024-08-27 05:26:39.106,113,40.0,55.1,55.2,52.6
2024-08-27 05:56:38.932,113,40.0,55.0,55.3,52.6
2024-08-27 06:26:38.879,113,39.9,55.0,55.3,52.6
2024-08-27 06:56:38.780,113,39.9,55.0,55.3,52.6
2024-08-27 07:26:38.798,113,39.9,54.9,55.3,52.7
2024-08-27 07:56:38.758,113,39.9,54.9,55.3,52.7
2024-08-27 08:26:38.714,113,39.8,54.8,55.3,52.7
2024-08-27 08:56:38.653,113,39.8,54.8,55.3,52.7
2024-08-27 09:26:38.610,113,39.8,54.6,55.3,52.7
2024-08-27 09:56:38.591,113,39.8,54.4,55.2,52.7
2024-08-27 10:26:38.408,113,,,,
2024-08-27 10:56:38.546,113,39.8,54.0,55.0,52.6
2024-08-27 11:26:38.421,113,39.8,53.7,54.8,52.5
2024-08-27 11:56:38.291,113,,,,
2024-08-27 12:26:38.386,113,39.8,53.1,54.4,52.4
2024-08-27 12:56:38.403,113,39.8,52.9,54.2,52.3
2024-08-27 13:26:38.372,113,39.8,52.6,54.0,52.2
2024-08-27 13:56:38.449,113,39.9,53.5,53.8,52.2
2024-08-27 14:26:38.293,113,40.0,54.0,53.6,52.1
2024-08-27 14:56:38.241,113,39.9,54.6,53.5,52.1
2024-08-27 15:26:37.845,113,,,,
2024-08-27 15:56:38.029,113,,,,
2024-08-27 16:26:38.130,113,40.3,56.4,53.2,52.0
2024-08-27 16:56:38.038,113,40.6,56.9,53.2,52.0
2024-08-27 17:26:38.068,113,41.0,57.2,53.2,52.0
2024-08-27 17:56:38.032,113,41.3,57.5,53.2,52.0
2024-08-27 18:26:37.988,113,41.4,57.6,53.2,52.1
2024-08-27 18:56:38.079,113,41.4,57.6,53.3,52.1
2024-08-27 19:26:37.925,113,41.4,57.7,53.4,52.2
2024-08-27 19:56:37.880,113,41.4,57.7,53.6,52.2
2024-08-27 20:26:37.828,113,41.3,57.8,53.7,52.3
2024-08-27 20:56:37.674,113,41.3,57.8,53.8,52.3
2024-08-27 21:26:37.746,113,41.2,57.8,53.9,52.3
2024-08-27 21:56:37.802,113,41.1,57.9,54.0,52.4
2024-08-27 22:26:37.651,113,41.1,57.9,54.1,52.4
2024-08-27 22:56:37.621,113,41.0,57.8,54.1,52.5
2024-08-27 23:26:37.559,113,40.9,57.8,54.2,52.5
2024-08-27 23:56:37.524,113,40.9,57.8,54.3,52.5
2024-08-28 00:26:37.423,113,40.8,57.7,54.4,52.5
2024-08-28 00:56:37.434,113,40.6,57.6,54.4,52.6
2024-08-28 01:26:37.338,113,,,,
2024-08-28 01:56:37.240,113,40.7,57.5,54.6,52.7
2024-08-28 02:26:37.293,113,40.7,57.5,54.7,52.7
2024-08-28 02:56:37.239,113,40.7,57.5,54.7,52.7
2024-08-28 03:26:36.986,113,40.6,57.5,54.8,52.7
2024-08-28 03:56:37.288,113,40.5,57.5,54.8,52.7
2024-08-28 04:26:37.244,113,40.4,57.4,54.9,52.7
2024-08-28 04:56:37.064,113,40.4,57.4,54.9,52.8
2024-08-28 05:56:36.963,113,40.4,57.3,55.0,52.9
2024-08-28 06:26:36.953,113,40.4,57.3,55.1,52.9
2024-08-28 06:56:36.897,113,40.3,57.3,55.1,52.9
2024-08-28 07:26:36.847,113,40.3,57.3,55.2,52.9
2024-08-28 07:56:36.940,113,40.4,57.3,55.2,52.9
2024-08-28 08:26:36.764,113,40.3,57.2,55.2,52.9
2024-08-28 08:56:36.734,113,40.3,57.2,55.3,52.9
2024-08-28 09:26:36.623,113,40.3,57.2,55.3,53.0
2024-08-28 09:56:36.627,113,40.3,57.2,55.3,53.0
2024-08-28 10:26:36.505,113,40.3,57.1,55.4,53.0
2024-08-28 10:56:36.661,113,40.3,57.1,55.4,53.0
2024-08-28 11:26:36.497,113,40.3,57.0,55.4,53.0
2024-08-28 11:56:36.469,113,40.3,56.8,55.3,53.0
2024-08-28 12:26:36.419,113,40.3,56.6,55.2,52.9
2024-08-28 12:56:36.401,113,40.4,56.4,55.1,52.9
2024-08-28 13:26:36.386,113,40.4,56.2,54.9,52.8
2024-08-28 13:56:36.250,113,40.4,55.9,54.8,52.7
2024-08-28 14:26:36.301,113,40.6,55.6,54.6,52.7
2024-08-28 14:56:36.248,113,40.6,55.3,54.5,52.6
2024-08-28 15:56:36.145,113,40.6,55.0,54.3,52.6
2024-08-28 16:26:36.119,113,40.7,54.9,54.3,52.6
2024-08-28 16:56:36.101,113,40.7,54.7,54.2,52.6
2024-08-28 17:26:36.066,113,40.7,54.6,54.1,52.6
2024-08-28 17:56:36.017,113,40.8,54.5,54.1,52.6
2024-08-28 18:26:35.965,113,40.8,54.5,54.2,52.6
2024-08-28 18:56:35.925,113,40.8,54.5,54.2,52.7
2024-08-28 19:26:35.819,113,40.8,54.5,54.2,52.7
2024-08-28 19:56:35.856,113,40.8,54.5,54.3,52.7
2024-08-28 20:26:35.797,113,40.7,54.5,54.4,52.8
2024-08-28 20:56:35.754,113,40.7,54.6,54.4,52.8
2024-08-28 21:26:35.721,113,40.7,54.6,54.5,52.8
2024-08-28 21:56:35.653,113,40.7,54.6,54.6,52.9
2024-08-28 22:26:35.379,113,,,,
2024-08-28 22:56:35.553,113,40.7,54.6,54.7,52.9
2024-08-28 23:26:35.525,113,40.7,54.7,54.7,52.9
2024-08-28 23:56:35.486,113,40.6,54.7,54.8,52.9
2024-08-29 00:26:35.189,113,,,,
2024-08-29 00:56:35.391,113,40.5,54.7,54.9,53.0
2024-08-29 01:26:35.390,113,40.5,54.7,54.9,53.0
2024-08-29 01:56:35.427,113,40.5,54.7,54.9,53.0
2024-08-29 02:26:35.290,113,40.4,54.7,55.0,53.0
2024-08-29 02:56:35.013,113,40.4,54.7,55.0,53.1
2024-08-29 03:26:35.172,113,40.4,54.7,55.0,53.1
2024-08-29 03:56:35.002,113,,,,
2024-08-29 04:26:34.894,113,40.3,54.7,55.1,53.1
2024-08-29 04:56:35.067,113,40.3,54.7,55.1,53.1
2024-08-29 05:26:35.026,113,40.3,54.7,55.2,53.1
2024-08-29 05:56:34.971,113,40.2,54.7,55.2,53.1
2024-08-29 06:26:34.859,113,40.2,54.7,55.2,53.2
2024-08-29 06:56:34.910,113,40.2,54.7,55.2,53.2
2024-08-29 07:26:34.750,113,40.2,54.7,55.2,53.2
2024-08-29 07:56:34.763,113,40.1,54.6,55.3,53.2
2024-08-29 08:26:34.708,113,40.1,54.6,55.3,53.2
2024-08-29 08:56:34.722,113,40.1,54.6,55.3,53.2
2024-08-29 09:26:34.670,113,40.1,54.6,55.3,53.2
2024-08-29 09:56:34.621,113,40.1,54.6,55.3,53.2
2024-08-29 10:26:34.590,113,40.1,54.6,55.3,53.2
2024-08-29 10:56:34.566,113,40.2,54.5,55.3,53.2
2024-08-29 11:26:34.536,113,40.1,54.3,55.1,53.1
2024-08-29 11:56:34.474,113,40.2,54.1,54.9,53.0
2024-08-29 12:26:34.456,113,40.2,53.9,54.7,52.9
2024-08-29 12:56:34.414,113,40.3,54.7,54.6,52.9
2024-08-29 13:26:34.382,113,40.3,55.4,54.5,52.8
2024-08-29 13:56:34.303,113,40.5,56.2,54.4,52.8
2024-08-29 14:26:34.320,113,40.8,56.7,55.0,52.7
2024-08-29 14:56:34.254,113,,,,
2024-08-29 15:26:34.101,113,,,,
2024-08-29 15:56:34.061,113,,,,
2024-08-29 16:26:34.180,113,41.6,57.6,54.9,52.5
2024-08-29 16:56:34.116,113,41.8,57.7,54.8,52.5
2024-08-29 17:26:34.086,113,42.0,57.9,54.8,52.5
2024-08-29 17:56:34.054,113,42.1,58.0,54.8,52.5
2024-08-29 18:26:33.941,113,42.2,58.0,54.8,52.5
2024-08-29 18:56:33.963,113,42.3,58.0,54.8,52.6
2024-08-29 19:26:33.830,113,42.2,58.0,54.8,52.6
2024-08-29 19:56:33.747,113,,,,
2024-08-29 20:26:33.747,113,42.2,58.0,55.0,52.7
2024-08-29 20:56:33.791,113,42.2,58.1,55.0,52.7
2024-08-29 21:26:33.676,113,42.1,58.1,55.1,52.8
2024-08-29 21:56:33.686,113,42.1,58.2,55.2,52.8
2024-08-29 22:26:33.645,113,42.0,58.2,55.2,52.8
2024-08-29 22:56:33.589,113,42.0,58.2,55.3,52.9
2024-08-29 23:26:33.560,113,41.9,58.3,55.3,52.9
2024-08-29 23:56:33.510,113,41.9,58.3,55.4,52.9
2024-08-30 00:26:33.594,113,41.8,58.3,55.4,53.0
2024-08-30 00:56:33.442,113,41.8,58.3,55.5,53.0
2024-08-30 01:26:33.382,113,41.7,58.3,55.5,53.0
2024-08-30 01:56:33.128,113,41.7,58.3,55.6,53.0
2024-08-30 02:26:33.284,113,41.6,58.3,55.6,53.0
2024-08-30 02:56:33.283,113,41.6,58.3,55.6,53.1
2024-08-30 03:26:33.205,113,41.6,58.2,55.7,53.1
2024-08-30 03:56:33.155,113,41.5,58.2,55.7,53.1
2024-08-30 04:26:33.114,113,41.5,58.2,55.7,53.1
2024-08-30 04:56:33.091,113,41.5,58.1,55.7,53.1
2024-08-30 05:26:33.032,113,41.4,58.1,55.8,53.1
2024-08-30 05:56:32.936,113,41.4,58.0,55.8,53.2
2024-08-30 06:26:32.701,113,,,,
2024-08-30 06:56:32.908,113,41.3,58.0,55.8,53.2
2024-08-30 07:26:32.780,113,41.3,58.0,55.9,53.2
2024-08-30 07:56:32.830,113,41.3,57.9,55.9,53.2
2024-08-30 08:26:32.618,113,,,,
2024-08-30 08:56:32.716,113,41.3,57.9,55.9,53.2
2024-08-30 09:26:32.688,113,41.2,57.8,55.9,53.2
2024-08-30 09:56:32.771,113,41.2,57.8,55.9,53.2
2024-08-30 10:26:32.606,113,41.2,57.7,55.9,53.2
2024-08-30 10:56:32.455,113,41.2,57.6,55.9,53.2
2024-08-30 11:26:32.439,113,41.2,57.5,55.8,53.2
2024-08-30 11:56:32.461,113,41.2,57.4,55.8,53.2
2024-08-30 12:26:32.537,113,41.2,57.2,55.7,53.1
2024-08-30 12:56:32.285,113,41.2,57.1,55.7,53.1
2024-08-30 13:26:32.372,113,41.2,56.9,55.6,53.1
2024-08-30 13:56:32.443,113,41.1,56.7,55.5,53.0
2024-08-30 14:26:32.324,113,41.1,56.4,55.3,53.0
2024-08-30 14:56:32.252,113,41.1,56.2,55.2,52.9
2024-08-30 15:26:32.110,113,41.1,55.9,55.1,52.9
2024-08-30 15:56:32.167,113,41.1,55.6,54.8,52.8
2024-08-30 16:56:32.063,113,41.0,55.0,54.4,52.7
2024-08-30 17:26:32.039,113,41.0,54.8,54.3,52.7
2024-08-30 17:56:31.953,113,41.0,54.7,54.2,52.7
2024-08-30 18:26:31.994,113,41.0,54.6,54.2,52.7
2024-08-30 18:56:32.053,113,40.9,54.5,54.2,52.7
2024-08-30 19:26:31.897,113,40.9,54.5,54.3,52.7
2024-08-30 19:56:31.761,113,57.7,62.5,54.8,53.1
2024-08-30 20:26:31.806,113,59.6,66.0,57.0,53.3
2024-08-30 20:56:31.536,113,62.0,66.2,57.3,53.4
2024-08-30 21:26:31.735,113,61.3,66.0,57.6,53.4
2024-08-30 21:56:31.679,113,60.8,65.7,57.7,53.4
2024-08-30 22:26:31.616,113,61.9,65.8,57.7,53.5
2024-08-30 22:56:31.582,113,62.4,65.9,57.8,53.5
2024-08-30 23:26:31.370,113,62.4,65.9,57.9,53.5
2024-08-30 23:56:31.512,113,61.8,65.8,58.0,53.5
2024-08-31 00:26:31.461,113,61.4,65.7,58.0,53.5
2024-08-31 00:56:31.385,113,61.1,65.7,57.9,53.5
2024-08-31 01:26:31.391,113,61.3,65.7,57.9,53.5
2024-08-31 01:56:31.333,113,61.1,65.7,57.9,53.5
2024-08-31 02:26:31.208,113,61.3,65.7,57.9,53.6
2024-08-31 02:56:30.975,113,,,,
2024-08-31 03:26:31.050,113,,,,
2024-08-31 03:56:31.148,113,61.0,65.6,58.0,53.6
2024-08-31 04:26:30.842,113,,,,
2024-08-31 04:56:30.977,113,60.9,65.6,58.0,53.6
2024-08-31 05:26:30.927,113,60.8,65.7,57.9,53.6
2024-08-31 05:56:31.096,113,60.8,65.7,58.0,53.6
2024-08-31 06:26:30.923,113,60.7,65.7,58.0,53.6
2024-08-31 06:56:30.729,113,,,,
2024-08-31 07:26:30.832,113,60.5,65.7,58.0,53.6
2024-08-31 07:56:30.747,113,,,,
2024-08-31 08:26:30.752,113,60.4,65.7,58.0,53.6
2024-08-31 08:56:30.696,113,60.5,65.7,58.0,53.7
2024-08-31 09:26:30.647,113,60.4,65.7,58.0,53.7
2024-08-31 09:56:30.407,113,60.3,65.6,58.0,53.7
2024-08-31 10:26:30.581,113,60.2,65.5,57.9,53.7
2024-08-31 10:56:30.525,113,60.1,65.5,57.8,53.7
2024-08-31 11:26:30.476,113,59.9,65.4,57.7,53.6
2024-08-31 11:56:30.443,113,59.9,65.3,57.5,53.6
2024-08-31 12:26:30.398,113,59.8,65.2,57.4,53.5
2024-08-31 12:56:30.382,113,59.7,65.1,57.2,53.5
2024-08-31 13:26:30.360,113,59.6,65.0,57.0,53.4
2024-08-31 13:56:30.296,113,59.6,65.0,56.9,53.4
2024-08-31 14:26:30.186,113,59.5,65.0,56.8,53.5
2024-08-31 14:56:30.230,113,59.3,64.9,56.7,53.4
2024-08-31 15:26:30.049,113,,,,
2024-08-31 15:56:30.070,113,59.1,64.7,56.3,53.3
2024-08-31 16:26:30.093,113,58.8,64.7,56.2,53.3
2024-08-31 16:56:29.969,113,58.7,64.6,56.1,53.3
2024-08-31 17:26:29.911,113,58.5,64.6,56.0,53.3
2024-08-31 17:56:29.957,113,58.4,64.5,56.0,53.3
2024-08-31 18:26:29.862,113,58.3,64.4,56.0,53.3
2024-08-31 18:56:29.811,113,58.1,64.4,56.0,53.3
2024-08-31 19:26:29.815,113,58.0,64.4,56.0,53.3
2024-08-31 19:56:29.772,113,58.0,64.5,56.1,53.4
2024-08-31 20:26:29.720,113,57.9,64.5,56.2,53.4
2024-08-31 20:56:29.702,113,57.8,64.5,56.2,53.4
2024-08-31 21:26:29.660,113,57.7,64.5,56.3,53.4
2024-08-31 21:56:29.183,113,,,,
2024-08-31 22:26:29.479,113,57.4,64.5,56.4,53.5
2024-08-31 22:56:29.527,113,57.4,64.5,56.4,53.5
2024-08-31 23:26:29.594,113,57.1,64.5,56.4,53.5
2024-08-31 23:56:29.456,113,57.0,64.5,56.5,53.5
2024-09-01 00:26:29.440,113,56.9,64.5,56.5,53.5
2024-09-01 00:56:29.476,113,56.8,64.5,56.5,53.5
2024-09-01 01:26:29.138,113,56.7,64.5,56.6,53.5
2024-09-01 01:56:29.291,113,56.6,64.4,56.6,53.5
2024-09-01 02:56:29.210,113,56.4,64.5,56.6,53.6
2024-09-01 03:26:29.200,113,56.4,64.4,56.6,53.6
2024-09-01 03:56:29.076,113,56.3,64.4,56.7,53.6
2024-09-01 04:26:29.127,113,56.3,64.4,56.7,53.6
2024-09-01 04:56:29.074,113,56.2,64.4,56.7,53.6
2024-09-01 05:26:29.046,113,56.1,64.4,56.7,53.6
2024-09-01 05:56:29.008,113,56.1,64.3,56.7,53.6
2024-09-01 06:26:28.712,113,,,,
2024-09-01 06:56:28.935,113,55.9,64.3,56.8,53.6
2024-09-01 07:26:28.906,113,55.9,64.3,56.8,53.6
2024-09-01 07:56:28.847,113,55.8,64.3,56.8,53.6
2024-09-01 08:26:28.934,113,55.8,64.2,56.8,53.7
2024-09-01 08:56:28.783,113,55.7,64.2,56.8,53.7
2024-09-01 09:26:28.727,113,55.7,64.1,56.8,53.7
2024-09-01 09:56:28.675,113,55.7,64.1,56.8,53.7
2024-09-01 10:26:28.634,113,55.7,64.0,56.8,53.7
2024-09-01 10:56:28.709,113,55.6,63.9,56.8,53.6
2024-09-01 11:26:28.536,113,55.6,63.8,56.7,53.6
2024-09-01 11:56:28.440,113,55.5,63.7,56.5,53.6
2024-09-01 12:26:28.411,113,55.4,63.6,56.4,53.5
2024-09-01 12:56:28.424,113,55.4,63.5,56.2,53.4
2024-09-01 13:26:28.248,113,,,,
2024-09-01 14:56:28.151,113,55.1,62.7,55.6,53.3
2024-09-01 15:26:28.210,113,54.9,62.5,55.5,53.3
2024-09-01 15:56:28.180,113,54.7,62.4,55.3,53.2
2024-09-01 16:26:28.113,113,54.6,62.2,55.2,53.2
2024-09-01 16:56:28.065,113,54.4,62.0,55.1,53.1
2024-09-01 17:26:27.977,113,54.3,61.9,55.0,53.1
2024-09-01 17:56:27.632,113,,,,
2024-09-01 18:26:27.950,113,54.1,61.7,55.0,53.1
2024-09-01 18:56:27.915,113,54.0,61.7,55.0,53.2
2024-09-01 19:26:27.831,113,53.9,61.7,55.1,53.2
2024-09-01 19:56:27.673,113,,,,
2024-09-01 20:26:27.756,113,53.7,61.6,55.3,53.2
2024-09-01 20:56:27.716,113,53.6,61.7,55.3,53.2
2024-09-01 21:26:27.684,113,53.5,61.7,55.4,53.3
2024-09-01 21:56:27.304,113,,,,
2024-09-01 22:26:27.622,113,53.3,61.7,55.5,53.3
2024-09-01 22:56:27.489,113,53.3,61.7,55.6,53.3
2024-09-01 23:26:27.547,113,53.2,61.7,55.7,53.3
2024-09-01 23:56:27.489,113,53.1,61.7,55.7,53.3
2024-09-02 00:26:27.366,113,,,,
2024-09-02 00:56:27.307,113,,,,
2024-09-02 01:26:27.425,113,52.9,61.7,55.8,53.4
2024-09-02 01:56:27.378,113,52.9,61.7,55.8,53.4
2024-09-02 02:26:27.364,113,52.8,61.7,55.9,53.4
2024-09-02 02:56:27.071,113,,,,
2024-09-02 03:26:27.299,113,52.7,61.6,55.9,53.4
2024-09-02 03:56:27.258,113,52.6,61.6,55.9,53.4
2024-09-02 04:26:27.228,113,52.6,61.6,56.0,53.4
2024-09-02 04:56:26.965,113,52.5,61.6,56.0,53.4
2024-09-02 05:26:27.154,113,52.4,61.6,56.0,53.4
2024-09-02 05:56:27.127,113,52.4,61.6,56.0,53.4
2024-09-02 06:26:27.098,113,52.3,61.6,56.0,53.4
2024-09-02 06:56:27.038,113,,,,
2024-09-02 07:26:26.973,113,52.2,61.6,56.0,53.4
2024-09-02 07:56:27.003,113,52.1,61.5,56.1,53.4
2024-09-02 08:26:26.976,113,52.1,61.5,56.1,53.4
2024-09-02 08:56:26.943,113,52.1,61.5,56.1,53.4
2024-09-02 09:26:26.898,113,52.0,61.5,56.1,53.4
2024-09-02 09:56:26.855,113,52.0,61.5,56.1,53.4
2024-09-02 10:26:26.814,113,52.0,61.4,56.1,53.4
2024-09-02 10:56:26.757,113,52.0,61.4,56.0,53.4
2024-09-02 11:26:26.639,113,51.9,61.3,55.9,53.3
2024-09-02 11:56:26.642,113,51.9,61.2,55.7,53.3
2024-09-02 12:26:26.591,113,51.9,61.1,55.5,53.2
2024-09-02 12:56:26.588,113,51.8,60.9,55.3,53.2
2024-09-02 13:26:26.542,113,51.8,60.7,55.1,53.1
2024-09-02 13:56:26.485,113,51.7,60.4,54.8,53.0
2024-09-02 14:26:26.368,113,51.6,60.2,54.6,53.0
2024-09-02 14:56:26.395,113,51.6,60.0,54.4,52.9
2024-09-02 15:26:26.379,113,51.5,59.8,54.3,52.8
2024-09-02 15:56:26.445,113,51.4,59.6,54.1,52.8
2024-09-02 16:26:26.278,113,51.4,59.4,54.1,52.8
2024-09-02 16:56:26.367,113,51.3,59.3,54.0,52.8
2024-09-02 17:56:26.092,113,51.2,59.2,54.0,52.8
2024-09-02 18:26:26.086,113,51.1,59.1,54.0,52.8
2024-09-02 18:56:26.034,113,51.1,59.1,54.0,52.8
2024-09-02 19:26:25.983,113,51.0,59.2,54.1,52.8
2024-09-02 19:56:25.808,113,,,,
2024-09-02 20:26:25.901,113,51.0,59.2,54.2,52.9
2024-09-02 20:56:25.603,113,,,,
2024-09-02 21:26:25.610,113,50.9,59.3,54.3,52.9
2024-09-02 21:56:25.653,113,,,,
2024-09-02 22:26:25.749,113,50.8,59.3,54.4,52.9
2024-09-02 22:56:25.853,113,50.7,59.3,54.5,53.0
2024-09-02 23:26:25.619,113,50.6,59.4,54.5,53.0
2024-09-02 23:56:25.459,113,50.6,59.4,54.6,53.0
2024-09-03 00:26:25.657,113,50.5,59.4,54.6,53.0
2024-09-03 00:56:25.605,113,50.5,59.4,54.6,53.0
2024-09-03 01:26:25.493,113,50.4,59.4,54.7,53.0
2024-09-03 01:56:25.571,113,50.3,59.4,54.7,53.0
