ts,Entity Name,data_soil_moisture1,data_soil_moisture2,data_soil_moisture3,data_soil_moisture4
2024-05-24 11:48:18.769,111,21.2,20.9,38.5,47.9
2024-05-24 11:48:28.797,111,21.2,20.9,38.5,47.9
2024-05-24 12:18:38.625,111,21.3,21.0,38.5,47.8
2024-05-24 12:48:39.028,111,21.4,21.0,38.5,47.8
2024-05-24 13:18:38.983,111,21.5,21.0,38.5,47.8
2024-05-24 13:48:39.018,111,,,,
2024-05-24 14:18:38.919,111,22.3,21.0,38.5,47.9
2024-05-24 14:48:38.988,111,22.3,21.0,38.5,47.9
2024-05-24 15:18:38.412,111,22.4,21.1,38.5,47.9
2024-05-24 15:48:38.809,111,22.4,21.1,38.5,47.9
2024-05-24 16:18:38.374,111,22.4,21.1,38.5,47.9
2024-05-24 16:48:38.792,111,,,,
2024-05-24 17:18:38.765,111,,,,
2024-05-24 17:48:38.651,111,26.0,21.2,38.7,48.0
2024-05-24 18:18:38.712,111,,,,
2024-05-24 18:48:38.654,111,,,,
2024-05-24 19:18:38.468,111,,,,
2024-05-24 19:48:38.534,111,31.7,24.8,41.0,48.2
2024-05-24 20:18:38.571,111,31.4,24.8,41.7,48.4
2024-05-24 20:48:38.297,111,31.2,24.8,42.1,48.8
2024-05-24 21:18:38.430,111,31.0,24.7,42.3,49.2
2024-05-24 21:48:38.482,111,30.8,24.6,42.3,49.7
2024-05-24 22:18:38.215,111,30.6,24.6,42.4,50.0
2024-05-24 22:48:38.558,111,30.5,24.5,42.4,50.2
2024-05-24 23:18:38.304,111,30.3,24.5,42.4,50.4
2024-05-24 23:48:37.850,111,30.1,24.4,42.5,50.5
2024-05-25 00:18:38.243,111,30.0,24.3,42.5,50.7
2024-05-25 01:18:38.175,111,29.8,24.2,42.4,51.0
2024-05-25 01:48:38.154,111,29.7,24.2,42.4,51.1
2024-05-25 02:18:38.106,111,29.7,24.1,42.4,51.1
2024-05-25 02:48:38.083,111,29.6,24.1,42.4,51.2
2024-05-25 03:18:38.053,111,29.6,24.0,42.4,51.3
2024-05-25 03:48:38.089,111,,,,
2024-05-25 04:18:38.049,111,,,,
2024-05-25 04:48:37.964,111,29.4,23.9,42.5,51.4
2024-05-25 05:18:37.944,111,29.4,23.9,42.5,51.4
2024-05-25 05:48:37.715,111,29.3,23.9,42.5,51.4
2024-05-25 06:18:37.871,111,29.3,23.9,42.5,51.4
2024-05-25 06:48:37.865,111,29.2,23.9,42.5,51.4
2024-05-25 07:18:37.812,111,29.2,23.8,42.5,51.4
2024-05-25 07:48:37.778,111,29.2,23.8,42.5,51.4
2024-05-25 08:18:37.752,111,29.2,23.8,42.5,51.4
2024-05-25 08:48:37.715,111,29.1,23.8,42.5,51.4
2024-05-25 09:18:37.675,111,29.1,23.7,42.5,51.4
2024-05-25 09:48:37.642,111,29.1,23.7,42.5,51.4
2024-05-25 10:18:37.603,111,29.0,23.7,42.5,51.4
2024-05-25 10:48:37.574,111,28.9,23.6,42.5,51.4
2024-05-25 11:18:37.524,111,28.8,23.6,42.5,51.4
2024-05-25 11:48:37.497,111,28.7,23.6,42.4,51.4
2024-05-25 12:48:37.381,111,28.5,23.5,42.4,51.4
2024-05-25 13:18:37.591,111,28.3,23.5,42.4,51.4
2024-05-25 13:48:37.362,111,28.3,23.4,42.3,51.3
2024-05-25 14:48:37.453,111,28.1,23.4,42.3,51.3
2024-05-25 15:18:37.221,111,28.0,23.4,42.2,51.3
2024-05-25 15:48:37.175,111,27.9,23.4,42.2,51.3
2024-05-25 16:18:37.139,111,27.8,23.4,42.2,51.3
2024-05-25 16:48:37.114,111,27.7,23.4,42.2,51.3
2024-05-25 17:18:37.070,111,27.7,23.4,42.1,51.3
2024-05-25 17:48:37.031,111,27.6,23.4,42.1,51.3
2024-05-25 18:18:36.993,111,27.5,23.4,42.1,51.3
2024-05-25 18:48:36.790,111,,,,
2024-05-25 19:18:36.930,111,27.3,23.4,42.1,51.3
2024-05-25 19:48:36.870,111,27.1,23.4,42.1,51.3
2024-05-25 20:18:36.872,111,27.0,23.4,42.1,51.3
2024-05-25 20:48:36.811,111,26.9,23.4,42.1,51.2
2024-05-25 21:18:36.842,111,,,,
2024-05-25 21:48:36.805,111,,,,
2024-05-25 22:18:36.774,111,,,,
2024-05-25 22:48:36.738,111,,,,
2024-05-25 23:18:36.713,111,,,,
2024-05-25 23:48:36.695,111,,,,
2024-05-26 00:18:36.668,111,,,,
2024-05-26 00:48:36.633,111,,,,
2024-05-26 01:18:36.518,111,,,,
2024-05-26 01:48:36.579,111,,,,
2024-05-26 02:18:36.560,111,,,,
2024-05-26 02:48:36.529,111,,,,
2024-05-26 03:18:36.503,111,,,,
2024-05-26 03:48:36.473,111,,,,
2024-05-26 04:18:36.268,111,,,,
2024-05-26 04:48:36.410,111,,,,
2024-05-26 05:18:36.387,111,,,,
2024-05-26 05:48:36.374,111,,,,
2024-05-26 06:18:36.373,111,,,,
2024-05-26 07:18:36.279,111,,,,
2024-05-26 07:48:36.259,111,,,,
2024-05-26 08:18:36.217,111,,,,
2024-05-26 08:48:35.745,111,,,,
2024-05-26 09:18:36.143,111,,,,
2024-05-26 09:48:35.677,111,,,,
2024-05-26 10:18:35.983,111,25.0,22.5,41.7,51.1
2024-05-26 10:48:35.948,111,25.0,22.5,41.7,51.1
2024-05-26 11:18:35.935,111,25.0,22.5,41.7,51.1
2024-05-26 11:48:35.905,111,25.0,22.4,41.7,51.1
2024-05-26 12:18:35.808,111,,,,
2024-05-26 12:48:35.718,111,,,,
2024-05-26 13:18:35.736,111,,,,
2024-05-26 13:48:35.608,111,,,,
2024-05-26 14:18:35.387,111,,,,
2024-05-26 14:48:35.591,111,,,,
2024-05-26 15:18:35.838,111,33.4,39.5,49.0,51.5
2024-05-26 15:48:35.196,111,33.2,37.7,49.0,51.5
2024-05-26 16:18:35.580,111,33.0,36.9,49.0,51.5
2024-05-26 16:48:35.542,111,32.7,36.4,49.0,51.5
2024-05-26 17:18:35.504,111,32.4,35.6,49.0,51.5
2024-05-26 17:48:35.460,111,32.1,34.8,49.0,51.4
2024-05-26 18:18:35.431,111,31.9,34.2,49.0,51.4
2024-05-26 18:48:35.227,111,,,,
2024-05-26 19:18:35.368,111,31.5,32.8,49.0,51.4
2024-05-26 20:18:35.145,111,,,,
2024-05-26 20:48:35.070,111,31.2,31.4,48.9,51.4
2024-05-26 21:18:35.207,111,31.1,31.2,48.9,51.4
2024-05-26 21:48:34.751,111,31.1,30.9,49.0,51.4
2024-05-26 22:18:35.145,111,31.0,30.7,48.9,51.4
2024-05-26 22:48:35.077,111,31.0,30.3,48.9,51.3
2024-05-26 23:18:34.875,111,31.0,30.1,48.9,51.3
2024-05-26 23:48:35.027,111,31.0,29.8,48.9,51.3
2024-05-27 00:18:35.004,111,30.9,29.7,48.9,51.3
2024-05-27 00:48:34.293,111,,,,
2024-05-27 01:18:34.907,111,31.0,29.5,49.0,51.4
2024-05-27 01:48:34.892,111,34.1,29.7,49.0,51.4
2024-05-27 02:18:34.857,111,34.0,30.2,49.0,51.4
2024-05-27 02:48:34.809,111,33.8,31.0,49.0,51.4
2024-05-27 03:18:34.773,111,33.5,31.3,48.9,51.4
2024-05-27 03:48:34.743,111,33.3,31.6,48.9,51.4
2024-05-27 04:18:34.772,111,,,,
2024-05-27 04:48:34.633,111,,,,
2024-05-27 05:18:34.710,111,,,,
2024-05-27 05:48:34.701,111,,,,
2024-05-27 06:18:34.674,111,,,,
2024-05-27 06:48:34.641,111,,,,
2024-05-27 07:18:34.608,111,,,,
2024-05-27 07:48:34.402,111,,,,
2024-05-27 08:18:34.552,111,,,,
2024-05-27 08:48:34.478,111,,,,
2024-05-27 09:18:34.489,111,,,,
2024-05-27 09:48:34.033,111,,,,
2024-05-27 10:18:34.435,111,,,,
2024-05-27 10:48:34.412,111,,,,
2024-05-27 11:18:34.378,111,,,,
2024-05-27 11:48:34.365,111,,,,
2024-05-27 12:18:34.302,111,,,,
2024-05-27 13:18:34.239,111,,,,
2024-05-27 13:48:34.031,111,,,,
2024-05-27 14:18:34.073,111,30.8,28.8,48.7,51.3
2024-05-27 14:48:34.061,111,30.7,28.5,48.6,51.2
2024-05-27 15:18:34.250,111,30.6,28.4,48.5,51.2
2024-05-27 15:48:33.983,111,30.5,28.3,48.5,51.2
2024-05-27 16:18:33.763,111,30.4,28.3,48.4,51.2
2024-05-27 16:48:33.905,111,30.3,28.2,48.3,51.2
2024-05-27 17:18:33.928,111,,,,
2024-05-27 17:48:33.637,111,30.0,28.1,48.0,51.2
2024-05-27 18:18:33.797,111,29.9,28.0,47.8,51.2
2024-05-27 18:48:33.744,111,29.8,27.9,47.7,51.2
2024-05-27 19:18:33.403,111,,,,
2024-05-27 19:48:33.698,111,29.6,27.8,47.5,51.2
2024-05-27 20:18:33.537,111,29.5,27.7,47.3,51.1
2024-05-27 20:48:33.442,111,,,,
2024-05-27 21:18:33.659,111,,,,
2024-05-27 21:48:33.533,111,29.2,27.3,46.9,51.1
2024-05-27 22:18:33.464,111,,,,
2024-05-27 22:48:33.481,111,29.1,27.2,46.8,51.1
2024-05-27 23:18:33.409,111,,,,
2024-05-27 23:48:33.417,111,28.9,26.8,46.7,51.1
2024-05-28 00:18:33.457,111,,,,
2024-05-28 00:48:33.422,111,,,,
2024-05-28 01:18:33.398,111,,,,
2024-05-28 01:48:33.377,111,,,,
2024-05-28 02:18:33.352,111,,,,
2024-05-28 02:48:33.331,111,,,,
2024-05-28 03:18:33.337,111,,,,
2024-05-28 03:48:33.296,111,,,,
2024-05-28 04:18:33.260,111,,,,
2024-05-28 04:48:33.228,111,,,,
2024-05-28 05:18:33.199,111,,,,
2024-05-28 05:48:33.187,111,,,,
2024-05-28 06:18:33.171,111,,,,
2024-05-28 06:48:33.160,111,,,,
2024-05-28 07:18:33.119,111,,,,
2024-05-28 07:48:33.086,111,,,,
2024-05-28 08:18:33.045,111,,,,
2024-05-28 08:48:33.014,111,,,,
2024-05-28 09:18:32.986,111,,,,
2024-05-28 09:48:32.932,111,,,,
2024-05-28 10:18:32.810,111,28.4,25.6,45.0,51.0
2024-05-28 10:48:32.570,111,28.5,25.5,44.7,51.0
2024-05-28 11:18:32.757,111,28.5,25.5,44.7,51.0
2024-05-28 11:48:32.731,111,28.5,25.5,44.6,50.9
2024-05-28 12:18:32.684,111,28.5,25.5,44.5,50.9
2024-05-28 12:48:32.859,111,28.6,25.6,44.8,50.9
2024-05-28 13:18:32.609,111,28.6,25.6,44.7,50.9
2024-05-28 13:48:32.157,111,28.7,25.6,44.4,50.9
2024-05-28 14:18:32.539,111,28.6,25.6,44.4,50.9
2024-05-28 14:48:32.070,111,28.6,25.7,44.4,50.9
2024-05-28 15:18:32.459,111,28.6,25.7,44.3,50.9
2024-05-28 15:48:32.421,111,28.6,25.7,44.2,50.9
2024-05-28 16:18:32.219,111,,,,
2024-05-28 16:48:32.554,111,28.5,25.7,44.2,50.9
2024-05-28 18:18:32.043,111,28.4,25.8,44.0,50.9
2024-05-28 18:48:32.208,111,28.4,25.8,44.0,50.8
2024-05-28 19:18:31.983,111,,,,
2024-05-28 19:48:32.132,111,28.2,25.7,43.9,50.8
2024-05-28 20:18:32.116,111,28.1,25.7,43.9,50.8
2024-05-28 20:48:32.049,111,28.0,25.7,43.8,50.8
2024-05-28 21:18:32.109,111,,,,
2024-05-28 21:48:31.866,111,,,,
2024-05-28 22:18:32.023,111,,,,
2024-05-28 22:48:31.985,111,,,,
2024-05-28 23:18:31.972,111,,,,
2024-05-28 23:48:31.932,111,,,,
2024-05-29 00:18:31.921,111,,,,
2024-05-29 00:48:31.896,111,,,,
2024-05-29 01:18:31.868,111,,,,
2024-05-29 01:48:31.857,111,,,,
2024-05-29 02:18:31.827,111,,,,
2024-05-29 02:48:31.808,111,,,,
2024-05-29 03:18:31.791,111,,,,
2024-05-29 03:48:31.783,111,,,,
2024-05-29 04:18:31.744,111,,,,
2024-05-29 04:48:31.712,111,,,,
2024-05-29 05:18:31.688,111,,,,
2024-05-29 05:48:31.669,111,,,,
2024-05-29 06:18:31.617,111,,,,
2024-05-29 06:48:31.624,111,,,,
2024-05-29 07:18:31.595,111,,,,
2024-05-29 07:48:31.578,111,,,,
2024-05-29 08:18:31.535,111,,,,
2024-05-29 08:48:31.533,111,,,,
2024-05-29 09:18:31.479,111,,,,
2024-05-29 09:48:31.454,111,,,,
2024-05-29 10:18:31.316,111,,,,
2024-05-29 10:48:31.382,111,,,,
2024-05-29 11:18:31.386,111,,,,
2024-05-29 11:48:31.329,111,,,,
2024-05-29 12:18:31.047,111,,,,
2024-05-29 12:48:31.177,111,26.9,24.8,43.1,50.7
2024-05-29 13:18:31.154,111,27.0,24.8,43.1,50.7
2024-05-29 13:48:31.105,111,27.1,24.9,43.1,50.7
2024-05-29 14:18:30.643,111,27.2,24.9,43.1,50.7
2024-05-29 15:18:30.973,111,27.3,25.0,43.0,50.7
2024-05-29 15:48:30.948,111,27.4,25.0,43.0,50.7
2024-05-29 16:18:31.131,111,27.5,25.0,43.0,50.7
2024-05-29 16:48:30.869,111,27.5,25.0,43.0,50.7
2024-05-29 17:48:30.778,111,27.5,25.1,43.0,50.7
2024-05-29 18:18:30.758,111,27.5,25.1,43.0,50.7
2024-05-29 18:48:30.726,111,27.5,25.1,43.0,50.7
2024-05-29 19:18:30.689,111,27.4,25.2,43.1,50.7
2024-05-29 19:48:30.652,111,27.4,25.2,43.1,50.7
2024-05-29 20:18:30.647,111,27.3,25.2,43.1,50.7
2024-05-29 20:48:30.660,111,,,,
2024-05-29 21:18:30.611,111,,,,
2024-05-29 22:18:30.563,111,,,,
2024-05-29 22:48:30.549,111,,,,
2024-05-29 23:18:30.506,111,,,,
2024-05-29 23:48:30.475,111,,,,
2024-05-30 00:18:30.469,111,,,,
2024-05-30 00:48:30.459,111,,,,
2024-05-30 01:18:30.455,111,,,,
2024-05-30 01:48:30.438,111,,,,
2024-05-30 02:48:30.388,111,,,,
2024-05-30 03:18:30.365,111,,,,
2024-05-30 04:18:30.329,111,,,,
2024-05-30 04:48:30.307,111,,,,
2024-05-30 05:48:30.271,111,,,,
2024-05-30 06:18:30.289,111,,,,
2024-05-30 07:18:30.232,111,,,,
2024-05-30 07:48:30.241,111,,,,
2024-05-30 08:18:30.172,111,,,,
2024-05-30 08:48:30.125,111,,,,
2024-05-30 09:18:30.097,111,,,,
2024-05-30 09:48:30.043,111,,,,
2024-05-30 10:18:30.001,111,,,,
2024-05-30 10:48:29.892,111,25.6,24.6,43.0,50.7
2024-05-30 11:18:29.884,111,25.8,24.6,43.0,50.7
2024-05-30 11:48:29.410,111,25.9,24.7,43.0,50.7
2024-05-30 12:18:30.020,111,26.1,24.7,43.0,50.7
2024-05-30 12:48:29.997,111,,,,
2024-05-30 13:18:29.742,111,26.5,24.8,43.0,50.7
2024-05-30 13:48:29.289,111,26.7,24.8,42.9,50.7
2024-05-30 14:18:29.868,111,26.9,24.9,42.9,50.7
2024-05-30 14:48:29.629,111,27.0,25.0,42.9,50.6
2024-05-30 15:18:29.659,111,,,,
2024-05-30 15:48:29.532,111,27.4,25.0,42.9,50.6
2024-05-30 16:18:29.331,111,27.5,25.1,43.0,50.6
2024-05-30 16:48:29.014,111,27.5,25.1,43.0,50.6
2024-05-30 17:18:29.246,111,,,,
2024-05-30 17:48:29.240,111,,,,
2024-05-30 18:18:29.567,111,27.5,25.3,43.0,50.6
2024-05-30 18:48:29.295,111,27.5,25.3,43.0,50.6
2024-05-30 19:18:29.268,111,27.4,25.4,43.0,50.6
2024-05-30 19:48:28.580,111,,,,
2024-05-30 20:18:29.208,111,27.2,25.4,43.0,50.6
2024-05-30 20:48:29.050,111,,,,
2024-05-30 21:18:28.760,111,,,,
2024-05-30 21:48:29.150,111,,,,
2024-05-30 22:18:29.112,111,,,,
2024-05-30 22:48:29.104,111,,,,
2024-05-30 23:18:28.993,111,,,,
2024-05-30 23:48:29.055,111,,,,
2024-05-31 00:48:29.010,111,,,,
2024-05-31 01:18:28.993,111,,,,
2024-05-31 01:48:28.960,111,,,,
2024-05-31 02:18:28.939,111,,,,
2024-05-31 02:48:28.925,111,,,,
2024-05-31 03:18:28.768,111,,,,
2024-05-31 03:48:28.432,111,,,,
2024-05-31 04:18:28.834,111,,,,
2024-05-31 04:48:28.712,111,,,,
2024-05-31 05:18:28.763,111,,,,
2024-05-31 05:48:28.743,111,,,,
2024-05-31 06:18:28.714,111,,,,
2024-05-31 06:48:28.701,111,,,,
2024-05-31 07:18:28.241,111,,,,
2024-05-31 07:48:28.508,111,,,,
2024-05-31 08:48:28.539,111,,,,
2024-05-31 09:18:28.493,111,,,,
2024-05-31 09:48:28.491,111,,,,
2024-05-31 10:18:28.408,111,,,,
2024-05-31 10:48:28.414,111,,,,
2024-05-31 11:18:28.376,111,,,,
2024-05-31 11:48:27.917,111,,,,
2024-05-31 12:18:28.199,111,25.6,24.9,43.0,50.7
2024-05-31 12:48:28.192,111,25.8,24.9,43.0,50.7
2024-05-31 13:18:28.386,111,25.9,25.0,43.0,50.7
2024-05-31 13:48:28.101,111,26.1,25.0,43.0,50.7
2024-05-31 14:18:28.084,111,26.2,25.0,43.0,50.7
2024-05-31 14:48:28.047,111,26.4,25.0,43.0,50.7
2024-05-31 15:18:27.848,111,,,,
2024-05-31 15:48:27.972,111,26.6,25.1,43.0,50.7
2024-05-31 16:18:27.925,111,26.7,25.1,43.0,50.7
2024-05-31 16:48:27.899,111,26.7,25.2,43.0,50.7
2024-05-31 17:18:28.091,111,26.8,25.2,43.0,50.7
2024-05-31 17:48:27.810,111,26.8,25.3,43.0,50.7
2024-05-31 18:18:27.602,111,26.8,25.3,43.0,50.7
2024-05-31 18:48:27.735,111,26.7,25.4,43.0,50.7
2024-05-31 19:18:27.684,111,26.7,25.4,43.0,50.7
2024-05-31 20:48:27.391,111,26.4,25.4,43.1,50.7
2024-05-31 21:18:27.617,111,,,,
2024-05-31 22:18:27.546,111,,,,
2024-05-31 22:48:27.531,111,,,,
2024-05-31 23:18:27.506,111,,,,
2024-05-31 23:48:27.462,111,,,,
2024-06-01 00:18:27.422,111,,,,
2024-06-01 00:48:27.383,111,,,,
2024-06-01 01:18:27.394,111,,,,
2024-06-01 01:48:27.401,111,,,,
2024-06-01 02:18:27.303,111,,,,
2024-06-01 02:48:27.276,111,,,,
2024-06-01 03:18:27.248,111,,,,
2024-06-01 03:48:27.280,111,,,,
2024-06-01 04:18:27.188,111,,,,
2024-06-01 04:48:27.144,111,,,,
2024-06-01 05:18:27.123,111,,,,
2024-06-01 05:48:27.097,111,,,,
2024-06-01 06:18:26.762,111,,,,
2024-06-01 06:48:27.032,111,,,,
2024-06-01 07:18:27.005,111,,,,
2024-06-01 07:48:26.955,111,,,,
2024-06-01 08:18:26.934,111,,,,
2024-06-01 08:48:26.903,111,,,,
2024-06-01 09:48:26.806,111,,,,
2024-06-01 10:18:26.782,111,,,,
2024-06-01 10:48:26.760,111,,,,
2024-06-01 11:18:26.609,111,24.6,24.9,43.1,50.8
2024-06-01 11:48:26.605,111,24.7,24.9,43.1,50.8
2024-06-01 12:18:26.565,111,24.7,24.9,43.1,50.8
2024-06-01 12:48:26.526,111,24.8,24.9,43.1,50.8
2024-06-01 13:18:26.495,111,24.8,24.9,43.1,50.8
2024-06-01 13:48:26.279,111,24.8,24.9,43.1,50.8
2024-06-01 14:18:25.977,111,24.8,24.9,43.0,50.8
2024-06-01 14:48:26.447,111,,,,
2024-06-01 15:18:26.426,111,,,,
2024-06-01 15:48:26.322,111,24.8,24.9,43.1,50.8
2024-06-01 16:48:26.308,111,,,,
2024-06-01 17:18:26.266,111,,,,
2024-06-01 17:48:26.235,111,,,,
2024-06-01 18:18:26.206,111,,,,
2024-06-01 18:48:26.223,111,,,,
2024-06-01 19:18:26.135,111,,,,
2024-06-01 19:48:26.099,111,,,,
2024-06-01 20:18:26.114,111,,,,
2024-06-01 20:48:25.932,111,,,,
2024-06-01 21:18:26.012,111,,,,
2024-06-01 21:48:25.971,111,,,,
2024-06-01 22:18:25.948,111,,,,
2024-06-01 22:48:25.912,111,,,,
2024-06-01 23:18:25.756,111,,,,
2024-06-01 23:48:25.851,111,,,,
2024-06-02 00:48:25.662,111,,,,
2024-06-02 01:18:25.669,111,,,,
2024-06-02 01:48:25.721,111,,,,
2024-06-02 02:18:25.688,111,,,,
2024-06-02 03:18:25.625,111,,,,
2024-06-02 03:48:25.588,111,,,,
2024-06-02 04:48:25.528,111,,,,
2024-06-02 05:18:25.499,111,,,,
2024-06-02 05:48:25.470,111,,,,
2024-06-02 06:18:25.460,111,,,,
2024-06-02 06:48:25.402,111,,,,
2024-06-02 07:18:25.392,111,,,,
2024-06-02 07:48:25.122,111,,,,
2024-06-02 08:18:25.288,111,,,,
2024-06-02 08:48:25.276,111,,,,
2024-06-02 09:18:25.243,111,,,,
2024-06-02 09:48:25.216,111,,,,
2024-06-02 10:18:25.182,111,,,,
2024-06-02 10:48:25.143,111,,,,
2024-06-02 11:18:25.109,111,,,,
2024-06-02 11:48:25.072,111,,,,
2024-06-02 12:18:25.036,111,,,,
2024-06-02 12:48:24.983,111,,,,
2024-06-02 13:18:24.867,111,,,,
2024-06-02 13:48:24.921,111,,,,
2024-06-02 14:18:24.872,111,,,,
2024-06-02 14:48:24.370,111,27.0,24.6,42.8,50.7
2024-06-02 15:18:24.571,111,27.0,24.6,42.8,50.7
2024-06-02 15:48:24.729,111,27.1,24.6,42.8,50.7
2024-06-02 16:18:24.681,111,27.1,24.7,42.8,50.7
2024-06-02 16:48:24.658,111,27.2,24.7,42.8,50.7
2024-06-02 17:18:24.426,111,27.3,24.7,42.8,50.7
2024-06-02 17:48:24.560,111,27.3,24.8,42.8,50.7
2024-06-02 18:18:24.530,111,27.3,24.8,42.8,50.7
2024-06-02 18:48:24.490,111,27.2,24.8,42.8,50.7
2024-06-02 19:18:24.285,111,,,,
2024-06-02 19:48:23.985,111,27.1,24.9,42.8,50.7
2024-06-02 20:18:24.382,111,27.1,24.9,42.8,50.7
2024-06-02 20:48:24.350,111,27.0,24.9,42.8,50.7
2024-06-02 21:18:24.320,111,26.9,24.9,42.8,50.6
2024-06-02 21:48:24.276,111,26.8,24.9,42.8,50.6
2024-06-02 22:18:24.057,111,26.7,24.9,42.8,50.6
2024-06-02 22:48:24.272,111,,,,
2024-06-02 23:18:24.235,111,,,,
2024-06-02 23:48:24.198,111,,,,
2024-06-03 00:18:24.177,111,,,,
2024-06-03 00:48:24.143,111,,,,
2024-06-03 01:18:24.114,111,,,,
2024-06-03 01:48:24.085,111,,,,
2024-06-03 02:18:24.062,111,,,,
2024-06-03 02:48:24.035,111,,,,
2024-06-03 03:18:24.012,111,,,,
2024-06-03 03:48:23.976,111,,,,
2024-06-03 04:18:23.950,111,,,,
2024-06-03 04:48:23.915,111,,,,
2024-06-03 05:18:23.892,111,,,,
2024-06-03 05:48:23.867,111,,,,
2024-06-03 06:18:23.747,111,,,,
2024-06-03 06:48:23.812,111,,,,
2024-06-03 07:18:23.774,111,,,,
2024-06-03 07:48:23.742,111,,,,
2024-06-03 08:18:23.716,111,,,,
2024-06-03 08:48:23.666,111,,,,
2024-06-03 09:48:23.588,111,,,,
2024-06-03 10:18:23.551,111,,,,
2024-06-03 10:48:23.434,111,27.1,27.0,44.1,50.6
2024-06-03 11:18:23.427,111,27.2,27.1,44.1,50.6
2024-06-03 11:48:23.381,111,27.3,27.1,44.1,50.6
2024-06-03 12:18:23.379,111,27.5,27.1,44.1,50.6
2024-06-03 12:48:23.311,111,27.6,27.1,44.1,50.6
2024-06-03 13:18:23.277,111,27.7,27.2,44.0,50.6
2024-06-03 13:48:23.238,111,27.8,27.2,44.0,50.6
2024-06-03 14:18:23.215,111,27.9,27.3,44.0,50.6
2024-06-03 14:48:23.171,111,28.0,27.3,44.0,50.6
2024-06-03 15:18:23.150,111,28.1,27.4,44.0,50.6
2024-06-03 15:48:22.882,111,28.2,27.4,44.0,50.6
2024-06-03 16:18:23.200,111,,,,
2024-06-03 16:48:23.369,111,28.3,27.5,44.0,50.6
2024-06-03 17:18:23.163,111,,,,
2024-06-03 17:48:23.278,111,28.3,27.6,44.0,50.6
2024-06-03 18:18:23.240,111,28.3,27.7,44.0,50.6
2024-06-03 18:48:23.190,111,28.3,27.7,44.1,50.6
2024-06-03 19:18:22.864,111,28.3,27.7,44.1,50.6
2024-06-03 19:48:22.404,111,28.2,27.8,44.1,50.6
2024-06-03 20:18:22.811,111,28.1,27.8,44.1,50.6
2024-06-03 20:48:22.336,111,28.0,27.8,44.1,50.6
2024-06-03 21:18:22.389,111,,,,
2024-06-03 21:48:22.738,111,,,,
2024-06-03 22:18:22.276,111,,,,
2024-06-03 23:18:22.630,111,,,,
2024-06-03 23:48:22.574,111,,,,
2024-06-04 00:18:22.567,111,,,,
2024-06-04 01:18:22.318,111,,,,
2024-06-04 01:48:22.027,111,,,,
2024-06-04 02:18:22.417,111,,,,
2024-06-04 02:48:22.397,111,,,,
2024-06-04 03:18:22.366,111,,,,
2024-06-04 03:48:22.310,111,,,,
2024-06-04 04:18:22.280,111,,,,
2024-06-04 04:48:22.253,111,,,,
2024-06-04 05:18:22.231,111,,,,
2024-06-04 05:48:22.270,111,,,,
2024-06-04 06:18:22.157,111,,,,
2024-06-04 06:48:22.124,111,,,,
2024-06-04 07:18:22.086,111,,,,
2024-06-04 07:48:22.022,111,,,,
2024-06-04 08:18:22.015,111,,,,
2024-06-04 08:48:21.854,111,,,,
2024-06-04 09:18:21.855,111,26.1,27.3,44.2,50.7
2024-06-04 09:48:21.803,111,,,,
2024-06-04 10:18:21.807,111,26.3,27.3,44.2,50.7
2024-06-04 11:18:21.717,111,26.5,27.3,44.2,50.7
2024-06-04 11:48:21.717,111,26.7,27.3,44.2,50.7
2024-06-04 12:18:21.661,111,26.8,27.3,44.2,50.7
2024-06-04 12:48:21.441,111,27.0,27.4,44.2,50.8
2024-06-04 13:18:21.900,111,27.1,27.4,44.2,50.8
2024-06-04 13:48:21.686,111,27.3,27.4,44.2,50.8
2024-06-04 14:18:21.835,111,27.4,27.5,44.2,50.8
2024-06-04 14:48:21.792,111,27.4,27.5,44.1,50.8
2024-06-04 15:18:21.601,111,,,,
2024-06-04 16:18:21.680,111,27.5,27.6,44.2,50.8
2024-06-04 16:48:21.477,111,27.5,27.7,44.2,50.8
2024-06-04 17:18:21.468,111,,,,
2024-06-04 17:48:21.441,111,,,,
2024-06-04 18:18:21.350,111,27.5,27.7,44.2,50.8
2024-06-04 18:48:21.503,111,27.5,27.8,44.2,50.8
2024-06-04 19:18:21.428,111,27.4,27.8,44.2,50.8
2024-06-04 19:48:21.405,111,27.4,27.8,44.2,50.8
2024-06-04 20:18:21.405,111,27.3,27.8,44.2,50.8
2024-06-04 20:48:21.375,111,27.3,27.8,44.2,50.8
2024-06-04 21:18:21.313,111,27.2,27.8,44.2,50.8
2024-06-04 21:48:21.287,111,27.1,27.8,44.2,50.8
2024-06-04 22:18:20.944,111,27.0,27.8,44.2,50.8
2024-06-04 22:48:20.899,111,26.9,27.8,44.3,50.8
2024-06-04 23:18:20.877,111,26.8,27.8,44.3,50.9
2024-06-04 23:48:20.839,111,26.7,27.8,44.3,50.9
2024-06-05 00:18:20.795,111,26.6,27.8,44.3,50.9
2024-06-05 00:48:20.763,111,26.5,27.7,44.3,50.9
2024-06-05 01:18:20.717,111,26.5,27.7,44.3,50.9
2024-06-05 01:48:20.689,111,26.4,27.7,44.3,50.9
2024-06-05 02:18:20.093,111,,,,
2024-06-05 02:48:20.603,111,26.2,27.7,44.3,50.9
2024-06-05 03:18:20.574,111,26.2,27.7,44.3,50.9
2024-06-05 03:48:20.536,111,26.1,27.6,44.3,50.9
2024-06-05 04:18:20.491,111,26.0,27.6,44.3,50.9
2024-06-05 04:48:20.463,111,26.0,27.6,44.3,50.9
2024-06-05 05:18:20.249,111,25.9,27.6,44.3,50.9
2024-06-05 05:48:20.415,111,25.8,27.6,44.3,50.9
2024-06-05 06:18:20.386,111,25.8,27.5,44.3,50.9
2024-06-05 06:48:20.322,111,25.7,27.5,44.3,50.9
2024-06-05 07:18:20.295,111,25.7,27.5,44.3,50.9
2024-06-05 07:48:20.263,111,25.7,27.5,44.3,50.9
2024-06-05 08:18:20.222,111,25.6,27.4,44.3,50.9
2024-06-05 08:48:20.012,111,,,,
2024-06-05 09:18:20.142,111,25.7,27.4,44.3,50.9
2024-06-05 09:48:19.946,111,25.7,27.4,44.3,50.9
2024-06-05 10:18:20.077,111,25.7,27.4,44.3,50.9
2024-06-05 11:18:20.198,111,33.1,42.0,47.9,51.0
2024-06-05 11:48:19.963,111,32.7,41.1,48.0,51.1
2024-06-05 12:48:19.867,111,32.4,40.0,48.1,51.1
2024-06-05 13:48:19.795,111,32.0,38.6,48.1,51.2
2024-06-05 14:18:19.779,111,32.0,38.2,48.1,51.1
2024-06-05 14:48:19.739,111,33.4,38.0,48.1,51.1
2024-06-05 15:18:19.150,111,,,,
2024-06-05 15:48:19.666,111,33.1,38.2,48.2,51.1
2024-06-05 16:18:19.628,111,32.8,38.1,48.2,51.2
2024-06-05 16:48:19.593,111,32.7,37.9,48.2,51.2
2024-06-05 17:18:19.558,111,32.5,37.8,48.2,51.2
2024-06-05 17:48:19.532,111,32.3,37.5,48.2,51.2
2024-06-05 18:48:19.428,111,32.0,37.1,48.3,51.2
2024-06-05 19:18:19.241,111,31.8,36.7,48.3,51.2
2024-06-05 19:48:19.076,111,31.7,36.5,48.3,51.2
2024-06-05 20:18:19.399,111,31.5,36.3,48.3,51.2
2024-06-05 20:48:19.119,111,31.4,36.0,48.3,51.2
2024-06-05 21:18:19.273,111,31.2,35.5,48.3,51.2
2024-06-05 21:48:19.228,111,31.1,35.3,48.3,51.2
2024-06-05 22:18:19.193,111,31.0,34.8,48.3,51.2
2024-06-05 22:48:19.168,111,30.9,34.5,48.3,51.2
2024-06-05 23:18:19.154,111,30.7,34.0,48.3,51.2
2024-06-05 23:48:19.102,111,30.5,33.7,48.3,51.2
2024-06-06 00:18:19.131,111,,,,
2024-06-06 00:48:19.093,111,,,,
2024-06-06 01:18:19.080,111,,,,
2024-06-06 01:48:19.035,111,,,,
2024-06-06 02:18:19.021,111,,,,
2024-06-06 02:48:18.898,111,,,,
2024-06-06 03:18:18.880,111,29.9,32.0,48.4,51.2
2024-06-06 03:48:18.689,111,29.9,31.9,48.3,51.2
2024-06-06 04:18:18.841,111,29.8,31.8,48.3,51.2
2024-06-06 05:18:18.750,111,29.8,31.5,48.3,51.2
2024-06-06 05:48:18.738,111,29.8,31.3,48.2,51.2
2024-06-06 06:18:18.288,111,29.7,31.1,48.2,51.2
2024-06-06 07:18:18.620,111,29.6,30.8,48.1,51.2
2024-06-06 07:48:18.178,111,29.6,30.7,48.1,51.2
2024-06-06 08:18:18.390,111,29.6,30.6,48.0,51.2
2024-06-06 08:48:18.386,111,29.6,30.5,48.0,51.1
2024-06-06 09:18:18.496,111,29.6,30.5,47.8,51.1
2024-06-06 09:48:18.469,111,29.7,30.5,47.7,51.1
2024-06-06 10:18:18.435,111,29.7,30.5,47.6,51.1
2024-06-06 10:48:18.381,111,29.7,30.5,47.5,51.1
2024-06-06 11:18:18.368,111,29.7,30.5,47.4,51.1
2024-06-06 11:48:18.527,111,29.7,30.4,47.2,51.1
2024-06-06 12:18:18.282,111,29.7,30.4,47.0,51.1
2024-06-06 12:48:17.804,111,29.7,30.3,46.8,51.1
2024-06-06 13:18:17.788,111,29.6,30.2,46.7,51.1
2024-06-06 13:48:17.999,111,,,,
2024-06-06 14:18:17.818,111,29.5,29.9,46.5,51.1
2024-06-06 14:48:18.097,111,29.4,29.8,46.4,51.0
2024-06-06 15:18:17.875,111,29.4,29.8,46.4,51.0
2024-06-06 15:48:18.010,111,29.4,29.7,46.4,51.0
2024-06-06 16:18:17.976,111,29.4,29.7,46.4,51.0
2024-06-06 16:48:17.941,111,29.3,29.7,46.4,51.0
2024-06-06 17:18:17.905,111,29.3,29.7,46.3,51.0
2024-06-06 17:48:17.437,111,29.3,29.7,46.3,51.0
2024-06-06 18:48:17.777,111,29.2,29.6,46.2,51.0
2024-06-06 20:18:17.681,111,29.0,29.6,46.1,51.0
2024-06-06 20:48:17.623,111,28.8,29.6,46.1,51.0
2024-06-06 21:18:17.610,111,28.7,29.5,46.1,51.0
2024-06-06 21:48:17.568,111,28.6,29.5,46.0,51.0
2024-06-06 22:18:17.384,111,,,,
2024-06-06 22:48:17.322,111,28.3,29.3,45.9,51.0
2024-06-06 23:18:17.476,111,28.2,29.3,45.9,51.0
2024-06-06 23:48:17.624,111,,,,
2024-06-07 00:18:17.465,111,,,,
2024-06-07 00:48:17.437,111,,,,
2024-06-07 01:18:17.423,111,,,,
2024-06-07 01:48:17.258,111,,,,
2024-06-07 02:18:17.373,111,,,,
2024-06-07 02:48:16.897,111,,,,
2024-06-07 03:18:17.293,111,,,,
2024-06-07 03:48:17.262,111,,,,
2024-06-07 04:18:17.229,111,,,,
2024-06-07 04:48:17.193,111,,,,
2024-06-07 05:18:16.747,111,,,,
2024-06-07 05:48:17.156,111,,,,
2024-06-07 06:18:17.142,111,,,,
2024-06-07 07:18:16.966,111,,,,
2024-06-07 07:48:17.033,111,,,,
2024-06-07 08:48:16.888,111,26.4,28.2,44.9,51.0
2024-06-07 09:18:16.693,111,26.5,28.2,44.9,51.0
2024-06-07 09:48:16.623,111,26.5,28.2,44.9,50.9
2024-06-07 10:18:16.803,111,26.6,28.2,44.8,50.9
2024-06-07 10:48:16.761,111,26.7,28.1,44.8,50.9
2024-06-07 11:18:16.732,111,26.8,28.1,44.7,50.9
2024-06-07 11:48:16.521,111,,,,
2024-06-07 12:18:16.455,111,27.0,28.1,44.7,50.9
2024-06-07 12:48:16.598,111,27.1,28.2,44.6,50.9
2024-06-07 13:18:16.280,111,27.2,28.2,44.6,50.9
2024-06-07 13:48:16.532,111,27.3,28.2,44.5,50.9
2024-06-07 15:18:16.409,111,27.5,28.3,44.5,50.9
2024-06-07 15:48:16.390,111,27.6,28.4,44.5,50.9
2024-06-07 16:18:16.496,111,,,,
2024-06-07 16:48:16.022,111,27.7,28.5,44.5,50.8
2024-06-07 17:18:16.098,111,27.7,28.5,44.5,50.8
2024-06-07 17:48:16.378,111,27.7,28.5,44.5,50.8
2024-06-07 18:18:15.889,111,27.7,28.6,44.5,50.8
2024-06-07 18:48:16.172,111,27.7,28.6,44.5,50.8
2024-06-07 19:18:16.261,111,,,,
2024-06-07 19:48:16.087,111,27.5,28.7,44.4,50.9
2024-06-07 20:18:16.158,111,27.4,28.7,44.5,50.9
2024-06-07 20:48:16.364,111,27.3,28.7,44.5,50.9
2024-06-07 21:18:15.661,111,,,,
2024-06-07 21:48:15.746,111,,,,
2024-06-07 22:18:15.982,111,,,,
2024-06-07 22:48:15.815,111,,,,
2024-06-07 23:18:15.892,111,,,,
2024-06-07 23:48:15.698,111,,,,
2024-06-08 00:18:15.848,111,,,,
2024-06-08 00:48:15.838,111,,,,
2024-06-08 01:18:15.803,111,,,,
2024-06-08 01:48:15.773,111,,,,
2024-06-08 02:18:15.744,111,,,,
2024-06-08 02:48:15.635,111,,,,
2024-06-08 03:48:15.678,111,,,,
2024-06-08 04:18:15.647,111,,,,
2024-06-08 04:48:15.622,111,,,,
2024-06-08 05:18:15.589,111,,,,
2024-06-08 05:48:15.565,111,,,,
2024-06-08 06:18:15.123,111,,,,
2024-06-08 06:48:15.516,111,,,,
2024-06-08 07:18:15.581,111,,,,
2024-06-08 07:48:15.377,111,,,,
2024-06-08 08:18:15.441,111,,,,
2024-06-08 08:48:15.292,111,,,,
2024-06-08 09:48:15.356,111,,,,
2024-06-08 10:18:15.274,111,,,,
2024-06-08 11:18:15.036,111,,,,
2024-06-08 11:48:15.110,111,25.0,27.8,44.4,50.9
2024-06-08 12:18:15.096,111,25.0,27.8,44.4,50.9
2024-06-08 12:48:15.031,111,25.1,27.8,44.3,50.9
2024-06-08 13:18:15.067,111,,,,
2024-06-08 13:48:14.964,111,25.2,27.7,44.3,50.9
2024-06-08 14:18:14.484,111,25.4,27.8,44.3,50.9
2024-06-08 14:48:15.045,111,,,,
2024-06-08 15:18:14.854,111,25.6,27.8,44.3,50.9
2024-06-08 16:18:14.858,111,,,,
2024-06-08 16:48:14.314,111,25.9,27.9,44.3,50.9
2024-06-08 17:18:14.708,111,26.0,27.9,44.3,50.9
2024-06-08 17:48:14.977,111,26.0,28.0,44.3,50.9
2024-06-08 18:18:14.776,111,,,,
2024-06-08 19:18:14.544,111,25.8,28.1,44.3,50.9
2024-06-08 19:48:14.547,111,25.8,28.1,44.3,50.9
2024-06-08 20:18:14.386,111,25.7,28.1,44.3,50.9
2024-06-08 20:48:14.450,111,25.6,28.1,44.3,50.9
2024-06-08 21:18:14.468,111,25.5,28.1,44.3,50.9
2024-06-08 21:48:14.187,111,25.5,28.1,44.3,50.9
2024-06-08 22:18:14.397,111,,,,
2024-06-08 22:48:14.374,111,,,,
2024-06-08 23:18:14.349,111,,,,
2024-06-08 23:48:14.302,111,,,,
2024-06-09 00:18:14.244,111,,,,
2024-06-09 00:48:14.244,111,,,,
2024-06-09 01:18:14.217,111,,,,
2024-06-09 01:48:14.182,111,,,,
2024-06-09 02:18:14.156,111,,,,
2024-06-09 02:48:14.118,111,,,,
2024-06-09 03:18:14.102,111,,,,
2024-06-09 03:48:14.079,111,,,,
2024-06-09 04:18:14.053,111,,,,
2024-06-09 04:48:14.035,111,,,,
2024-06-09 05:18:14.020,111,,,,
2024-06-09 05:48:14.006,111,,,,
2024-06-09 06:18:13.982,111,,,,
2024-06-09 07:18:13.930,111,,,,
2024-06-09 07:48:13.789,111,,,,
2024-06-09 08:18:13.824,111,,,,
2024-06-09 08:48:13.819,111,,,,
2024-06-09 09:18:13.820,111,23.8,27.4,44.3,50.9
2024-06-09 09:48:13.686,111,23.9,27.4,44.2,50.9
2024-06-09 10:18:13.591,111,,,,
2024-06-09 10:48:13.607,111,24.1,27.4,44.2,50.9
2024-06-09 11:18:13.522,111,,,,
2024-06-09 11:48:13.842,111,24.3,27.4,44.2,50.9
2024-06-09 12:18:13.487,111,24.5,27.4,44.2,50.9
2024-06-09 12:48:13.467,111,24.6,27.4,44.2,50.9
2024-06-09 13:18:13.725,111,24.7,27.5,44.2,50.8
2024-06-09 13:48:13.374,111,24.8,27.5,44.2,50.9
2024-06-09 14:18:13.003,111,,,,
2024-06-09 14:48:13.424,111,25.0,27.6,44.2,50.8
2024-06-09 15:18:13.571,111,25.0,27.6,44.1,50.8
2024-06-09 15:48:13.474,111,,,,
2024-06-09 16:18:13.455,111,25.1,27.7,44.1,50.8
2024-06-09 16:48:13.451,111,25.1,27.8,44.1,50.8
2024-06-09 17:18:12.942,111,25.1,27.8,44.2,50.8
2024-06-09 18:18:13.323,111,25.1,27.9,44.2,50.8
2024-06-09 18:48:13.319,111,25.1,27.9,44.2,50.8
2024-06-09 19:18:13.187,111,25.1,27.9,44.2,50.8
2024-06-09 19:48:13.239,111,25.0,27.9,44.2,50.8
2024-06-09 20:18:12.486,111,25.0,28.0,44.2,50.8
2024-06-09 20:48:12.856,111,25.0,28.0,44.2,50.8
2024-06-09 21:18:12.817,111,24.8,28.0,44.2,50.8
2024-06-09 21:48:12.986,111,,,,
2024-06-09 22:18:12.873,111,,,,
2024-06-09 22:48:12.752,111,,,,
2024-06-09 23:18:12.746,111,,,,
2024-06-09 23:48:12.712,111,,,,
2024-06-10 00:18:12.688,111,,,,
2024-06-10 00:48:12.660,111,,,,
2024-06-10 01:18:12.622,111,,,,
2024-06-10 01:48:12.596,111,,,,
2024-06-10 02:18:12.562,111,,,,
2024-06-10 03:18:12.506,111,,,,
2024-06-10 03:48:12.491,111,,,,
2024-06-10 04:18:12.485,111,,,,
2024-06-10 04:48:12.452,111,,,,
2024-06-10 05:18:12.416,111,,,,
2024-06-10 05:48:12.401,111,,,,
2024-06-10 06:18:12.394,111,,,,
2024-06-10 06:48:12.371,111,,,,
2024-06-10 07:18:12.322,111,,,,
2024-06-10 07:48:12.305,111,,,,
2024-06-10 08:18:12.285,111,,,,
2024-06-10 08:48:12.252,111,,,,
2024-06-10 09:18:12.216,111,,,,
2024-06-10 09:48:12.197,111,,,,
2024-06-10 10:18:12.186,111,,,,
2024-06-10 10:48:12.131,111,,,,
2024-06-10 11:18:12.121,111,,,,
2024-06-10 11:48:12.093,111,,,,
2024-06-10 12:48:12.032,111,,,,
2024-06-10 13:18:14.990,111,,,,
2024-06-10 13:48:11.954,111,,,,
2024-06-10 14:18:11.893,111,,,,
2024-06-10 14:48:11.892,111,,,,
2024-06-10 15:18:11.426,111,,,,
2024-06-10 15:48:11.976,111,,,,
2024-06-10 16:18:11.789,111,,,,
2024-06-10 16:48:11.733,111,,,,
2024-06-10 17:18:11.701,111,,,,
2024-06-10 17:48:11.657,111,,,,
2024-06-10 18:18:11.547,111,,,,
2024-06-10 18:48:11.405,111,,,,
2024-06-10 19:18:11.555,111,,,,
2024-06-10 19:48:11.426,111,,,,
2024-06-10 20:18:11.508,111,,,,
2024-06-10 20:48:11.261,111,,,,
2024-06-10 21:18:11.423,111,,,,
2024-06-10 21:48:11.389,111,,,,
2024-06-10 22:18:11.379,111,,,,
2024-06-10 22:48:11.366,111,,,,
2024-06-10 23:18:11.366,111,,,,
2024-06-10 23:48:11.311,111,,,,
2024-06-11 00:18:11.299,111,,,,
2024-06-11 00:48:11.259,111,,,,
2024-06-11 01:18:11.268,111,,,,
2024-06-11 02:18:11.258,111,,,,
2024-06-11 02:48:11.259,111,,,,
2024-06-11 03:18:11.260,111,,,,
2024-06-11 03:48:11.231,111,,,,
2024-06-11 04:18:11.252,111,,,,
2024-06-11 04:48:11.213,111,,,,
2024-06-11 05:18:11.199,111,,,,
2024-06-11 05:48:11.201,111,,,,
2024-06-11 06:18:11.205,111,,,,
2024-06-11 06:48:11.212,111,,,,
2024-06-11 07:18:11.042,111,,,,
2024-06-11 07:48:11.122,111,,,,
2024-06-11 08:18:11.093,111,,,,
2024-06-11 08:48:10.789,111,21.3,26.4,44.0,50.8
2024-06-11 09:18:10.776,111,21.3,26.4,44.0,50.8
2024-06-11 09:48:10.772,111,,,,
2024-06-11 10:48:10.820,111,21.6,26.4,43.9,50.8
2024-06-11 11:18:10.804,111,21.8,26.4,43.9,50.8
2024-06-11 11:48:10.840,111,,,,
2024-06-11 12:18:10.801,111,,,,
2024-06-11 12:48:10.748,111,,,,
2024-06-11 13:18:10.716,111,,,,
2024-06-11 13:48:10.921,111,22.7,26.6,43.9,50.7
2024-06-11 14:18:10.644,111,,,,
2024-06-11 14:48:10.599,111,,,,
2024-06-11 15:18:10.563,111,,,,
2024-06-11 15:48:10.261,111,,,,
2024-06-11 16:18:10.510,111,,,,
2024-06-11 16:48:10.704,111,23.6,26.9,43.9,50.7
2024-06-11 17:48:10.618,111,23.7,27.1,43.9,50.7
2024-06-11 18:18:10.590,111,23.7,27.1,43.9,50.7
2024-06-11 18:48:10.556,111,23.8,27.2,43.9,50.7
2024-06-11 19:18:10.185,111,,,,
2024-06-11 19:48:10.058,111,,,,
2024-06-11 20:18:10.431,111,23.6,27.3,44.0,50.7
2024-06-11 20:48:10.171,111,,,,
2024-06-11 21:18:10.145,111,,,,
2024-06-11 21:48:10.094,111,,,,
2024-06-11 22:18:10.064,111,,,,
2024-06-11 22:48:10.022,111,,,,
2024-06-11 23:18:09.575,111,,,,
2024-06-11 23:48:09.846,111,,,,
2024-06-12 00:48:09.811,111,,,,
2024-06-12 01:18:09.784,111,,,,
2024-06-12 01:48:09.236,111,,,,
2024-06-12 02:18:09.822,111,,,,
2024-06-12 02:48:09.791,111,,,,
2024-06-12 03:18:09.763,111,,,,
2024-06-12 03:48:09.734,111,,,,
2024-06-12 04:18:09.704,111,,,,
2024-06-12 04:48:09.680,111,,,,
2024-06-12 05:18:09.467,111,,,,
2024-06-12 05:48:09.706,111,,,,
2024-06-12 06:18:09.171,111,,,,
2024-06-12 06:48:09.575,111,,,,
2024-06-12 07:18:09.534,111,,,,
2024-06-12 07:48:09.416,111,21.4,26.7,44.1,50.8
2024-06-12 08:18:09.617,111,21.4,26.7,44.1,50.8
2024-06-12 09:18:09.309,111,21.4,26.6,44.1,50.8
2024-06-12 09:48:09.516,111,21.4,26.6,44.1,50.8
2024-06-12 10:18:09.259,111,21.4,26.5,44.1,50.8
2024-06-12 10:48:09.208,111,21.5,26.5,44.1,50.8
2024-06-12 11:18:09.127,111,,,,
2024-06-12 11:48:09.111,111,,,,
2024-06-12 12:18:09.216,111,,,,
2024-06-12 12:48:09.383,111,22.0,26.6,44.1,50.8
2024-06-12 13:18:09.332,111,22.2,26.6,44.1,50.8
2024-06-12 13:48:08.565,111,22.3,26.6,44.0,50.8
2024-06-12 14:18:09.263,111,22.5,26.7,44.0,50.8
2024-06-12 14:48:09.235,111,22.6,26.7,44.0,50.8
2024-06-12 15:18:09.183,111,22.8,26.7,44.0,50.8
2024-06-12 15:48:08.852,111,22.9,26.8,44.0,50.8
2024-06-12 16:18:08.964,111,,,,
2024-06-12 16:48:08.477,111,23.1,26.9,44.0,50.8
2024-06-12 17:18:08.745,111,23.1,26.9,44.0,50.8
2024-06-12 17:48:08.720,111,23.1,27.0,44.0,50.8
2024-06-12 18:18:08.986,111,23.2,27.0,44.1,50.8
2024-06-12 18:48:08.946,111,23.2,27.1,44.1,50.8
2024-06-12 19:18:08.760,111,,,,
2024-06-12 19:48:08.873,111,23.0,27.1,44.1,50.8
2024-06-12 20:18:08.604,111,,,,
2024-06-12 20:48:08.787,111,22.9,27.2,44.1,50.8
2024-06-12 21:18:08.517,111,,,,
2024-06-12 21:48:08.381,111,,,,
2024-06-12 22:18:08.025,111,,,,
2024-06-12 22:48:08.405,111,,,,
2024-06-12 23:18:08.386,111,,,,
2024-06-12 23:48:08.370,111,,,,
2024-06-13 00:18:08.180,111,,,,
2024-06-13 00:48:08.261,111,,,,
2024-06-13 01:18:08.131,111,,,,
2024-06-13 01:48:08.185,111,,,,
2024-06-13 02:18:08.161,111,,,,
2024-06-13 02:48:08.000,111,,,,
2024-06-13 03:18:08.072,111,,,,
2024-06-13 03:48:08.049,111,,,,
2024-06-13 04:18:08.000,111,,,,
2024-06-13 04:48:07.976,111,,,,
2024-06-13 05:18:07.927,111,,,,
2024-06-13 05:48:07.898,111,,,,
2024-06-13 06:48:07.840,111,,,,
2024-06-13 07:18:07.797,111,,,,
2024-06-13 07:48:07.683,111,21.2,26.6,44.3,51.0
2024-06-13 08:18:07.811,111,,,,
2024-06-13 08:48:07.922,111,21.2,26.6,44.3,51.0
2024-06-13 09:18:07.579,111,21.2,26.5,44.3,51.0
2024-06-13 09:48:07.856,111,21.2,26.5,44.3,51.0
2024-06-13 10:48:07.779,111,21.4,26.5,44.3,51.0
2024-06-13 11:18:07.739,111,21.5,26.5,44.3,51.0
2024-06-13 11:48:07.387,111,21.6,26.5,44.2,51.0
2024-06-13 12:48:07.603,111,21.8,26.5,44.2,51.0
2024-06-13 13:18:07.301,111,21.9,26.5,44.2,51.0
2024-06-13 13:48:07.251,111,22.1,26.6,44.2,51.0
2024-06-13 14:18:07.047,111,22.2,26.6,44.2,51.0
2024-06-13 14:48:07.383,111,22.3,26.6,44.2,51.0
2024-06-13 15:18:06.983,111,22.4,26.6,44.2,51.0
2024-06-13 16:48:07.411,111,22.5,26.7,44.2,51.0
2024-06-13 17:18:07.327,111,22.5,26.7,44.2,51.0
2024-06-13 17:48:06.997,111,22.5,26.8,44.2,51.0
2024-06-13 18:18:06.967,111,22.5,26.8,44.2,51.0
2024-06-13 18:48:07.110,111,22.5,26.8,44.2,51.0
2024-06-13 19:18:06.892,111,22.5,26.8,44.2,51.1
2024-06-13 19:48:06.860,111,22.4,26.8,44.2,51.1
2024-06-13 20:18:06.832,111,22.3,26.9,44.2,51.1
2024-06-13 20:48:07.094,111,22.2,26.9,44.3,51.1
2024-06-13 21:18:06.802,111,,,,
2024-06-13 21:48:06.783,111,,,,
2024-06-13 22:18:06.747,111,,,,
2024-06-13 22:48:06.703,111,,,,
2024-06-13 23:18:06.668,111,,,,
2024-06-13 23:48:06.042,111,,,,
2024-06-14 00:18:06.515,111,,,,
2024-06-14 00:48:06.566,111,,,,
2024-06-14 01:18:06.532,111,,,,
2024-06-14 01:48:06.496,111,,,,
2024-06-14 02:18:06.467,111,,,,
2024-06-14 02:48:06.421,111,,,,
2024-06-14 03:18:06.393,111,,,,
2024-06-14 03:48:06.373,111,,,,
2024-06-14 04:18:06.317,111,,,,
2024-06-14 04:48:06.287,111,,,,
2024-06-14 05:18:05.820,111,,,,
2024-06-14 05:48:06.226,111,,,,
2024-06-14 06:18:06.095,111,,,,
2024-06-14 06:48:06.155,111,,,,
2024-06-14 07:18:06.124,111,,,,
2024-06-14 07:48:06.175,111,,,,
2024-06-14 08:18:06.284,111,32.4,38.4,49.0,51.7
2024-06-14 08:48:05.997,111,,,,
2024-06-14 09:18:05.966,111,,,,
2024-06-14 09:48:05.855,111,32.2,37.7,49.1,51.8
2024-06-14 10:18:06.126,111,32.2,37.5,49.1,51.8
2024-06-14 10:48:05.745,111,,,,
2024-06-14 11:18:05.751,111,31.9,37.0,49.1,51.9
2024-06-14 11:48:06.030,111,31.8,36.7,49.1,51.9
2024-06-14 12:18:05.938,111,,,,
2024-06-14 13:18:05.925,111,31.3,35.5,49.2,51.9
2024-06-14 13:48:05.579,111,31.1,35.2,49.2,51.9
2024-06-14 14:18:05.791,111,30.9,34.7,49.2,51.9
2024-06-14 14:48:05.478,111,30.8,34.6,49.2,51.9
2024-06-14 15:18:05.763,111,30.6,34.3,49.2,51.9
2024-06-14 15:48:05.719,111,30.5,34.0,49.2,51.9
2024-06-14 16:18:05.528,111,,,,
2024-06-14 16:48:05.657,111,30.3,33.4,49.2,51.9
2024-06-14 17:18:05.624,111,30.1,33.2,49.2,51.9
2024-06-14 17:48:05.378,111,,,,
2024-06-14 18:18:05.302,111,,,,
2024-06-14 18:48:04.852,111,,,,
2024-06-14 19:48:05.408,111,29.6,32.8,49.2,51.9
2024-06-14 20:18:05.173,111,,,,
2024-06-14 20:48:05.128,111,,,,
2024-06-14 21:18:04.899,111,,,,
2024-06-14 21:48:05.055,111,,,,
2024-06-14 22:18:05.008,111,,,,
2024-06-14 22:48:04.987,111,,,,
2024-06-14 23:18:04.964,111,,,,
2024-06-14 23:48:04.923,111,,,,
2024-06-15 00:18:04.805,111,,,,
2024-06-15 00:48:04.862,111,,,,
2024-06-15 01:18:04.818,111,,,,
2024-06-15 01:48:04.787,111,,,,
2024-06-15 02:18:04.768,111,,,,
2024-06-15 02:48:04.737,111,,,,
2024-06-15 03:18:04.699,111,,,,
2024-06-15 03:48:04.661,111,,,,
2024-06-15 04:18:04.638,111,,,,
2024-06-15 04:48:04.640,111,,,,
2024-06-15 05:18:04.576,111,,,,
2024-06-15 05:48:04.558,111,,,,
2024-06-15 06:18:04.531,111,,,,
2024-06-15 06:48:04.502,111,,,,
2024-06-15 07:48:04.406,111,,,,
2024-06-15 08:48:04.281,111,27.2,30.0,47.4,51.9
2024-06-15 09:18:04.563,111,27.3,29.9,47.3,51.9
2024-06-15 09:48:04.372,111,,,,
2024-06-15 10:18:04.187,111,27.3,29.7,47.0,51.9
2024-06-15 10:48:04.207,111,,,,
2024-06-15 11:18:03.994,111,,,,
2024-06-15 11:48:04.118,111,,,,
2024-06-15 12:18:04.362,111,27.6,29.5,46.8,51.8
2024-06-15 12:48:04.295,111,27.6,29.5,46.7,51.8
2024-06-15 13:18:04.153,111,27.7,29.5,46.6,51.8
2024-06-15 13:48:03.927,111,27.8,29.5,46.5,51.8
2024-06-15 14:18:04.200,111,27.8,29.5,46.5,51.8
2024-06-15 14:48:03.920,111,,,,
2024-06-15 15:18:03.865,111,,,,
2024-06-15 16:18:03.298,111,28.0,29.4,46.1,51.7
2024-06-15 16:48:03.947,111,,,,
2024-06-15 17:18:03.960,111,27.9,29.4,45.9,51.7
2024-06-15 17:48:03.633,111,27.9,29.4,45.8,51.7
2024-06-15 18:18:03.913,111,27.8,29.4,45.8,51.7
2024-06-15 18:48:03.869,111,27.8,29.4,45.8,51.7
2024-06-15 19:18:03.851,111,27.8,29.4,45.7,51.7
2024-06-15 19:48:03.495,111,27.7,29.4,45.6,51.7
2024-06-15 20:18:03.749,111,27.6,29.4,45.6,51.7
2024-06-15 20:48:03.734,111,27.5,29.4,45.6,51.7
2024-06-15 21:18:03.266,111,27.4,29.4,45.5,51.7
2024-06-15 21:48:03.671,111,27.2,29.4,45.5,51.7
2024-06-15 22:18:03.621,111,27.1,29.4,45.5,51.7
2024-06-15 22:48:03.590,111,27.0,29.3,45.5,51.7
2024-06-15 23:18:03.198,111,,,,
2024-06-15 23:48:03.166,111,,,,
2024-06-16 00:18:03.224,111,,,,
2024-06-16 01:18:03.156,111,,,,
2024-06-16 01:48:03.112,111,,,,
2024-06-16 02:48:02.959,111,,,,
2024-06-16 03:18:03.037,111,,,,
2024-06-16 03:48:03.005,111,,,,
2024-06-16 04:18:02.828,111,,,,
2024-06-16 04:48:02.908,111,,,,
2024-06-16 05:18:02.885,111,,,,
2024-06-16 05:48:02.846,111,,,,
2024-06-16 06:18:02.816,111,,,,
2024-06-16 06:48:02.774,111,,,,
2024-06-16 07:18:02.619,111,,,,
2024-06-16 07:48:02.924,111,25.3,28.6,45.2,51.7
2024-06-16 08:18:02.669,111,,,,
2024-06-16 08:48:02.630,111,,,,
2024-06-16 09:18:02.606,111,,,,
2024-06-16 09:48:02.315,111,25.3,28.4,45.0,51.7
2024-06-16 10:18:02.752,111,25.3,28.4,45.0,51.7
2024-06-16 10:48:02.720,111,25.4,28.4,45.0,51.6
2024-06-16 11:18:02.386,111,25.5,28.3,44.9,51.6
2024-06-16 11:48:02.167,111,25.6,28.3,44.9,51.6
2024-06-16 12:18:02.141,111,25.7,28.3,44.9,51.6
2024-06-16 12:48:02.553,111,25.9,28.3,44.9,51.6
2024-06-16 13:18:02.540,111,26.0,28.3,44.8,51.6
2024-06-16 13:48:02.015,111,26.1,28.3,44.8,51.6
2024-06-16 14:18:02.557,111,26.2,28.3,44.8,51.6
2024-06-16 15:18:02.399,111,26.3,28.4,44.7,51.6
2024-06-16 15:48:02.382,111,26.4,28.4,44.7,51.5
2024-06-16 16:18:02.367,111,26.4,28.4,44.7,51.5
2024-06-16 16:48:02.290,111,26.4,28.4,44.7,51.5
2024-06-16 17:18:02.293,111,26.4,28.5,44.7,51.5
2024-06-16 17:48:02.256,111,26.4,28.5,44.7,51.5
2024-06-16 18:18:01.761,111,,,,
2024-06-16 18:48:01.901,111,26.3,28.5,44.7,51.5
2024-06-16 19:18:01.679,111,,,,
2024-06-16 19:48:01.822,111,26.2,28.5,44.7,51.5
2024-06-16 20:18:02.096,111,26.2,28.6,44.7,51.5
2024-06-16 20:48:02.021,111,26.1,28.6,44.7,51.5
2024-06-16 21:18:02.008,111,26.0,28.6,44.7,51.5
2024-06-16 21:48:01.822,111,,,,
2024-06-16 22:18:01.765,111,25.8,28.6,44.8,51.6
2024-06-16 22:48:01.903,111,25.7,28.6,44.8,51.6
2024-06-16 23:18:01.863,111,25.6,28.6,44.8,51.6
2024-06-17 00:18:01.774,111,25.4,28.5,44.9,51.6
2024-06-17 00:48:01.448,111,25.3,28.5,44.9,51.6
2024-06-17 01:18:01.709,111,25.2,28.5,44.9,51.6
2024-06-17 01:48:01.298,111,,,,
2024-06-17 02:18:01.391,111,,,,
2024-06-17 02:48:01.372,111,,,,
2024-06-17 03:48:01.257,111,,,,
2024-06-17 04:18:01.220,111,,,,
2024-06-17 04:48:01.189,111,,,,
2024-06-17 05:18:01.085,111,,,,
2024-06-17 05:48:01.044,111,24.6,28.3,45.0,51.7
2024-06-17 06:18:01.178,111,,,,
2024-06-17 06:48:00.822,111,24.5,28.2,45.0,51.7
2024-06-17 07:18:00.959,111,24.5,28.2,45.0,51.7
2024-06-17 07:48:01.237,111,24.4,28.1,45.0,51.7
2024-06-17 08:18:00.873,111,24.4,28.1,45.0,51.7
2024-06-17 08:48:00.995,111,,,,
2024-06-17 09:18:01.116,111,24.4,28.0,44.9,51.7
2024-06-17 09:48:01.082,111,24.5,28.0,44.9,51.7
2024-06-17 10:18:00.614,111,24.6,28.0,44.9,51.7
2024-06-17 10:48:00.731,111,24.6,27.9,44.9,51.7
2024-06-17 11:18:00.697,111,24.7,27.9,44.9,51.7
2024-06-17 11:48:00.765,111,24.8,27.9,44.8,51.7
2024-06-17 12:48:00.418,111,,,,
2024-06-17 13:18:00.392,111,25.0,27.8,44.8,51.7
2024-06-17 13:48:00.529,111,25.1,27.8,44.8,51.7
2024-06-17 14:18:00.789,111,25.1,27.8,44.8,51.7
2024-06-17 14:48:00.475,111,25.2,27.8,44.7,51.7
2024-06-17 15:18:00.453,111,25.2,27.8,44.7,51.7
2024-06-17 15:48:00.729,111,25.2,27.8,44.7,51.6
2024-06-17 16:18:00.379,111,25.2,27.8,44.7,51.6
2024-06-17 16:48:00.556,111,25.1,27.9,44.7,51.6
2024-06-17 17:18:00.312,111,25.1,27.9,44.7,51.6
2024-06-17 17:48:00.296,111,25.0,27.9,44.7,51.6
2024-06-17 18:18:00.459,111,25.0,27.8,44.7,51.6
2024-06-17 18:47:59.780,111,25.0,27.8,44.7,51.6
2024-06-17 19:18:00.303,111,25.0,27.8,44.8,51.7
2024-06-17 19:48:00.455,111,24.9,27.9,44.8,51.7
2024-06-17 20:18:00.412,111,24.8,27.9,44.8,51.7
2024-06-17 20:48:00.387,111,24.7,27.9,44.8,51.7
2024-06-17 21:18:00.174,111,24.6,27.9,44.8,51.7
2024-06-17 22:17:59.825,111,24.4,27.8,44.9,51.7
2024-06-17 22:48:00.227,111,24.3,27.8,44.9,51.7
2024-06-17 23:17:59.768,111,24.2,27.8,44.9,51.8
2024-06-17 23:48:00.155,111,24.1,27.8,44.9,51.8
2024-06-18 00:17:59.798,111,24.1,27.8,44.9,51.8
2024-06-18 01:18:00.020,111,23.9,27.7,44.9,51.8
2024-06-18 01:47:59.698,111,23.8,27.7,45.0,51.8
2024-06-18 02:17:59.666,111,23.7,27.7,45.0,51.8
2024-06-18 02:47:59.766,111,,,,
2024-06-18 03:17:59.589,111,23.6,27.6,45.0,51.9
2024-06-18 03:47:59.543,111,23.5,27.6,45.0,51.9
2024-06-18 04:17:59.516,111,23.4,27.6,45.0,51.9
2024-06-18 04:47:59.477,111,23.3,27.5,45.0,51.9
2024-06-18 05:47:59.674,111,23.2,27.5,45.0,51.9
2024-06-18 06:47:59.301,111,23.1,27.4,45.0,51.9
2024-06-18 07:17:59.285,111,23.0,27.4,45.0,51.9
2024-06-18 07:47:59.246,111,23.0,27.3,45.0,51.9
2024-06-18 08:17:59.211,111,22.9,27.3,45.0,51.9
2024-06-18 08:47:59.189,111,22.9,27.3,45.0,51.9
2024-06-18 09:17:59.443,111,22.8,27.2,45.0,51.9
2024-06-18 09:47:59.238,111,22.8,27.2,45.0,51.9
2024-06-18 10:17:59.050,111,22.8,27.2,45.0,51.9
2024-06-18 10:47:59.365,111,22.7,27.1,45.0,51.9
2024-06-18 11:17:58.999,111,22.7,27.1,45.0,51.9
2024-06-18 11:47:59.249,111,22.7,27.1,44.9,51.9
2024-06-18 12:17:59.063,111,,,,
2024-06-18 12:47:59.192,111,22.7,27.0,44.9,51.9
2024-06-18 13:17:58.633,111,22.7,26.9,44.9,51.9
2024-06-18 14:47:58.720,111,22.9,26.8,44.8,51.8
2024-06-18 15:17:58.539,111,23.0,26.8,44.8,51.8
2024-06-18 15:47:58.668,111,23.0,26.8,44.8,51.8
2024-06-18 16:17:58.393,111,,,,
2024-06-18 16:47:58.485,111,23.1,26.8,44.8,51.8
2024-06-18 17:17:58.873,111,23.0,26.8,44.8,51.7
2024-06-18 17:47:58.533,111,23.0,26.8,44.8,51.7
2024-06-18 18:17:58.638,111,,,,
2024-06-18 18:47:58.345,111,23.0,26.8,44.8,51.6
2024-06-18 19:17:58.547,111,,,,
2024-06-18 19:47:58.696,111,22.9,26.8,44.8,51.5
2024-06-18 20:17:58.663,111,22.8,26.8,44.8,51.5
2024-06-18 20:47:58.295,111,,,,
2024-06-18 21:17:58.362,111,,,,
2024-06-18 21:47:58.299,111,,,,
2024-06-18 22:17:58.163,111,,,,
2024-06-18 22:47:58.220,111,,,,
2024-06-18 23:17:58.178,111,,,,
2024-06-18 23:47:58.142,111,,,,
2024-06-19 00:47:58.077,111,,,,
2024-06-19 01:17:58.061,111,,,,
2024-06-19 01:47:57.995,111,,,,
2024-06-19 02:47:57.911,111,,,,
2024-06-19 03:17:57.766,111,,,,
2024-06-19 03:47:57.843,111,,,,
2024-06-19 04:47:57.289,111,,,,
2024-06-19 05:17:57.724,111,,,,
2024-06-19 05:47:57.662,111,,,,
2024-06-19 06:17:57.656,111,,,,
2024-06-19 06:47:57.614,111,,,,
2024-06-19 07:17:57.555,111,,,,
2024-06-19 07:47:57.537,111,,,,
2024-06-19 08:17:57.426,111,21.5,26.2,44.9,51.6
2024-06-19 08:47:57.696,111,21.5,26.2,44.9,51.6
2024-06-19 09:17:57.660,111,21.5,26.1,44.9,51.6
2024-06-19 10:47:57.235,111,21.5,26.0,44.8,51.5
2024-06-19 11:17:57.216,111,21.5,26.0,44.8,51.5
2024-06-19 11:47:57.478,111,21.6,26.0,44.8,51.5
2024-06-19 12:17:57.138,111,21.7,25.9,44.8,51.5
2024-06-19 12:47:57.438,111,21.8,25.9,44.7,51.5
2024-06-19 13:17:56.979,111,21.9,25.9,44.7,51.5
2024-06-19 13:47:57.064,111,22.0,25.9,44.7,51.5
2024-06-19 14:17:57.039,111,22.0,25.9,44.7,51.4
2024-06-19 14:47:57.133,111,,,,
2024-06-19 15:17:57.282,111,22.0,25.9,44.6,51.4
2024-06-19 15:47:57.104,111,,,,
2024-06-19 16:17:57.220,111,22.1,25.9,44.6,51.3
2024-06-19 16:47:57.016,111,22.1,25.8,44.6,51.2
2024-06-19 17:17:56.732,111,22.1,25.9,44.5,51.1
2024-06-19 17:47:56.962,111,,,,
2024-06-19 18:17:56.879,111,22.1,25.9,44.5,51.1
2024-06-19 18:47:57.067,111,22.0,25.9,44.5,51.1
2024-06-19 19:17:56.888,111,,,,
2024-06-19 19:47:56.998,111,21.9,25.9,44.5,51.1
2024-06-19 20:17:56.670,111,21.9,25.9,44.5,51.1
2024-06-19 21:47:56.374,111,21.7,25.9,44.6,51.1
2024-06-19 22:47:56.754,111,21.5,25.8,44.6,51.2
2024-06-19 23:47:56.653,111,21.4,25.8,44.6,51.2
2024-06-20 00:17:56.469,111,21.3,25.8,44.7,51.2
2024-06-20 00:47:56.381,111,,,,
2024-06-20 01:17:56.286,111,21.2,25.7,44.7,51.2
2024-06-20 01:47:56.129,111,,,,
2024-06-20 02:17:56.286,111,,,,
2024-06-20 02:47:56.245,111,,,,
2024-06-20 03:17:55.908,111,,,,
2024-06-20 03:47:55.667,111,,,,
2024-06-20 04:17:56.140,111,,,,
2024-06-20 04:47:55.670,111,,,,
2024-06-20 05:17:56.044,111,,,,
2024-06-20 05:47:56.006,111,,,,
2024-06-20 06:17:55.987,111,,,,
2024-06-20 06:47:55.949,111,,,,
2024-06-20 07:17:56.113,111,20.5,25.3,44.7,51.3
2024-06-20 07:47:56.105,111,20.5,25.3,44.7,51.3
2024-06-20 08:17:56.069,111,20.5,25.3,44.7,51.3
2024-06-20 08:47:55.729,111,20.4,25.2,44.7,51.3
2024-06-20 09:17:55.695,111,20.4,25.2,44.7,51.3
2024-06-20 09:47:55.663,111,20.4,25.1,44.7,51.3
2024-06-20 11:17:54.924,111,,,,
2024-06-20 11:47:55.380,111,20.6,25.0,44.5,51.2
2024-06-20 12:17:55.786,111,20.6,25.0,44.5,51.2
2024-06-20 12:47:55.484,111,20.7,25.0,44.5,51.2
2024-06-20 13:17:55.424,111,20.8,25.0,44.5,51.2
2024-06-20 13:47:55.413,111,20.8,25.0,44.4,51.2
2024-06-20 14:17:55.172,111,20.8,24.9,44.4,51.2
2024-06-20 14:47:55.446,111,20.8,24.9,44.4,51.1
2024-06-20 15:17:55.630,111,20.8,24.9,44.3,51.1
2024-06-20 15:47:55.587,111,20.8,24.9,44.3,51.1
2024-06-20 16:17:55.556,111,20.8,24.9,44.3,51.1
2024-06-20 16:47:55.016,111,20.8,24.8,44.3,51.1
2024-06-20 17:17:55.219,111,20.8,24.8,44.2,51.0
2024-06-20 17:47:55.474,111,20.8,24.8,44.2,51.0
2024-06-20 18:17:55.473,111,20.8,24.8,44.2,51.0
2024-06-20 18:47:55.283,111,20.8,24.8,44.2,51.0
2024-06-20 19:17:55.083,111,20.7,24.8,44.2,51.0
2024-06-20 19:47:55.369,111,20.7,24.7,44.2,51.0
2024-06-20 20:47:54.963,111,20.6,24.7,44.2,51.0
2024-06-20 21:17:54.943,111,,,,
2024-06-20 21:47:54.967,111,,,,
2024-06-20 22:17:54.843,111,,,,
2024-06-20 22:47:54.783,111,,,,
2024-06-20 23:17:54.860,111,,,,
2024-06-21 00:17:54.787,111,,,,
2024-06-21 00:47:54.753,111,,,,
2024-06-21 01:17:54.532,111,,,,
2024-06-21 01:47:54.482,111,,,,
2024-06-21 02:47:54.611,111,,,,
2024-06-21 03:47:54.513,111,,,,
2024-06-21 04:17:54.490,111,,,,
2024-06-21 04:47:54.447,111,,,,
2024-06-21 05:17:54.298,111,,,,
2024-06-21 05:47:54.388,111,,,,
2024-06-21 06:17:54.365,111,,,,
2024-06-21 06:47:54.101,111,,,,
2024-06-21 07:17:54.058,111,19.0,24.0,44.5,51.2
2024-06-21 07:47:54.488,111,19.0,24.0,44.5,51.2
2024-06-21 08:17:54.439,111,18.9,24.0,44.4,51.2
2024-06-21 08:47:53.956,111,,,,
2024-06-21 09:17:54.068,111,18.9,23.9,44.4,51.2
2024-06-21 09:47:54.357,111,18.8,23.8,44.4,51.2
2024-06-21 10:17:54.013,111,18.9,23.8,44.3,51.2
2024-06-21 10:47:54.297,111,18.9,23.7,44.3,51.2
2024-06-21 11:17:54.261,111,18.9,23.7,44.3,51.2
2024-06-21 11:47:53.921,111,18.9,23.6,44.2,51.1
2024-06-21 12:17:54.037,111,,,,
2024-06-21 12:47:54.179,111,19.0,23.6,44.1,51.1
2024-06-21 13:17:54.131,111,19.0,23.6,44.1,51.1
2024-06-21 13:47:54.115,111,19.1,23.5,44.0,51.1
2024-06-21 14:17:53.533,111,,,,
2024-06-21 14:47:54.060,111,19.1,23.5,43.9,51.0
2024-06-21 15:17:53.812,111,19.1,23.5,43.9,51.0
2024-06-21 15:47:53.997,111,19.1,23.5,43.9,51.0
2024-06-21 16:17:53.742,111,19.1,23.5,43.8,51.0
2024-06-21 16:47:53.631,111,19.0,23.4,43.8,50.9
2024-06-21 17:17:53.892,111,19.0,23.4,43.8,50.9
2024-06-21 17:47:53.842,111,18.9,23.4,43.7,50.9
2024-06-21 18:17:53.839,111,18.9,23.4,43.7,50.9
2024-06-21 18:47:53.635,111,,,,
2024-06-21 19:17:53.469,111,18.7,23.4,43.7,50.9
2024-06-21 19:47:53.567,111,,,,
2024-06-21 20:17:53.410,111,18.6,23.3,43.7,50.9
2024-06-21 20:47:53.213,111,,,,
2024-06-21 21:17:53.289,111,,,,
2024-06-21 21:47:53.219,111,,,,
2024-06-21 22:17:53.306,111,,,,
2024-06-21 22:47:53.274,111,,,,
2024-06-21 23:17:53.009,111,,,,
2024-06-21 23:47:53.200,111,,,,
2024-06-22 00:17:53.162,111,,,,
2024-06-22 00:47:53.129,111,,,,
2024-06-22 01:17:53.075,111,,,,
2024-06-22 01:47:52.926,111,,,,
2024-06-22 02:17:52.998,111,,,,
2024-06-22 02:47:52.792,111,,,,
2024-06-22 03:17:52.778,111,,,,
2024-06-22 04:17:52.444,111,,,,
2024-06-22 05:17:52.568,111,,,,
2024-06-22 05:47:52.761,111,,,,
2024-06-22 06:17:52.418,111,,,,
2024-06-22 06:47:52.655,111,,,,
2024-06-22 07:17:52.887,111,17.2,22.7,43.9,51.2
2024-06-22 07:47:52.386,111,17.2,22.6,43.9,51.2
2024-06-22 08:17:52.817,111,17.1,22.6,43.9,51.2
2024-06-22 08:47:52.752,111,17.1,22.6,43.9,51.2
2024-06-22 09:17:52.747,111,17.1,22.5,43.8,51.2
2024-06-22 09:47:52.681,111,17.1,22.5,43.8,51.2
2024-06-22 10:17:52.649,111,17.0,22.4,43.8,51.2
2024-06-22 10:47:52.638,111,17.0,22.4,43.7,51.1
2024-06-22 11:17:52.593,111,17.0,22.3,43.6,51.1
2024-06-22 11:47:52.282,111,17.0,22.3,43.6,51.1
2024-06-22 12:17:52.535,111,17.0,22.2,43.5,51.0
2024-06-22 12:47:52.315,111,17.0,22.2,43.4,51.0
2024-06-22 13:17:52.474,111,17.0,22.2,43.4,51.0
2024-06-22 13:47:52.196,111,,,,
2024-06-22 14:17:52.229,111,,,,
2024-06-22 14:47:51.644,111,17.1,22.0,43.2,50.9
2024-06-22 15:17:52.366,111,17.1,22.0,43.1,50.9
2024-06-22 15:47:52.332,111,17.1,22.0,43.0,50.9
2024-06-22 16:17:52.052,111,,,,
2024-06-22 17:17:52.197,111,16.9,21.9,42.9,50.8
2024-06-22 17:47:51.880,111,16.9,21.9,42.8,50.8
2024-06-22 18:17:52.114,111,16.9,21.8,42.8,50.8
2024-06-22 18:47:52.105,111,16.8,21.8,42.8,50.8
2024-06-22 19:17:52.070,111,16.8,21.8,42.8,50.8
2024-06-22 19:47:51.610,111,16.7,21.8,42.8,50.8
2024-06-22 20:17:51.437,111,,,,
2024-06-22 21:17:51.911,111,16.6,21.7,42.8,50.8
2024-06-22 21:47:51.715,111,16.6,21.7,42.9,50.8
2024-06-22 22:17:51.537,111,16.6,21.7,42.9,50.8
2024-06-22 22:47:51.572,111,,,,
2024-06-22 23:17:51.772,111,16.5,21.6,42.9,50.9
2024-06-22 23:47:51.431,111,16.4,21.6,42.9,50.9
2024-06-23 00:17:51.683,111,16.4,21.6,42.9,50.9
2024-06-23 00:47:51.665,111,16.4,21.6,43.0,50.9
2024-06-23 01:17:51.630,111,16.3,21.5,43.0,50.9
2024-06-23 01:47:51.587,111,16.3,21.5,43.0,50.9
2024-06-23 02:17:51.056,111,16.2,21.5,43.0,50.9
2024-06-23 02:47:50.949,111,,,,
2024-06-23 03:17:51.147,111,16.2,21.4,43.0,51.0
2024-06-23 03:47:51.445,111,16.3,21.4,42.9,50.8
2024-06-23 04:17:50.934,111,18.0,21.4,42.9,50.8
2024-06-23 04:47:51.392,111,17.8,21.4,42.9,50.8
2024-06-23 05:17:51.085,111,,,,
2024-06-23 05:47:50.963,111,17.9,21.3,42.9,50.9
2024-06-23 06:17:50.826,111,17.8,21.3,43.0,50.9
2024-06-23 06:47:51.034,111,17.7,21.2,43.0,50.9
2024-06-23 07:47:51.108,111,17.6,21.2,43.0,50.9
2024-06-23 08:17:50.805,111,17.6,21.2,43.0,50.9
2024-06-23 08:47:51.063,111,17.6,21.1,43.0,50.9
2024-06-23 09:17:51.036,111,17.6,21.1,43.0,50.9
2024-06-23 09:47:51.003,111,17.6,21.1,43.0,51.0
2024-06-23 10:17:50.654,111,17.6,21.1,43.0,51.0
2024-06-23 10:47:50.910,111,17.6,21.1,43.0,51.0
2024-06-23 11:17:50.701,111,17.6,21.0,42.9,51.0
2024-06-23 11:47:50.835,111,17.5,21.0,42.9,51.0
2024-06-23 12:17:50.594,111,17.5,21.0,42.8,50.9
2024-06-23 12:47:50.470,111,17.5,20.9,42.8,50.9
2024-06-23 13:17:50.738,111,17.4,20.9,42.8,50.9
2024-06-23 13:47:49.954,111,17.4,20.9,42.7,50.9
2024-06-23 14:17:50.630,111,17.4,20.9,42.6,50.8
2024-06-23 14:47:50.620,111,17.4,20.8,42.6,50.8
2024-06-23 15:17:50.579,111,17.4,20.8,42.5,50.8
2024-06-23 15:47:50.545,111,17.3,20.8,42.5,50.7
2024-06-23 16:17:50.204,111,17.2,20.8,42.4,50.7
2024-06-23 16:47:50.293,111,,,,
2024-06-23 17:17:50.433,111,17.1,20.8,42.3,50.6
2024-06-23 17:47:50.384,111,17.1,20.7,42.3,50.6
2024-06-23 18:17:50.205,111,,,,
2024-06-23 18:47:50.358,111,16.9,20.7,42.2,50.6
2024-06-23 19:17:50.127,111,,,,
2024-06-23 19:47:50.252,111,16.8,20.6,42.2,50.5
2024-06-23 20:17:50.219,111,16.8,20.6,42.2,50.6
2024-06-23 20:47:50.183,111,16.7,20.6,42.2,50.6
2024-06-23 21:47:49.859,111,,,,
2024-06-23 22:17:49.391,111,,,,
2024-06-23 22:47:49.779,111,,,,
2024-06-23 23:17:49.759,111,,,,
2024-06-23 23:47:49.719,111,,,,
2024-06-24 00:17:49.687,111,,,,
2024-06-24 00:47:49.665,111,,,,
2024-06-24 01:17:49.627,111,,,,
2024-06-24 01:47:49.604,111,,,,
2024-06-24 02:17:49.462,111,,,,
2024-06-24 02:47:49.532,111,,,,
2024-06-24 03:17:49.500,111,,,,
2024-06-24 03:47:49.470,111,,,,
2024-06-24 04:17:49.397,111,,,,
2024-06-24 04:47:49.376,111,,,,
2024-06-24 05:17:49.391,111,,,,
2024-06-24 05:47:49.383,111,,,,
2024-06-24 06:17:49.369,111,,,,
2024-06-24 07:17:49.309,111,16.1,20.1,42.3,50.7
2024-06-24 07:47:49.477,111,16.1,20.0,42.3,50.7
2024-06-24 08:17:49.435,111,16.1,20.0,42.3,50.7
2024-06-24 08:47:49.090,111,16.1,20.0,42.2,50.7
2024-06-24 09:17:49.324,111,16.2,20.0,42.2,50.7
2024-06-24 09:47:49.376,111,16.2,20.0,42.1,50.6
2024-06-24 10:17:48.860,111,16.3,20.0,42.1,50.6
2024-06-24 10:47:48.522,111,16.3,19.9,42.0,50.5
2024-06-24 11:17:49.188,111,16.3,19.9,42.0,50.5
2024-06-24 11:47:48.879,111,16.3,19.9,41.9,50.4
2024-06-24 12:47:49.114,111,16.4,19.8,41.7,50.3
2024-06-24 13:17:48.853,111,,,,
2024-06-24 13:47:48.808,111,,,,
2024-06-24 14:17:48.779,111,,,,
2024-06-24 14:47:48.576,111,16.7,19.9,41.5,50.1
2024-06-24 15:17:48.868,111,16.8,19.9,41.5,50.0
2024-06-24 15:47:48.758,111,,,,
2024-06-24 16:17:48.595,111,16.8,19.9,41.3,50.0
2024-06-24 16:47:48.861,111,16.8,19.9,41.3,50.0
2024-06-24 17:17:48.499,111,,,,
2024-06-24 17:47:48.753,111,16.7,19.9,41.2,49.9
2024-06-24 18:17:48.466,111,16.7,19.9,41.1,49.9
2024-06-24 18:47:47.769,111,,,,
2024-06-24 19:17:48.206,111,,,,
2024-06-24 19:47:48.643,111,16.6,19.9,41.1,49.9
2024-06-24 20:17:48.438,111,16.6,20.0,41.1,49.9
2024-06-24 20:47:48.383,111,,,,
2024-06-24 21:17:48.311,111,,,,
2024-06-24 21:47:48.260,111,,,,
2024-06-24 22:17:48.231,111,,,,
2024-06-24 22:47:48.179,111,,,,
2024-06-24 23:17:47.720,111,,,,
2024-06-24 23:47:48.102,111,,,,
2024-06-25 00:47:48.024,111,,,,
2024-06-25 01:17:48.001,111,,,,
2024-06-25 01:47:47.956,111,,,,
2024-06-25 02:17:47.831,111,,,,
2024-06-25 02:47:47.677,111,,,,
2024-06-25 03:17:47.254,111,,,,
2024-06-25 04:17:47.482,111,,,,
2024-06-25 04:47:47.732,111,,,,
2024-06-25 05:17:47.926,111,16.0,19.6,41.4,50.2
2024-06-25 05:47:47.610,111,16.0,19.6,41.4,50.2
2024-06-25 06:17:47.592,111,16.0,19.5,41.4,50.2
2024-06-25 06:47:47.845,111,15.9,19.5,41.4,50.2
2024-06-25 07:17:47.813,111,15.9,19.5,41.4,50.2
2024-06-25 07:47:47.376,111,15.9,19.5,41.4,50.2
2024-06-25 08:17:47.536,111,15.8,19.4,41.4,50.2
2024-06-25 08:47:47.689,111,15.8,19.4,41.4,50.1
2024-06-25 09:17:47.384,111,15.7,19.4,41.3,50.1
2024-06-25 09:47:47.610,111,15.7,19.3,41.2,50.1
2024-06-25 10:17:47.286,111,15.7,19.3,41.2,50.0
2024-06-25 10:47:47.546,111,15.7,19.3,41.2,50.0
2024-06-25 11:47:47.282,111,,,,
2024-06-25 12:17:46.997,111,15.6,19.2,41.2,50.0
2024-06-25 12:47:46.891,111,15.5,19.2,41.2,50.0
2024-06-25 13:17:47.317,111,15.5,19.2,41.2,50.0
2024-06-25 13:47:47.077,111,,,,
2024-06-25 14:17:46.918,111,,,,
2024-06-25 14:47:47.235,111,15.5,19.1,41.1,50.0
2024-06-25 15:17:46.984,111,15.5,19.1,41.1,50.0
2024-06-25 15:47:46.685,111,15.4,19.1,41.1,50.0
2024-06-25 16:17:47.121,111,15.4,19.0,41.1,50.0
2024-06-25 17:17:46.728,111,15.4,19.0,41.1,50.0
2024-06-25 17:47:46.846,111,,,,
2024-06-25 18:17:46.376,111,15.4,19.0,41.0,50.0
2024-06-25 18:47:46.762,111,,,,
2024-06-25 19:17:46.894,111,15.4,19.0,41.0,50.0
2024-06-25 19:47:46.709,111,,,,
2024-06-25 20:17:46.824,111,15.4,18.9,41.0,50.0
2024-06-25 20:47:46.496,111,15.4,18.9,41.0,50.0
2024-06-25 21:17:46.507,111,,,,
2024-06-25 21:47:45.996,111,,,,
2024-06-25 22:17:46.266,111,,,,
2024-06-25 22:47:46.297,111,,,,
2024-06-25 23:17:46.510,111,,,,
2024-06-25 23:47:46.559,111,15.2,18.9,41.0,50.0
2024-06-26 00:17:46.198,111,,,,
2024-06-26 00:47:46.254,111,,,,
2024-06-26 01:17:46.249,111,,,,
2024-06-26 01:47:46.178,111,,,,
2024-06-26 02:17:46.140,111,,,,
2024-06-26 02:47:46.116,111,,,,
2024-06-26 03:17:46.083,111,,,,
2024-06-26 03:47:46.040,111,,,,
2024-06-26 05:17:45.941,111,,,,
2024-06-26 05:47:45.922,111,,,,
2024-06-26 06:17:45.842,111,,,,
2024-06-26 06:47:45.821,111,,,,
2024-06-26 07:17:45.625,111,,,,
2024-06-26 07:47:45.751,111,,,,
2024-06-26 08:17:45.727,111,,,,
2024-06-26 08:47:45.673,111,,,,
2024-06-26 09:17:45.542,111,,,,
2024-06-26 09:47:45.839,111,15.1,18.6,40.9,49.9
2024-06-26 10:17:45.831,111,15.1,18.5,40.8,49.9
2024-06-26 10:47:45.507,111,15.1,18.5,40.9,49.9
2024-06-26 11:17:45.749,111,15.2,18.5,40.8,49.9
2024-06-26 11:47:45.708,111,15.2,18.5,40.8,49.9
2024-06-26 12:17:45.578,111,17.2,18.5,40.8,49.9
2024-06-26 12:47:44.774,111,,,,
2024-06-26 13:47:45.526,111,16.6,18.5,40.8,49.9
2024-06-26 14:17:44.781,111,16.4,18.5,40.8,49.9
2024-06-26 14:47:45.480,111,16.4,18.5,40.8,49.9
2024-06-26 15:17:45.421,111,16.2,18.5,40.8,49.8
2024-06-26 15:47:45.110,111,16.1,18.5,40.7,49.8
2024-06-26 16:17:45.379,111,16.1,18.5,40.7,49.8
2024-06-26 16:47:45.140,111,16.0,18.5,40.7,49.7
2024-06-26 17:47:45.226,111,15.8,18.4,40.5,49.6
2024-06-26 18:17:45.213,111,15.8,18.4,40.5,49.6
2024-06-26 18:47:45.175,111,15.7,18.4,40.4,49.5
2024-06-26 19:17:45.159,111,15.7,18.4,40.4,49.5
2024-06-26 19:47:44.792,111,15.7,18.4,40.4,49.5
2024-06-26 20:17:44.768,111,15.7,18.4,40.4,49.5
2024-06-26 20:47:44.746,111,15.6,18.4,40.4,49.5
2024-06-26 21:47:44.602,111,,,,
2024-06-26 22:17:44.673,111,,,,
2024-06-26 22:47:44.647,111,,,,
2024-06-26 23:17:44.621,111,,,,
2024-06-26 23:47:44.594,111,,,,
2024-06-27 00:17:44.549,111,,,,
2024-06-27 00:47:43.908,111,,,,
2024-06-27 01:17:44.473,111,,,,
2024-06-27 01:47:43.926,111,,,,
2024-06-27 02:17:44.404,111,,,,
2024-06-27 02:47:44.388,111,,,,
2024-06-27 03:17:44.377,111,,,,
2024-06-27 03:47:44.318,111,,,,
2024-06-27 04:17:44.005,111,,,,
2024-06-27 04:47:44.144,111,,,,
2024-06-27 05:17:43.813,111,,,,
2024-06-27 06:17:44.061,111,,,,
2024-06-27 06:47:44.157,111,,,,
2024-06-27 08:17:44.261,111,15.0,18.1,40.5,49.7
2024-06-27 08:47:44.246,111,15.0,18.1,40.4,49.7
2024-06-27 09:47:44.155,111,15.0,18.1,40.3,49.6
2024-06-27 10:17:43.834,111,15.0,18.1,40.3,49.5
2024-06-27 10:47:44.093,111,15.0,18.1,40.2,49.4
2024-06-27 11:17:43.875,111,15.0,18.0,40.1,49.4
2024-06-27 11:47:44.010,111,15.0,18.0,40.0,49.3
2024-06-27 12:17:43.679,111,15.1,18.0,40.0,49.2
2024-06-27 12:47:43.778,111,,,,
2024-06-27 13:47:43.539,111,15.3,18.0,39.7,49.0
2024-06-27 14:17:43.832,111,15.4,18.1,39.6,49.0
2024-06-27 14:47:43.577,111,15.5,18.1,39.5,48.9
2024-06-27 15:17:43.756,111,15.6,18.1,39.4,48.9
2024-06-27 15:47:43.680,111,15.6,18.1,39.3,48.8
2024-06-27 16:17:43.496,111,15.6,18.2,39.2,48.8
2024-06-27 16:47:43.623,111,15.6,18.2,39.1,48.7
2024-06-27 17:17:43.599,111,15.7,18.2,39.1,48.7
2024-06-27 17:47:43.567,111,15.6,18.3,39.0,48.6
2024-06-27 18:17:43.526,111,15.6,18.3,38.9,48.6
2024-06-27 19:17:43.266,111,,,,
2024-06-27 19:47:43.102,111,15.5,18.3,38.9,48.6
2024-06-27 20:17:43.136,111,,,,
2024-06-27 20:47:43.103,111,,,,
2024-06-27 21:17:42.968,111,,,,
2024-06-27 21:47:43.009,111,,,,
2024-06-27 22:17:43.010,111,,,,
2024-06-27 22:47:42.973,111,,,,
2024-06-27 23:17:42.833,111,,,,
2024-06-27 23:47:42.893,111,,,,
2024-06-28 00:17:42.885,111,,,,
2024-06-28 00:47:42.845,111,,,,
2024-06-28 01:17:42.825,111,,,,
2024-06-28 01:47:42.770,111,,,,
2024-06-28 02:17:42.765,111,,,,
2024-06-28 02:47:42.738,111,,,,
2024-06-28 03:47:42.669,111,,,,
2024-06-28 04:17:42.657,111,,,,
2024-06-28 04:47:42.608,111,,,,
2024-06-28 05:17:42.566,111,,,,
2024-06-28 05:47:42.465,111,,,,
2024-06-28 06:17:42.520,111,,,,
2024-06-28 06:47:42.479,111,,,,
2024-06-28 07:17:42.456,111,,,,
2024-06-28 07:47:42.632,111,14.8,18.0,39.1,49.0
2024-06-28 08:17:42.199,111,,,,
2024-06-28 08:47:42.433,111,,,,
2024-06-28 09:17:42.301,111,,,,
2024-06-28 09:47:42.496,111,14.7,18.0,39.0,48.9
2024-06-28 10:17:42.468,111,14.7,17.9,38.9,48.9
2024-06-28 10:47:42.446,111,14.7,17.9,38.9,48.9
2024-06-28 11:17:42.395,111,14.7,17.9,38.8,48.8
2024-06-28 11:47:41.885,111,,,,
2024-06-28 12:17:42.017,111,14.6,17.9,38.7,48.7
2024-06-28 12:47:41.791,111,14.7,17.9,38.7,48.7
2024-06-28 13:17:41.944,111,14.7,17.9,38.6,48.6
2024-06-28 13:47:41.782,111,14.7,17.9,38.5,48.6
2024-06-28 14:17:41.864,111,14.7,17.9,38.4,48.5
2024-06-28 14:47:41.816,111,14.7,17.9,38.4,48.5
2024-06-28 15:17:41.791,111,14.7,17.9,38.3,48.5
2024-06-28 15:47:41.757,111,14.7,17.9,38.2,48.4
2024-06-28 16:17:41.747,111,14.7,17.9,38.1,48.4
2024-06-28 16:47:41.411,111,,,,
2024-06-28 17:17:41.644,111,14.7,17.9,38.0,48.3
2024-06-28 17:47:41.500,111,14.7,17.9,38.0,48.3
2024-06-28 18:17:41.593,111,14.7,17.9,37.9,48.3
2024-06-28 18:47:41.849,111,14.7,17.9,37.9,48.3
2024-06-28 19:17:41.626,111,14.7,17.9,37.9,48.3
2024-06-28 19:47:41.585,111,14.6,17.9,37.9,48.3
2024-06-28 20:17:41.743,111,14.6,17.9,38.0,48.3
2024-06-28 21:17:41.324,111,14.6,17.9,38.0,48.4
2024-06-28 21:47:41.599,111,14.5,17.9,38.0,48.4
2024-06-28 22:17:41.079,111,14.6,17.9,38.0,48.4
2024-06-28 22:47:41.529,111,14.4,17.9,38.0,48.4
2024-06-28 23:17:41.472,111,14.4,17.9,38.0,48.5
2024-06-28 23:47:41.455,111,14.4,17.9,38.0,48.5
2024-06-29 00:17:41.428,111,14.4,17.8,38.0,48.5
2024-06-29 00:47:41.387,111,14.4,17.8,38.0,48.5
2024-06-29 01:17:41.382,111,14.3,17.8,38.0,48.5
2024-06-29 01:47:41.313,111,14.3,17.8,38.1,48.5
2024-06-29 02:17:41.269,111,14.3,17.8,38.1,48.5
2024-06-29 02:47:41.247,111,14.3,17.8,38.1,48.5
2024-06-29 03:17:41.163,111,14.3,17.8,38.1,48.5
2024-06-29 03:47:40.985,111,,,,
2024-06-29 04:17:41.130,111,14.2,17.8,38.1,48.6
2024-06-29 04:47:41.088,111,14.3,17.8,38.1,48.6
2024-06-29 05:17:40.619,111,14.4,17.8,38.0,48.4
2024-06-29 05:47:40.852,111,,,,
2024-06-29 06:17:40.376,111,14.8,17.8,38.0,48.4
2024-06-29 06:47:40.907,111,23.6,26.3,46.9,48.9
2024-06-29 07:17:40.910,111,23.1,25.2,46.4,49.0
2024-06-29 07:47:40.884,111,22.3,24.3,45.5,49.1
2024-06-29 08:17:40.816,111,29.7,37.1,47.3,49.4
2024-06-29 08:47:40.788,111,26.8,32.8,47.2,49.6
2024-06-29 09:17:40.584,111,,,,
2024-06-29 09:47:40.414,111,25.5,29.1,47.2,49.7
2024-06-29 10:17:40.499,111,25.2,28.6,47.1,49.8
2024-06-29 10:47:40.626,111,25.0,28.3,46.9,49.8
2024-06-29 11:17:40.168,111,24.8,27.9,46.4,49.9
2024-06-29 11:47:40.256,111,24.7,27.5,46.1,50.0
2024-06-29 12:17:40.383,111,,,,
2024-06-29 12:47:40.003,111,24.3,26.9,45.8,50.0
2024-06-29 13:17:40.450,111,24.1,26.7,45.6,50.0
2024-06-29 13:47:40.226,111,,,,
2024-06-29 14:17:40.240,111,,,,
2024-06-29 14:47:40.183,111,,,,
2024-06-29 15:17:40.287,111,23.3,26.0,44.4,50.0
2024-06-29 15:47:39.744,111,23.2,25.9,44.3,50.0
2024-06-29 16:17:39.711,111,22.9,25.7,44.1,49.9
2024-06-29 16:47:40.036,111,,,,
2024-06-29 17:17:40.163,111,22.6,25.5,43.8,49.9
2024-06-29 17:47:40.137,111,22.4,25.3,43.7,49.8
2024-06-29 18:17:40.061,111,22.2,25.2,43.5,49.8
2024-06-29 18:47:40.052,111,22.1,25.1,43.4,49.8
2024-06-29 19:17:40.030,111,22.0,25.1,43.4,49.8
2024-06-29 19:47:39.757,111,22.0,25.0,43.3,49.8
2024-06-29 20:17:39.654,111,21.9,25.0,43.3,49.8
2024-06-29 20:47:39.812,111,21.9,25.0,43.3,49.9
2024-06-29 21:47:39.794,111,21.7,24.9,43.3,49.9
2024-06-29 22:17:39.500,111,21.6,24.9,43.2,49.9
2024-06-29 22:47:39.091,111,,,,
2024-06-29 23:17:38.970,111,,,,
2024-06-29 23:47:39.682,111,21.3,24.7,43.2,50.0
2024-06-30 00:47:39.380,111,,,,
2024-06-30 01:17:39.584,111,21.1,24.6,43.2,50.0
2024-06-30 01:47:39.306,111,,,,
2024-06-30 02:17:39.145,111,,,,
2024-06-30 02:47:39.251,111,,,,
2024-06-30 03:17:39.096,111,,,,
2024-06-30 03:47:39.073,111,,,,
2024-06-30 04:17:39.137,111,,,,
2024-06-30 04:47:39.096,111,,,,
2024-06-30 05:17:39.064,111,,,,
2024-06-30 05:47:39.023,111,,,,
2024-06-30 06:17:39.006,111,,,,
2024-06-30 06:47:38.965,111,,,,
2024-06-30 07:17:38.939,111,,,,
2024-06-30 07:47:38.978,111,,,,
2024-06-30 08:17:39.117,111,20.3,23.9,43.1,50.0
2024-06-30 08:47:38.839,111,,,,
2024-06-30 09:17:38.803,111,,,,
2024-06-30 09:47:38.584,111,,,,
2024-06-30 10:17:38.979,111,19.9,23.6,42.9,50.0
2024-06-30 10:47:38.956,111,19.8,23.6,42.9,50.0
2024-06-30 11:17:38.603,111,19.7,23.5,42.8,49.9
2024-06-30 11:47:38.854,111,19.6,23.4,42.7,49.9
2024-06-30 12:17:38.813,111,19.5,23.3,42.6,49.8
2024-06-30 12:47:38.769,111,19.4,23.2,42.4,49.8
2024-06-30 13:17:38.562,111,19.2,23.1,42.3,49.7
2024-06-30 13:47:38.703,111,19.1,23.0,42.2,49.7
2024-06-30 14:17:38.668,111,19.0,22.9,42.1,49.6
2024-06-30 15:17:38.266,111,18.8,22.7,42.0,49.5
2024-06-30 15:47:38.551,111,18.7,22.7,41.9,49.5
2024-06-30 16:17:38.446,111,,,,
2024-06-30 16:47:38.478,111,18.4,22.5,41.7,49.4
2024-06-30 17:17:38.258,111,,,,
2024-06-30 17:47:38.143,111,,,,
2024-06-30 18:17:38.130,111,,,,
2024-06-30 18:47:37.998,111,,,,
2024-06-30 19:17:37.867,111,17.9,22.2,41.6,49.4
2024-06-30 19:47:38.220,111,,,,
2024-06-30 20:17:37.978,111,,,,
2024-06-30 20:47:37.947,111,,,,
2024-06-30 21:17:37.495,111,,,,
2024-06-30 21:47:37.880,111,,,,
2024-06-30 22:17:37.890,111,,,,
2024-06-30 23:17:37.829,111,,,,
2024-06-30 23:47:37.819,111,,,,
2024-07-01 00:17:37.793,111,,,,
2024-07-01 00:47:37.783,111,,,,
2024-07-01 01:17:37.781,111,,,,
2024-07-01 01:47:37.748,111,,,,
2024-07-01 02:17:37.743,111,,,,
2024-07-01 02:47:37.714,111,,,,
2024-07-01 03:17:37.710,111,,,,
2024-07-01 03:47:37.680,111,,,,
2024-07-01 04:17:37.675,111,,,,
2024-07-01 04:47:37.664,111,,,,
2024-07-01 05:17:37.649,111,,,,
2024-07-01 05:47:37.641,111,,,,
2024-07-01 06:17:37.626,111,,,,
2024-07-01 06:47:37.616,111,,,,
2024-07-01 07:17:37.629,111,,,,
2024-07-01 07:47:37.137,111,,,,
2024-07-01 08:17:37.407,111,,,,
2024-07-01 08:47:37.507,111,,,,
2024-07-01 09:17:37.459,111,,,,
2024-07-01 09:47:37.408,111,,,,
2024-07-01 10:17:36.958,111,,,,
2024-07-01 10:47:37.425,111,,,,
2024-07-01 11:17:37.199,111,,,,
2024-07-01 11:47:37.369,111,,,,
2024-07-01 12:17:37.300,111,,,,
2024-07-01 12:47:37.442,111,16.6,20.9,41.1,49.2
2024-07-01 13:17:37.417,111,16.6,20.9,41.0,49.1
2024-07-01 13:47:37.359,111,18.5,24.6,36.6,37.7
2024-07-01 14:17:37.310,111,18.9,24.7,37.1,38.4
2024-07-01 14:47:37.283,111,19.2,25.0,37.3,38.8
2024-07-01 15:17:36.986,111,19.4,25.0,37.5,39.1
2024-07-01 15:47:37.047,111,,,,
2024-07-01 16:17:37.177,111,19.6,25.0,37.7,39.6
2024-07-01 16:47:37.118,111,19.7,25.1,37.8,39.8
2024-07-01 17:17:37.089,111,19.8,25.1,37.8,40.0
2024-07-01 17:47:36.888,111,19.8,25.2,37.9,40.1
2024-07-01 18:17:37.028,111,19.8,25.2,38.0,40.2
2024-07-01 18:47:36.982,111,19.8,25.3,38.0,40.4
2024-07-01 19:17:36.945,111,19.8,25.3,38.1,40.5
2024-07-01 19:47:36.892,111,19.8,25.3,38.1,40.6
2024-07-01 20:17:36.868,111,19.8,25.4,38.2,40.6
2024-07-01 20:47:36.859,111,19.8,25.4,38.3,40.7
2024-07-01 21:17:36.358,111,19.8,25.4,38.3,40.8
2024-07-01 21:47:36.774,111,19.8,25.5,38.4,40.9
2024-07-01 22:17:36.181,111,,,,
2024-07-01 22:47:36.412,111,19.8,25.5,38.4,41.0
2024-07-01 23:17:36.387,111,19.8,25.5,38.5,41.1
2024-07-02 00:17:36.615,111,19.8,25.5,38.6,41.2
2024-07-02 01:17:36.556,111,19.7,25.5,38.7,41.3
2024-07-02 01:47:36.250,111,19.7,25.5,38.7,41.4
2024-07-02 02:17:36.228,111,19.7,25.5,38.7,41.4
2024-07-02 02:47:36.500,111,19.6,25.5,38.8,41.4
2024-07-02 03:17:36.161,111,19.7,25.5,38.8,41.5
2024-07-02 03:47:35.693,111,19.6,25.5,38.8,41.5
2024-07-02 04:17:36.406,111,19.5,25.5,38.9,41.6
2024-07-02 04:47:36.195,111,19.5,25.5,38.9,41.6
2024-07-02 05:17:36.370,111,19.5,25.5,38.9,41.6
2024-07-02 05:47:36.334,111,19.5,25.5,38.9,41.6
2024-07-02 06:17:36.298,111,19.4,25.4,38.9,41.6
2024-07-02 06:47:35.567,111,19.4,25.4,38.9,41.6
2024-07-02 07:17:36.235,111,19.4,25.4,39.0,41.7
2024-07-02 07:47:36.223,111,19.3,25.4,39.0,41.7
2024-07-02 08:17:36.179,111,19.3,25.4,39.0,41.7
2024-07-02 08:47:36.154,111,19.2,25.4,39.0,41.7
2024-07-02 09:17:36.120,111,19.2,25.3,38.9,41.7
2024-07-02 09:47:36.075,111,19.1,25.3,38.9,41.7
2024-07-02 10:17:36.004,111,19.0,25.3,38.9,41.7
2024-07-02 10:47:35.998,111,18.9,25.3,38.9,41.8
2024-07-02 11:47:35.909,111,18.8,25.3,38.8,41.8
2024-07-02 12:17:35.883,111,18.8,25.3,38.8,41.8
2024-07-02 12:47:35.840,111,18.7,25.3,38.8,41.8
2024-07-02 13:17:35.806,111,18.7,25.3,38.7,41.8
2024-07-02 13:47:35.759,111,18.7,25.3,38.7,41.8
2024-07-02 14:17:35.739,111,18.6,25.3,38.7,41.8
2024-07-02 14:47:35.700,111,18.6,25.3,38.6,41.8
2024-07-02 15:17:35.654,111,18.6,25.3,38.6,41.7
2024-07-02 15:47:35.446,111,,,,
2024-07-02 16:47:35.540,111,18.5,25.4,38.5,41.7
2024-07-02 17:17:35.536,111,18.5,25.4,38.4,41.7
2024-07-02 17:47:35.509,111,18.5,25.4,38.4,41.7
2024-07-02 18:17:35.287,111,18.5,25.4,38.4,41.7
2024-07-02 18:47:35.437,111,18.5,25.4,38.4,41.7
2024-07-02 21:17:35.227,111,18.3,25.5,38.4,41.7
2024-07-02 23:47:35.050,111,18.1,25.5,38.4,41.7
2024-07-03 00:47:34.967,111,18.0,25.4,38.5,41.8
2024-07-03 01:17:34.965,111,18.0,25.4,38.5,41.8
2024-07-03 01:47:34.770,111,,,,
2024-07-03 02:17:34.731,111,,,,
2024-07-03 02:47:34.848,111,17.8,25.4,38.5,41.8
2024-07-03 03:17:34.784,111,17.8,25.4,38.5,41.8
2024-07-03 04:17:34.709,111,17.7,25.3,38.5,41.8
2024-07-03 04:47:34.687,111,17.7,25.3,38.5,41.8
2024-07-03 06:47:34.481,111,17.5,25.2,38.5,41.8
2024-07-03 07:17:34.511,111,17.5,25.2,38.5,41.8
2024-07-03 07:47:34.469,111,17.5,25.2,38.5,41.8
2024-07-03 08:17:34.286,111,,,,
2024-07-03 08:47:34.426,111,17.4,25.1,38.5,41.8
2024-07-03 09:17:34.389,111,17.3,25.1,38.5,41.8
2024-07-03 09:47:34.186,111,,,,
2024-07-03 10:17:34.273,111,17.2,25.1,38.4,41.8
2024-07-03 10:47:34.066,111,17.2,25.1,38.4,41.8
2024-07-03 11:17:34.237,111,17.2,25.1,38.3,41.8
2024-07-03 11:47:34.198,111,17.1,25.1,38.3,41.8
2024-07-03 12:17:34.121,111,17.1,25.1,38.2,41.8
2024-07-03 12:47:34.106,111,17.0,25.0,38.2,41.8
2024-07-03 13:17:34.061,111,17.0,25.0,38.1,41.8
2024-07-03 13:47:33.841,111,17.0,25.0,38.1,41.7
2024-07-03 14:17:34.004,111,17.0,25.0,38.0,41.7
2024-07-03 14:47:33.975,111,17.0,25.0,38.0,41.7
2024-07-03 15:17:33.929,111,16.9,25.0,37.9,41.7
2024-07-03 15:47:33.894,111,16.9,25.0,37.8,41.7
2024-07-03 16:17:33.830,111,16.9,25.0,37.8,41.7
2024-07-03 17:47:33.715,111,16.8,25.0,37.6,41.7
2024-07-03 18:17:33.718,111,16.8,25.0,37.5,41.7
2024-07-03 20:17:33.390,111,16.7,25.0,37.5,41.6
2024-07-03 20:47:33.306,111,16.8,25.0,37.5,41.6
2024-07-03 21:47:33.445,111,16.7,25.0,37.5,41.6
2024-07-03 22:17:33.248,111,16.7,25.0,37.5,41.7
2024-07-03 22:47:33.381,111,16.7,25.0,37.5,41.7
2024-07-03 23:17:33.385,111,16.7,25.0,37.5,41.7
2024-07-04 00:17:33.242,111,16.6,25.0,37.5,41.7
2024-07-04 00:47:33.233,111,16.6,25.0,37.5,41.7
2024-07-04 01:17:33.208,111,16.6,25.0,37.5,41.7
2024-07-04 02:17:33.117,111,16.6,25.0,37.5,41.7
2024-07-04 03:17:32.867,111,,,,
2024-07-04 03:47:33.020,111,16.5,25.0,37.5,41.7
2024-07-04 04:17:32.987,111,16.5,24.9,37.5,41.7
2024-07-04 05:17:32.896,111,16.4,24.9,37.5,41.7
2024-07-04 05:47:32.857,111,16.4,24.9,37.5,41.7
2024-07-04 06:17:32.814,111,16.4,24.8,37.5,41.7
2024-07-04 06:47:32.794,111,16.3,24.8,37.5,41.7
2024-07-04 07:47:32.716,111,16.3,24.8,37.5,41.7
2024-07-04 08:17:32.692,111,16.3,24.8,37.5,41.7
2024-07-04 08:47:32.478,111,,,,
2024-07-04 09:17:32.033,111,,,,
2024-07-04 09:47:32.577,111,16.2,24.7,37.5,41.8
2024-07-04 10:17:32.585,111,16.2,24.7,37.6,41.8
2024-07-04 10:47:32.520,111,16.3,24.7,37.5,41.8
2024-07-04 11:17:32.480,111,16.3,24.7,37.5,41.8
2024-07-04 11:47:32.200,111,16.3,24.7,37.5,41.8
2024-07-04 12:17:32.081,111,16.3,24.7,37.5,41.8
2024-07-04 12:47:32.372,111,16.3,24.7,37.5,41.7
2024-07-04 13:17:32.334,111,16.3,24.7,37.5,41.7
2024-07-04 13:47:32.289,111,16.3,24.7,37.5,41.7
2024-07-04 14:17:32.230,111,16.3,24.7,37.5,41.7
2024-07-04 14:47:32.198,111,16.3,24.7,37.5,41.7
2024-07-04 15:17:32.163,111,16.3,24.7,37.5,41.8
2024-07-04 15:47:32.122,111,16.4,24.7,37.5,41.8
2024-07-04 16:17:32.105,111,16.4,24.7,37.5,41.7
2024-07-04 16:47:32.072,111,16.5,24.7,37.5,41.7
2024-07-04 17:17:32.004,111,16.5,24.7,37.5,41.7
2024-07-04 17:47:31.823,111,,,,
2024-07-04 18:47:31.898,111,16.5,24.6,37.5,41.7
2024-07-04 19:17:31.440,111,16.5,24.6,37.4,41.7
2024-07-04 19:47:31.666,111,,,,
2024-07-04 20:17:31.617,111,16.4,24.6,37.4,41.7
2024-07-04 20:47:31.618,111,,,,
2024-07-04 22:17:31.605,111,16.4,24.6,37.4,41.7
2024-07-04 22:47:31.598,111,16.4,24.6,37.4,41.7
2024-07-04 23:17:31.590,111,16.4,24.6,37.5,41.7
2024-07-04 23:47:31.556,111,16.4,24.6,37.5,41.7
2024-07-05 00:17:31.514,111,16.4,24.6,37.5,41.7
2024-07-05 00:47:31.477,111,16.4,24.6,37.5,41.7
2024-07-05 01:17:31.452,111,16.3,24.6,37.5,41.7
2024-07-05 01:47:31.427,111,16.3,24.6,37.5,41.8
2024-07-05 02:17:31.392,111,16.3,24.6,37.5,41.8
2024-07-05 02:47:31.396,111,16.2,24.6,37.5,41.8
2024-07-05 03:17:31.319,111,16.2,24.5,37.5,41.8
2024-07-05 03:47:31.266,111,16.2,24.5,37.5,41.9
2024-07-05 04:17:31.280,111,16.2,24.5,37.5,41.9
2024-07-05 04:47:31.243,111,16.2,24.5,37.5,41.9
2024-07-05 05:17:31.193,111,16.1,24.5,37.5,41.9
2024-07-05 06:17:31.145,111,16.1,24.4,37.6,42.0
2024-07-05 06:47:31.116,111,16.0,24.4,37.6,42.0
2024-07-05 07:17:31.085,111,16.0,24.4,37.6,42.0
2024-07-05 07:47:31.044,111,16.0,24.4,37.6,42.0
2024-07-05 08:47:30.943,111,16.0,24.3,37.6,42.0
2024-07-05 09:17:30.926,111,16.0,24.3,37.6,42.0
2024-07-05 09:47:30.913,111,16.0,24.3,37.6,42.0
2024-07-05 10:17:30.576,111,16.0,24.3,37.6,42.1
2024-07-05 11:47:30.746,111,20.8,25.5,37.6,42.1
2024-07-05 12:17:30.521,111,20.8,25.4,37.5,42.1
2024-07-05 13:17:30.633,111,20.7,25.2,37.5,42.0
2024-07-05 13:47:30.225,111,20.7,25.1,37.5,42.0
2024-07-05 14:17:30.402,111,20.7,25.1,37.5,42.0
2024-07-05 14:47:30.544,111,20.6,25.0,37.4,42.0
2024-07-05 15:17:30.448,111,20.5,25.0,37.2,41.9
2024-07-05 15:47:30.319,111,20.3,25.0,37.1,41.9
2024-07-05 16:17:30.024,111,20.1,25.0,36.9,41.9
2024-07-05 16:47:30.088,111,19.9,24.9,36.7,41.9
2024-07-05 17:17:29.908,111,19.8,24.9,36.6,41.9
2024-07-05 17:47:30.367,111,19.6,24.8,36.4,41.8
2024-07-05 18:17:30.289,111,19.5,24.8,36.3,41.8
2024-07-05 18:47:30.255,111,19.3,24.8,36.3,41.8
2024-07-05 19:17:30.213,111,19.2,24.7,36.2,41.8
2024-07-05 19:47:30.184,111,19.1,24.7,36.2,41.8
2024-07-05 20:17:29.971,111,19.0,24.7,36.2,41.8
2024-07-05 20:47:30.113,111,18.9,24.7,36.2,41.8
2024-07-05 21:17:30.063,111,18.8,24.6,36.2,41.8
2024-07-05 21:47:30.032,111,18.7,24.6,36.2,41.8
2024-07-05 22:47:30.132,111,18.5,24.6,36.2,41.8
2024-07-05 23:17:30.249,111,18.4,24.6,36.2,41.8
2024-07-05 23:47:29.925,111,18.4,24.5,36.2,41.8
2024-07-06 00:47:29.921,111,18.2,24.5,36.3,41.8
2024-07-06 01:17:29.521,111,18.1,24.4,36.3,41.8
2024-07-06 02:17:29.870,111,17.9,24.4,36.3,41.9
2024-07-06 02:47:29.428,111,17.8,24.4,36.3,41.9
2024-07-06 03:17:29.717,111,17.8,24.3,36.3,41.9
2024-07-06 03:47:29.838,111,17.7,24.3,36.3,41.9
2024-07-06 04:17:29.944,111,17.6,24.3,36.3,41.9
2024-07-06 04:47:29.589,111,17.6,24.2,36.3,41.9
2024-07-06 05:17:29.559,111,17.5,24.2,36.3,41.9
2024-07-06 05:47:29.538,111,17.4,24.2,36.3,41.9
2024-07-06 06:17:29.488,111,17.4,24.1,36.3,41.9
2024-07-06 06:47:29.494,111,17.3,24.1,36.3,41.9
2024-07-06 07:17:29.452,111,17.3,24.1,36.3,41.9
2024-07-06 07:47:29.053,111,,,,
2024-07-06 08:17:29.376,111,17.2,24.0,36.3,41.9
2024-07-06 08:47:29.156,111,,,,
2024-07-06 09:17:29.256,111,17.1,24.0,36.3,41.9
2024-07-06 09:47:29.254,111,17.0,23.9,36.2,41.9
2024-07-06 10:17:29.187,111,17.0,23.9,36.1,41.9
2024-07-06 10:47:29.174,111,16.9,23.9,36.0,41.9
2024-07-06 11:47:29.082,111,16.8,23.9,35.7,41.8
2024-07-06 12:17:29.041,111,16.8,23.9,35.6,41.8
2024-07-06 13:47:28.511,111,16.7,23.9,35.1,41.7
2024-07-06 14:17:28.916,111,16.7,23.9,34.9,41.7
2024-07-06 14:47:28.873,111,16.7,23.9,34.8,41.7
2024-07-06 15:47:28.796,111,16.6,23.9,34.4,41.6
2024-07-06 16:17:28.790,111,16.6,23.9,34.3,41.6
2024-07-06 17:17:28.671,111,16.6,23.9,34.0,41.6
2024-07-06 17:47:28.250,111,16.5,23.9,33.9,41.6
2024-07-06 18:47:28.439,111,,,,
2024-07-06 19:17:28.573,111,16.4,23.9,33.6,41.6
2024-07-06 19:47:28.538,111,16.3,23.9,33.6,41.6
2024-07-06 20:17:28.061,111,,,,
2024-07-06 21:17:28.405,111,16.2,23.8,33.6,41.6
2024-07-06 21:47:28.426,111,16.2,23.8,33.6,41.6
2024-07-06 22:17:28.395,111,16.1,23.8,33.7,41.6
2024-07-06 22:47:28.380,111,16.1,23.8,33.7,41.6
2024-07-06 23:17:28.313,111,16.0,23.8,33.7,41.6
2024-07-06 23:47:28.282,111,16.0,23.8,33.7,41.6
2024-07-07 00:17:28.260,111,16.0,23.8,33.7,41.6
2024-07-07 00:47:28.201,111,15.9,23.7,33.7,41.6
2024-07-07 01:17:28.182,111,15.9,23.7,33.7,41.6
2024-07-07 01:47:28.146,111,15.8,23.7,33.7,41.6
2024-07-07 03:17:28.012,111,15.7,23.6,33.7,41.6
2024-07-07 03:47:28.005,111,15.7,23.6,33.7,41.6
2024-07-07 04:17:27.962,111,15.6,23.6,33.7,41.6
2024-07-07 04:47:27.531,111,15.6,23.5,33.7,41.6
2024-07-07 06:17:27.848,111,15.5,23.5,33.7,41.6
2024-07-07 06:47:27.857,111,15.4,23.4,33.7,41.6
2024-07-07 07:47:27.712,111,15.4,23.4,33.7,41.6
2024-07-07 08:17:27.733,111,15.3,23.4,33.7,41.6
2024-07-07 08:47:27.694,111,15.3,23.3,33.7,41.6
2024-07-07 09:17:27.653,111,15.3,23.3,33.7,41.6
2024-07-07 09:47:27.620,111,15.3,23.3,33.6,41.6
2024-07-07 10:17:27.601,111,15.3,23.3,33.5,41.6
2024-07-07 10:47:27.523,111,15.2,23.3,33.4,41.6
2024-07-07 11:17:27.527,111,15.2,23.3,33.3,41.5
2024-07-07 11:47:27.465,111,15.2,23.3,33.1,41.5
2024-07-07 12:17:27.440,111,15.3,23.3,32.9,41.5
2024-07-07 12:47:27.222,111,15.3,23.3,32.7,41.4
2024-07-07 13:17:27.398,111,15.3,23.3,32.6,41.4
2024-07-07 14:17:27.286,111,15.2,23.3,32.2,41.3
2024-07-07 14:47:27.104,111,,,,
2024-07-07 15:17:27.240,111,15.2,23.3,31.8,41.3
2024-07-07 15:47:27.159,111,15.2,23.4,31.6,41.2
2024-07-07 16:17:26.935,111,15.2,23.4,31.4,41.2
2024-07-07 17:17:27.071,111,15.1,23.4,31.0,41.1
2024-07-07 18:17:27.010,111,15.1,23.4,30.8,41.0
2024-07-07 18:47:27.009,111,15.1,23.4,30.7,41.0
2024-07-07 19:17:26.983,111,15.0,23.4,30.6,41.0
2024-07-07 20:17:26.470,111,15.0,23.4,30.6,41.0
2024-07-07 21:17:26.817,111,15.0,23.4,30.6,41.0
2024-07-07 23:17:26.679,111,14.9,23.3,30.7,41.0
2024-07-07 23:47:26.671,111,14.9,23.3,30.7,41.0
2024-07-08 00:17:26.645,111,14.8,23.3,30.7,41.0
2024-07-08 00:47:26.606,111,14.8,23.3,30.7,41.0
2024-07-08 01:47:26.506,111,14.7,23.2,30.7,41.0
2024-07-08 02:17:26.498,111,14.7,23.2,30.7,41.0
2024-07-08 02:47:26.270,111,14.7,23.2,30.7,41.0
2024-07-08 03:47:26.358,111,14.6,23.2,30.7,41.0
2024-07-08 04:17:26.383,111,14.6,23.2,30.7,41.0
2024-07-08 04:47:26.335,111,14.6,23.1,30.7,41.0
2024-07-08 05:17:26.278,111,14.6,23.1,30.7,41.0
2024-07-08 05:47:26.253,111,14.5,23.1,30.7,41.0
2024-07-08 06:17:26.235,111,14.5,23.1,30.7,41.0
2024-07-08 06:47:26.203,111,14.5,23.0,30.7,41.0
2024-07-08 08:17:26.084,111,14.4,23.0,30.7,41.0
2024-07-08 08:47:26.071,111,14.4,23.0,30.7,41.0
2024-07-08 09:47:25.958,111,14.3,22.9,30.6,41.0
2024-07-08 10:17:25.514,111,14.3,22.9,30.5,41.0
2024-07-08 10:47:25.891,111,14.3,22.9,30.3,40.9
2024-07-08 11:17:25.870,111,14.3,22.9,30.1,40.9
2024-07-08 11:47:25.367,111,14.3,22.9,29.8,40.8
2024-07-08 12:17:25.814,111,14.3,23.0,29.6,40.7
2024-07-08 13:17:25.682,111,14.4,23.0,29.1,40.6
2024-07-08 13:47:25.686,111,14.4,23.0,29.0,40.5
2024-07-08 14:17:25.650,111,14.4,23.0,28.8,40.4
2024-07-08 14:47:25.621,111,14.4,23.0,28.6,40.4
2024-07-08 15:17:25.598,111,14.4,23.0,28.4,40.3
2024-07-08 15:47:25.555,111,14.4,23.0,28.2,40.2
2024-07-08 16:17:25.516,111,14.4,23.1,28.1,40.2
2024-07-08 16:47:25.489,111,14.4,23.1,28.0,40.2
2024-07-08 17:17:24.989,111,,,,
2024-07-08 17:47:25.421,111,14.4,23.1,27.9,40.2
2024-07-08 18:17:25.225,111,,,,
2024-07-08 18:47:25.313,111,14.4,23.1,27.9,40.1
2024-07-08 19:17:25.138,111,,,,
2024-07-08 19:47:25.092,111,,,,
2024-07-08 20:17:25.245,111,14.4,23.1,27.9,40.1
2024-07-08 20:47:25.059,111,,,,
2024-07-08 21:17:25.167,111,14.4,23.1,28.0,40.1
2024-07-08 21:47:25.115,111,14.4,23.1,28.0,40.1
2024-07-08 22:17:25.063,111,14.4,23.1,28.0,40.1
2024-07-08 22:47:24.840,111,14.3,23.1,28.0,40.1
2024-07-08 23:17:25.009,111,14.3,23.1,28.0,40.2
2024-07-08 23:47:24.982,111,14.3,23.1,28.0,40.2
2024-07-09 00:17:24.944,111,14.2,23.0,28.0,40.2
2024-07-09 00:47:24.895,111,14.2,23.0,28.0,40.2
2024-07-09 01:17:24.884,111,14.2,23.0,28.1,40.2
2024-07-09 01:47:24.826,111,14.2,23.0,28.0,40.2
2024-07-09 02:17:24.794,111,14.1,23.0,28.1,40.2
2024-07-09 02:47:24.764,111,14.1,23.0,28.1,40.2
2024-07-09 03:17:24.730,111,14.1,23.0,28.1,40.2
2024-07-09 03:47:24.515,111,,,,
2024-07-09 04:17:24.648,111,14.1,22.9,28.1,40.2
2024-07-09 04:47:24.609,111,14.1,22.9,28.1,40.2
2024-07-09 05:17:24.552,111,14.1,22.9,28.1,40.2
2024-07-09 05:47:24.545,111,14.0,22.9,28.1,40.2
2024-07-09 06:17:24.368,111,14.0,22.9,28.1,40.2
2024-07-09 06:47:24.480,111,14.0,22.9,28.1,40.2
2024-07-09 07:17:24.458,111,14.0,22.8,28.1,40.2
2024-07-09 07:47:24.417,111,14.0,22.8,28.1,40.2
2024-07-09 08:17:24.390,111,14.0,22.8,28.1,40.2
2024-07-09 08:47:24.366,111,14.1,22.8,28.1,40.2
2024-07-09 09:17:24.139,111,,,,
2024-07-09 09:47:24.275,111,15.0,23.0,28.0,40.2
2024-07-09 10:17:24.073,111,,,,
2024-07-09 10:47:24.208,111,15.3,23.2,28.0,40.2
2024-07-09 11:17:24.149,111,15.3,23.2,28.0,40.2
2024-07-09 11:47:23.976,111,,,,
2024-07-09 12:47:24.029,111,15.7,23.7,28.0,40.2
2024-07-09 13:17:24.024,111,15.5,23.7,28.0,40.2
2024-07-09 13:47:23.985,111,15.8,24.0,28.0,40.2
2024-07-09 14:47:23.875,111,15.4,23.9,27.9,40.2
2024-07-09 15:17:23.878,111,15.3,23.8,27.9,40.2
2024-07-09 15:47:23.539,111,15.7,24.0,27.9,40.2
2024-07-09 16:17:23.804,111,18.4,25.0,27.9,40.2
2024-07-09 16:47:23.755,111,29.3,28.8,27.9,40.3
2024-07-09 17:17:23.440,111,31.8,33.1,39.0,50.4
2024-07-09 17:47:23.696,111,33.2,33.5,43.3,50.6
2024-07-09 18:17:23.657,111,32.4,32.9,46.1,50.7
2024-07-09 18:47:23.467,111,,,,
2024-07-09 19:17:23.420,111,,,,
2024-07-09 19:47:23.402,111,,,,
2024-07-09 20:47:23.477,111,39.0,40.1,50.1,50.7
2024-07-09 21:17:23.446,111,41.6,46.5,50.1,50.8
2024-07-09 21:47:23.115,111,44.0,48.8,50.0,50.7
2024-07-09 22:17:23.236,111,,,,
2024-07-09 22:47:23.408,111,44.9,49.1,50.0,50.6
2024-07-09 23:17:23.328,111,45.7,49.7,49.9,50.5
2024-07-09 23:47:22.860,111,45.6,49.4,49.9,50.5
2024-07-10 00:17:23.261,111,45.0,48.8,49.8,50.3
2024-07-10 00:47:23.221,111,45.1,48.5,49.8,50.3
2024-07-10 01:17:23.187,111,44.9,48.4,49.8,50.2
2024-07-10 02:17:23.106,111,46.1,49.7,49.8,50.3
2024-07-10 02:47:23.093,111,46.2,49.6,49.8,50.3
2024-07-10 03:47:22.836,111,,,,
2024-07-10 04:17:22.984,111,46.5,49.7,49.8,50.3
2024-07-10 04:47:22.952,111,46.5,49.7,49.8,50.2
2024-07-10 05:17:22.912,111,46.9,50.3,49.8,50.2
2024-07-10 05:47:22.896,111,46.7,50.0,49.8,50.1
2024-07-10 06:17:22.874,111,46.5,49.6,49.8,50.0
2024-07-10 06:47:22.841,111,46.5,49.4,49.8,50.0
2024-07-10 07:17:22.506,111,46.6,49.6,49.8,50.0
2024-07-10 07:47:22.754,111,46.6,49.5,49.8,50.0
2024-07-10 08:17:22.737,111,46.4,49.3,49.7,50.0
2024-07-10 08:47:22.703,111,46.3,49.1,49.7,49.9
2024-07-10 09:17:22.371,111,46.1,49.0,49.7,49.9
2024-07-10 09:47:22.636,111,46.1,49.0,49.6,49.9
2024-07-10 10:17:22.154,111,46.0,48.8,49.6,50.0
2024-07-10 10:47:22.533,111,46.0,48.8,49.7,50.0
2024-07-10 11:17:22.393,111,,,,
2024-07-10 11:47:22.494,111,45.9,48.8,49.7,50.0
2024-07-10 12:17:21.883,111,,,,
2024-07-10 12:47:22.433,111,45.9,48.6,49.7,50.0
2024-07-10 13:17:22.079,111,45.9,48.6,49.7,50.0
2024-07-10 13:47:22.079,111,45.9,48.6,49.7,49.9
2024-07-10 14:17:22.316,111,45.9,48.6,49.7,49.9
2024-07-10 14:47:22.241,111,45.9,48.6,49.7,49.9
2024-07-10 15:17:22.227,111,45.8,48.6,49.7,49.9
2024-07-10 15:47:21.712,111,45.8,48.6,49.7,49.8
2024-07-10 16:17:22.168,111,45.8,48.6,49.7,49.8
2024-07-10 16:47:22.136,111,45.8,48.6,49.7,49.8
2024-07-10 17:17:22.116,111,45.7,48.6,49.7,49.8
2024-07-10 17:47:22.047,111,45.7,48.6,49.7,49.7
2024-07-10 18:47:21.672,111,45.7,48.6,49.7,49.7
2024-07-10 19:17:21.808,111,45.6,48.6,49.7,49.7
2024-07-10 19:47:21.749,111,45.6,48.6,49.7,49.7
2024-07-10 20:17:21.901,111,45.6,48.6,49.7,49.7
2024-07-10 20:47:21.872,111,45.6,48.6,49.7,49.7
2024-07-10 21:17:21.524,111,45.6,48.6,49.7,49.7
2024-07-10 21:47:21.088,111,45.5,48.3,49.7,49.7
2024-07-10 22:47:21.678,111,45.5,47.6,49.8,49.7
2024-07-10 23:17:21.683,111,45.4,47.6,49.8,49.7
2024-07-10 23:47:21.658,111,45.4,47.5,49.8,49.7
2024-07-11 00:17:21.470,111,,,,
2024-07-11 00:47:21.141,111,45.4,47.1,49.8,49.8
2024-07-11 01:17:21.378,111,45.4,47.1,49.8,49.8
2024-07-11 01:47:21.519,111,45.3,46.8,49.8,49.8
2024-07-11 02:17:21.479,111,45.3,46.7,49.8,49.6
2024-07-11 03:17:21.401,111,45.3,46.6,49.8,49.7
2024-07-11 03:47:21.398,111,45.2,46.6,49.8,49.6
2024-07-11 04:17:21.359,111,45.2,46.3,49.8,49.7
2024-07-11 04:47:21.166,111,,,,
2024-07-11 05:17:21.292,111,45.2,46.3,49.7,49.7
2024-07-11 05:47:21.060,111,45.1,46.0,49.7,49.7
2024-07-11 06:17:21.247,111,45.1,45.9,49.7,49.7
2024-07-11 06:47:21.192,111,45.1,45.9,49.7,49.6
2024-07-11 07:47:21.102,111,45.1,45.8,49.7,49.7
2024-07-11 08:17:21.087,111,45.0,45.8,49.7,49.7
2024-07-11 08:47:21.134,111,,,,
2024-07-11 09:17:21.071,111,,,,
2024-07-11 09:47:21.013,111,,,,
2024-07-11 10:17:20.973,111,45.1,45.8,49.8,49.8
2024-07-11 10:47:21.233,111,45.1,45.7,49.8,49.8
2024-07-11 11:17:21.175,111,45.0,45.6,49.8,49.8
2024-07-11 11:47:20.836,111,,,,
2024-07-11 12:47:20.759,111,45.0,45.5,49.7,49.9
2024-07-11 13:17:20.566,111,,,,
2024-07-11 13:47:20.277,111,,,,
2024-07-11 15:17:20.905,111,45.0,45.4,49.6,49.9
2024-07-11 15:47:20.137,111,45.3,45.4,49.6,50.0
2024-07-11 16:17:20.775,111,45.9,45.4,49.6,50.0
2024-07-11 16:47:20.494,111,45.8,45.4,49.6,50.0
2024-07-11 17:17:20.442,111,45.8,45.3,49.6,50.1
2024-07-11 17:47:20.408,111,45.8,45.3,49.6,50.2
2024-07-11 18:17:20.215,111,,,,
2024-07-11 18:47:20.375,111,45.8,45.3,49.5,50.3
2024-07-11 19:17:20.340,111,45.8,45.2,49.5,50.4
2024-07-11 19:47:20.279,111,45.8,45.2,49.5,50.4
2024-07-11 20:47:20.188,111,45.7,45.2,49.4,50.6
2024-07-11 21:47:20.118,111,45.7,45.1,49.2,50.5
2024-07-11 22:17:20.102,111,45.6,45.1,49.2,50.5
2024-07-11 22:47:20.031,111,45.6,45.0,49.1,50.5
2024-07-11 23:17:20.046,111,45.6,45.0,49.1,50.5
2024-07-11 23:47:20.007,111,45.5,44.9,49.1,50.4
2024-07-12 00:17:19.971,111,45.5,44.9,49.1,50.4
2024-07-12 00:47:19.938,111,45.5,44.9,49.1,50.4
2024-07-12 01:17:19.918,111,45.4,44.8,49.1,50.4
2024-07-12 01:47:19.877,111,45.4,44.8,49.1,50.5
2024-07-12 02:47:19.783,111,45.3,44.7,49.1,50.5
2024-07-12 03:17:19.783,111,45.3,44.7,49.1,50.5
2024-07-12 03:47:19.758,111,45.3,44.7,49.1,50.5
2024-07-12 04:17:19.716,111,45.2,44.6,49.0,50.5
2024-07-12 04:47:19.680,111,45.2,44.6,49.0,50.5
2024-07-12 05:17:19.641,111,45.2,44.5,49.0,50.5
2024-07-12 05:47:19.649,111,45.1,44.5,49.0,50.5
2024-07-12 06:17:19.639,111,45.1,44.5,49.0,50.5
2024-07-12 06:47:19.569,111,45.1,44.5,49.0,50.5
2024-07-12 07:47:19.502,111,45.1,44.4,49.0,50.6
2024-07-12 08:17:19.475,111,45.1,44.4,49.0,50.6
2024-07-12 08:47:19.426,111,45.1,44.4,49.0,50.6
2024-07-12 09:17:19.399,111,45.0,44.4,49.0,50.7
2024-07-12 09:47:19.172,111,45.0,44.4,49.0,50.7
2024-07-12 10:17:19.308,111,45.1,44.4,49.0,50.7
2024-07-12 11:17:19.245,111,45.1,44.3,49.0,50.7
2024-07-12 11:47:19.044,111,45.1,44.3,49.0,50.7
2024-07-12 12:17:19.162,111,45.0,44.3,49.0,50.7
2024-07-12 12:47:19.138,111,45.1,44.3,49.0,50.8
2024-07-12 13:17:18.810,111,45.0,44.3,49.0,50.8
2024-07-12 13:47:18.923,111,45.0,44.2,49.0,50.8
2024-07-12 14:17:19.029,111,45.0,44.2,49.0,50.8
2024-07-12 15:17:18.671,111,45.0,44.1,48.9,50.7
2024-07-12 15:47:18.984,111,44.9,44.1,48.9,50.7
2024-07-12 16:17:18.658,111,44.9,44.1,48.9,50.7
2024-07-12 16:47:18.761,111,,,,
2024-07-12 17:17:18.591,111,44.8,44.1,48.9,50.7
2024-07-12 18:17:18.394,111,44.7,44.2,48.9,50.7
2024-07-12 18:47:18.796,111,44.6,44.2,48.9,50.7
2024-07-12 19:17:17.945,111,,,,
2024-07-12 19:47:18.371,111,44.6,44.2,48.9,50.6
2024-07-12 20:17:18.748,111,44.5,44.2,48.9,50.6
2024-07-12 20:47:18.711,111,44.5,44.2,48.9,50.6
2024-07-12 21:17:18.657,111,44.5,44.2,48.9,50.6
2024-07-12 21:47:18.633,111,44.5,44.2,48.9,50.6
2024-07-12 22:17:18.589,111,44.4,44.2,48.9,50.6
2024-07-12 22:47:18.561,111,44.4,44.2,48.9,50.6
2024-07-12 23:17:18.537,111,44.3,44.2,48.9,50.6
2024-07-13 00:17:18.289,111,,,,
2024-07-13 01:17:18.371,111,44.2,44.1,48.9,50.5
2024-07-13 01:47:18.383,111,44.1,44.1,48.9,50.5
2024-07-13 02:17:18.334,111,44.1,44.1,48.9,50.5
2024-07-13 02:47:18.122,111,44.1,44.1,48.9,50.5
2024-07-13 03:47:18.214,111,44.0,44.1,48.9,50.4
2024-07-13 04:17:17.772,111,43.9,44.0,49.0,50.4
2024-07-13 05:17:18.108,111,43.8,44.0,48.9,50.3
2024-07-13 05:47:18.084,111,43.8,44.0,48.9,50.3
2024-07-13 06:17:18.086,111,43.8,43.9,48.9,50.3
2024-07-13 06:47:18.029,111,43.7,43.9,49.0,50.3
2024-07-13 07:17:18.014,111,43.7,43.9,48.9,50.3
2024-07-13 07:47:17.683,111,43.7,43.9,49.0,50.2
2024-07-13 08:17:17.778,111,,,,
2024-07-13 08:47:17.920,111,43.6,43.8,48.9,50.2
2024-07-13 09:17:17.713,111,,,,
2024-07-13 10:17:17.785,111,43.6,43.8,48.9,50.2
2024-07-13 10:47:17.783,111,43.6,43.8,48.9,50.2
2024-07-13 11:17:17.756,111,43.6,43.8,48.9,50.2
2024-07-13 11:47:17.710,111,43.5,43.7,48.9,50.1
2024-07-13 12:17:17.648,111,43.5,43.7,48.9,50.1
2024-07-13 12:47:17.462,111,43.4,43.7,48.9,50.0
2024-07-13 13:17:17.614,111,43.3,43.7,48.8,50.0
2024-07-13 13:47:17.575,111,43.2,43.7,48.8,50.0
2024-07-13 14:17:17.194,111,,,,
2024-07-13 14:47:17.507,111,43.1,43.6,48.8,50.0
2024-07-13 15:17:17.488,111,43.0,43.6,48.8,50.0
2024-07-13 15:47:17.274,111,42.9,43.5,48.8,49.9
2024-07-13 16:17:17.054,111,,,,
2024-07-13 16:47:17.414,111,42.6,43.5,48.6,49.9
2024-07-13 17:17:17.046,111,42.5,43.5,48.5,49.9
2024-07-13 17:47:17.117,111,42.4,43.5,48.5,49.8
2024-07-13 18:17:17.146,111,,,,
2024-07-13 19:17:16.752,111,42.2,43.5,48.4,49.7
2024-07-13 20:17:17.134,111,42.1,43.5,48.4,49.6
2024-07-13 20:47:17.156,111,42.1,43.5,48.4,49.6
2024-07-13 21:17:17.096,111,42.1,43.5,48.4,49.6
2024-07-13 21:47:16.887,111,42.1,43.5,48.4,49.6
2024-07-13 22:17:16.610,111,42.1,43.5,48.5,49.5
2024-07-13 22:47:16.986,111,42.0,43.5,48.5,49.5
2024-07-13 23:17:16.942,111,42.0,43.5,48.5,49.5
2024-07-13 23:47:16.902,111,42.0,43.5,48.5,49.5
2024-07-14 00:17:16.877,111,42.0,43.5,48.5,49.5
2024-07-14 00:47:16.826,111,41.9,43.5,48.5,49.4
2024-07-14 01:17:16.798,111,41.9,43.5,48.5,49.4
2024-07-14 01:47:16.781,111,41.9,43.5,48.5,49.4
2024-07-14 02:17:16.733,111,41.9,43.5,48.5,49.3
2024-07-14 02:47:16.534,111,41.8,43.4,48.5,49.3
2024-07-14 03:17:16.494,111,41.8,43.4,48.5,49.3
2024-07-14 03:47:16.632,111,41.8,43.4,48.5,49.3
2024-07-14 04:17:16.575,111,41.8,43.4,48.5,49.3
2024-07-14 04:47:16.541,111,41.8,43.4,48.5,49.3
2024-07-14 06:47:16.363,111,41.7,43.4,48.5,49.2
2024-07-14 07:17:16.379,111,41.7,43.4,48.5,49.2
2024-07-14 07:47:16.375,111,41.6,43.3,48.5,49.1
2024-07-14 08:47:16.254,111,41.6,43.3,48.5,49.1
2024-07-14 09:17:16.078,111,,,,
2024-07-14 09:47:16.185,111,41.6,43.3,48.5,49.1
2024-07-14 10:17:16.157,111,41.5,43.3,48.5,49.0
2024-07-14 10:47:15.961,111,,,,
2024-07-14 11:17:16.085,111,41.3,43.3,48.4,49.0
2024-07-14 11:47:15.872,111,41.2,43.3,48.4,48.9
2024-07-14 12:17:16.019,111,41.2,43.3,48.5,49.0
2024-07-14 12:47:15.970,111,47.0,46.4,49.0,49.3
2024-07-14 13:47:15.739,111,,,,
2024-07-14 14:17:15.875,111,46.8,45.8,49.3,49.5
2024-07-14 14:47:15.816,111,46.8,45.7,49.3,49.5
2024-07-14 15:17:15.812,111,46.8,45.7,49.3,49.5
2024-07-14 16:17:15.707,111,46.7,45.5,49.3,49.5
2024-07-14 16:47:15.661,111,46.7,45.4,49.3,49.4
2024-07-14 17:17:15.642,111,46.7,45.4,49.4,49.4
2024-07-14 17:47:15.461,111,,,,
2024-07-14 18:17:15.450,111,,,,
2024-07-14 18:47:15.001,111,,,,
2024-07-14 19:17:15.530,111,46.6,45.3,49.4,49.4
2024-07-14 20:17:15.422,111,46.6,45.2,49.4,49.4
2024-07-14 20:47:15.428,111,46.6,45.2,49.4,49.4
2024-07-14 21:17:15.380,111,46.6,45.2,49.4,49.4
2024-07-14 21:47:15.363,111,46.6,45.1,49.3,49.4
2024-07-14 22:17:15.318,111,46.5,45.1,49.3,49.4
2024-07-14 22:47:15.253,111,46.5,45.1,49.3,49.4
2024-07-14 23:17:15.228,111,46.5,45.1,49.3,49.3
2024-07-14 23:47:15.196,111,46.5,45.1,49.3,49.3
2024-07-15 00:17:14.737,111,46.4,45.0,49.2,49.3
2024-07-15 00:47:15.123,111,46.4,45.0,49.2,49.3
2024-07-15 01:17:15.092,111,46.3,45.0,49.2,49.3
2024-07-15 01:47:15.059,111,46.2,45.0,49.2,49.3
2024-07-15 02:17:14.830,111,46.1,45.0,49.2,49.3
2024-07-15 02:47:14.971,111,46.0,45.0,49.2,49.2
2024-07-15 03:17:14.930,111,45.9,44.9,49.2,49.2
2024-07-15 03:47:14.920,111,47.5,46.4,49.3,49.4
2024-07-15 04:17:14.868,111,47.4,46.9,49.5,49.6
2024-07-15 04:47:14.835,111,47.5,46.9,49.5,49.6
2024-07-15 05:17:14.818,111,47.4,46.8,49.5,49.6
2024-07-15 05:47:14.468,111,47.1,46.6,49.5,49.6
2024-07-15 06:47:14.677,111,47.0,46.4,49.5,49.6
2024-07-15 07:17:14.667,111,46.9,46.3,49.5,49.6
2024-07-15 07:47:14.634,111,46.9,46.2,49.5,49.6
2024-07-15 08:17:14.603,111,46.8,46.2,49.5,49.6
2024-07-15 08:47:14.574,111,46.8,46.2,49.5,49.6
2024-07-15 09:17:14.375,111,46.8,46.1,49.5,49.6
2024-07-15 09:47:14.481,111,46.8,46.1,49.5,49.5
2024-07-15 10:47:14.400,111,46.8,46.0,49.5,49.5
2024-07-15 11:17:14.185,111,46.8,45.9,49.5,49.5
2024-07-15 11:47:14.179,111,,,,
2024-07-15 12:17:14.301,111,46.7,45.8,49.5,49.5
2024-07-15 12:47:14.102,111,46.7,45.8,49.4,49.5
2024-07-15 13:17:14.072,111,,,,
2024-07-15 13:47:14.195,111,46.7,45.8,49.4,49.4
2024-07-15 14:17:14.182,111,46.7,45.8,49.4,49.4
2024-07-15 14:47:14.165,111,46.7,45.8,49.4,49.4
2024-07-15 15:17:14.125,111,46.7,45.8,49.4,49.4
2024-07-15 15:47:14.113,111,46.6,45.8,49.4,49.4
2024-07-15 16:47:13.576,111,46.5,45.7,49.4,49.4
2024-07-15 17:17:14.015,111,46.5,45.7,49.4,49.3
2024-07-15 17:47:13.954,111,46.4,45.7,49.4,49.3
2024-07-15 18:17:13.723,111,46.4,45.7,49.4,49.3
2024-07-15 18:47:13.911,111,46.4,45.7,49.4,49.3
2024-07-15 19:17:13.474,111,46.3,45.7,49.4,49.3
2024-07-15 19:47:13.699,111,,,,
2024-07-15 20:17:13.795,111,46.3,45.7,49.3,49.3
2024-07-15 20:47:13.286,111,46.3,45.7,49.3,49.3
2024-07-15 21:17:13.741,111,46.3,45.7,49.3,49.3
2024-07-15 21:47:13.701,111,46.3,45.7,49.3,49.3
2024-07-15 22:17:13.669,111,46.3,45.7,49.3,49.3
2024-07-15 22:47:13.194,111,46.3,45.7,49.3,49.3
2024-07-15 23:17:13.602,111,46.2,45.7,49.3,49.3
2024-07-15 23:47:13.551,111,46.2,45.6,49.3,49.3
2024-07-16 00:17:13.516,111,48.0,48.9,49.5,49.5
2024-07-16 01:17:13.447,111,47.9,47.4,49.6,49.7
2024-07-16 01:47:13.438,111,47.8,47.3,49.6,49.7
2024-07-16 05:17:13.165,111,47.3,46.6,49.7,49.8
2024-07-16 06:17:13.091,111,47.2,46.4,49.7,49.8
2024-07-16 06:47:13.065,111,47.1,46.4,49.7,49.8
2024-07-16 07:17:13.050,111,47.1,46.4,49.7,49.8
2024-07-16 07:47:12.699,111,47.1,46.3,49.7,49.8
2024-07-16 08:17:12.957,111,47.1,46.3,49.7,49.8
2024-07-16 08:47:12.638,111,47.0,46.3,49.7,49.8
2024-07-16 09:17:12.883,111,47.0,46.3,49.7,49.8
2024-07-16 09:47:12.865,111,47.0,46.2,49.7,49.8
2024-07-16 10:17:12.679,111,,,,
2024-07-16 10:47:12.806,111,47.0,46.2,49.7,49.8
2024-07-16 11:17:12.749,111,46.9,46.1,49.7,49.8
2024-07-16 11:47:12.722,111,46.9,46.1,49.7,49.8
2024-07-16 12:17:12.521,111,,,,
2024-07-16 12:47:12.565,111,46.9,46.0,49.7,49.9
2024-07-16 13:17:12.439,111,,,,
2024-07-16 13:47:12.413,111,,,,
2024-07-16 14:17:12.117,111,46.7,46.0,49.7,50.0
2024-07-16 14:47:12.517,111,46.7,46.0,49.7,50.0
2024-07-16 15:17:12.473,111,46.6,46.0,49.7,50.0
2024-07-16 15:47:12.441,111,46.6,45.9,49.7,50.0
2024-07-16 16:17:12.415,111,46.6,45.8,49.7,50.0
2024-07-16 16:47:12.188,111,46.5,45.8,49.7,50.0
2024-07-16 17:47:12.288,111,46.4,45.8,49.7,50.0
2024-07-16 18:17:11.936,111,46.4,45.8,49.6,50.0
2024-07-16 19:17:11.989,111,,,,
2024-07-16 19:47:12.123,111,46.3,45.7,49.6,50.0
2024-07-16 20:17:12.087,111,46.3,45.7,49.6,50.0
2024-07-16 20:47:11.717,111,,,,
2024-07-16 21:17:12.036,111,46.3,45.7,49.6,50.0
2024-07-16 21:47:11.800,111,46.3,45.7,49.6,50.0
2024-07-16 22:17:11.971,111,46.3,45.6,49.6,50.0
2024-07-16 22:47:11.763,111,,,,
2024-07-16 23:17:11.703,111,,,,
2024-07-16 23:47:11.850,111,46.2,45.6,49.6,50.0
2024-07-17 00:17:11.654,111,,,,
2024-07-17 00:47:11.770,111,46.2,45.6,49.6,50.0
2024-07-17 01:17:11.451,111,46.2,45.5,49.6,50.0
2024-07-17 01:47:11.708,111,46.1,45.5,49.6,50.0
2024-07-17 02:17:11.678,111,46.1,45.5,49.6,50.0
2024-07-17 02:47:11.624,111,46.1,45.5,49.6,50.0
2024-07-17 03:17:11.428,111,46.1,45.5,49.6,50.0
2024-07-17 03:47:11.413,111,,,,
2024-07-17 04:17:11.539,111,46.0,45.4,49.6,50.0
2024-07-17 04:47:11.513,111,46.0,45.4,49.6,50.0
2024-07-17 05:17:11.471,111,46.0,45.4,49.6,50.0
2024-07-17 05:47:11.435,111,46.0,45.4,49.6,50.0
2024-07-17 06:47:11.170,111,46.0,45.3,49.5,50.0
2024-07-17 07:17:11.372,111,45.9,45.3,49.6,50.0
2024-07-17 07:47:10.852,111,45.9,45.3,49.6,50.0
2024-07-17 08:17:11.263,111,45.9,45.3,49.5,50.0
2024-07-17 08:47:10.921,111,45.9,45.3,49.5,50.0
2024-07-17 09:17:10.758,111,45.9,45.3,49.5,50.0
2024-07-17 09:47:11.142,111,45.9,45.3,49.5,50.0
2024-07-17 10:17:11.121,111,45.9,45.2,49.5,50.0
2024-07-17 10:47:11.041,111,45.9,45.2,49.5,50.0
2024-07-17 12:17:10.937,111,45.8,45.2,49.5,50.0
2024-07-17 12:47:10.941,111,45.8,45.1,49.5,50.0
2024-07-17 13:17:10.908,111,45.8,45.1,49.5,50.0
2024-07-17 13:47:10.869,111,45.7,45.1,49.5,50.0
2024-07-17 14:17:10.380,111,45.7,45.1,49.5,50.0
2024-07-17 14:47:10.582,111,45.6,45.0,49.5,50.0
2024-07-17 15:17:10.764,111,45.5,45.0,49.4,50.0
2024-07-17 15:47:10.741,111,45.4,45.0,49.4,50.0
2024-07-17 16:17:10.692,111,45.3,45.0,49.4,50.0
2024-07-17 16:47:10.674,111,45.2,45.0,49.4,50.0
2024-07-17 17:17:10.649,111,45.0,45.0,49.4,50.0
2024-07-17 17:47:09.971,111,44.9,44.9,49.4,50.0
2024-07-17 18:17:10.537,111,44.8,44.9,49.4,50.0
2024-07-17 19:17:10.476,111,44.8,44.9,49.4,50.0
2024-07-17 19:47:10.439,111,44.7,44.9,49.4,50.0
2024-07-17 20:17:09.991,111,44.7,44.9,49.4,50.0
2024-07-17 20:47:10.070,111,44.7,44.9,49.4,50.0
2024-07-17 21:17:10.379,111,44.6,44.9,49.4,50.0
2024-07-17 21:47:10.325,111,44.6,44.9,49.4,50.0
2024-07-17 22:17:09.956,111,44.6,44.9,49.4,50.0
2024-07-17 22:47:10.252,111,44.5,44.9,49.4,50.0
2024-07-17 23:17:10.219,111,44.5,44.9,49.4,50.0
2024-07-17 23:47:09.952,111,,,,
2024-07-18 00:47:09.895,111,,,,
2024-07-18 01:17:09.763,111,,,,
2024-07-18 01:47:09.842,111,,,,
2024-07-18 02:17:09.818,111,,,,
2024-07-18 02:47:09.789,111,,,,
2024-07-18 03:47:09.752,111,,,,
2024-07-18 04:17:09.726,111,,,,
2024-07-18 05:17:09.682,111,,,,
2024-07-18 05:47:09.649,111,,,,
2024-07-18 06:17:09.630,111,,,,
2024-07-18 06:47:09.485,111,,,,
2024-07-18 07:17:09.070,111,43.9,44.5,49.3,49.8
2024-07-18 07:47:09.640,111,,,,
2024-07-18 08:17:09.753,111,43.9,44.5,49.3,49.8
2024-07-18 08:47:09.567,111,,,,
2024-07-18 09:17:09.688,111,43.8,44.4,49.3,49.8
2024-07-18 09:47:09.676,111,43.8,44.4,49.3,49.8
2024-07-18 10:17:09.613,111,43.7,44.4,49.3,49.8
2024-07-18 10:47:09.583,111,43.6,44.3,49.3,49.8
2024-07-18 11:47:09.481,111,43.3,44.3,49.2,49.7
2024-07-18 12:17:09.107,111,,,,
2024-07-18 13:17:09.395,111,42.9,44.2,49.2,49.7
2024-07-18 13:47:09.388,111,42.7,44.2,49.2,49.7
2024-07-18 14:17:09.299,111,42.6,44.2,49.1,49.7
2024-07-18 14:47:08.980,111,42.4,44.1,49.1,49.6
2024-07-18 15:17:08.942,111,42.2,44.1,49.1,49.6
2024-07-18 15:47:09.223,111,42.1,44.1,49.0,49.6
2024-07-18 16:17:09.064,111,42.0,44.0,49.0,49.6
2024-07-18 16:47:08.651,111,41.9,44.0,49.0,49.6
2024-07-18 17:17:09.114,111,41.8,44.0,49.0,49.6
2024-07-18 17:47:08.887,111,41.7,44.0,48.9,49.5
2024-07-18 18:17:09.030,111,41.6,44.0,48.9,49.5
2024-07-18 18:47:08.853,111,,,,
2024-07-18 19:17:08.810,111,,,,
2024-07-18 19:47:08.183,111,41.6,44.0,48.9,49.5
2024-07-18 20:17:08.786,111,41.6,44.0,48.8,49.5
2024-07-18 20:47:08.511,111,,,,
2024-07-18 21:17:08.816,111,41.6,44.0,48.8,49.4
2024-07-18 21:47:08.550,111,,,,
2024-07-18 22:17:08.513,111,,,,
2024-07-18 22:47:08.476,111,,,,
2024-07-18 23:17:08.479,111,,,,
2024-07-18 23:47:08.454,111,,,,
2024-07-19 00:17:08.423,111,,,,
2024-07-19 00:47:08.412,111,,,,
2024-07-19 01:17:08.385,111,,,,
2024-07-19 01:47:08.394,111,,,,
2024-07-19 02:17:08.366,111,,,,
2024-07-19 02:47:08.330,111,,,,
2024-07-19 03:17:08.308,111,,,,
2024-07-19 03:47:08.285,111,,,,
2024-07-19 04:17:08.253,111,,,,
2024-07-19 04:47:08.246,111,,,,
2024-07-19 05:17:08.233,111,,,,
2024-07-19 05:47:08.213,111,,,,
2024-07-19 06:17:08.199,111,,,,
2024-07-19 06:47:08.175,111,,,,
2024-07-19 07:47:08.386,111,41.0,43.7,48.7,49.2
2024-07-19 08:17:08.334,111,40.9,43.6,48.7,49.2
2024-07-19 08:47:08.292,111,40.9,43.6,48.7,49.2
2024-07-19 09:17:08.248,111,40.9,43.6,48.7,49.2
2024-07-19 09:47:08.051,111,,,,
2024-07-19 10:17:08.182,111,40.8,43.5,48.6,49.1
2024-07-19 10:47:07.724,111,40.7,43.5,48.6,49.1
2024-07-19 11:17:08.089,111,40.6,43.5,48.6,49.1
2024-07-19 11:47:08.080,111,40.5,43.4,48.6,49.0
2024-07-19 12:17:08.043,111,40.4,43.4,48.5,49.0
2024-07-19 12:47:07.842,111,,,,
2024-07-19 13:17:07.947,111,40.2,43.4,48.5,49.0
2024-07-19 13:47:07.512,111,40.1,43.4,48.5,49.0
2024-07-19 15:17:07.234,111,,,,
2024-07-19 15:47:07.374,111,39.5,43.4,48.4,48.9
2024-07-19 16:17:07.749,111,39.4,43.3,48.4,48.9
2024-07-19 16:47:07.672,111,39.3,43.3,48.4,48.9
2024-07-19 17:47:07.329,111,39.0,43.3,48.3,48.8
2024-07-19 19:17:07.536,111,38.8,43.4,48.3,48.8
2024-07-19 19:47:07.484,111,38.8,43.4,48.3,48.8
2024-07-19 20:47:07.402,111,38.8,43.4,48.3,48.8
2024-07-19 21:17:07.097,111,38.8,43.4,48.3,48.7
2024-07-19 21:47:07.119,111,,,,
2024-07-19 22:47:07.072,111,,,,
2024-07-19 23:47:07.253,111,38.7,43.4,48.4,48.7
2024-07-20 00:47:06.861,111,,,,
2024-07-20 01:17:06.939,111,,,,
2024-07-20 02:17:07.112,111,38.6,43.4,48.4,48.8
2024-07-20 02:47:06.870,111,,,,
2024-07-20 03:17:06.853,111,,,,
2024-07-20 04:17:06.795,111,,,,
2024-07-20 04:47:06.766,111,,,,
2024-07-20 05:17:06.757,111,,,,
2024-07-20 05:47:06.726,111,,,,
2024-07-20 06:17:06.692,111,,,,
2024-07-20 06:47:06.682,111,,,,
2024-07-20 07:47:06.843,111,38.3,43.2,48.3,48.7
2024-07-20 08:17:06.796,111,,,,
2024-07-20 08:47:06.667,111,,,,
2024-07-20 09:17:06.459,111,38.3,43.1,48.3,48.7
2024-07-20 09:47:06.724,111,38.2,43.1,48.3,48.7
2024-07-20 10:17:06.695,111,38.2,43.1,48.2,48.7
2024-07-20 10:47:06.649,111,38.1,43.1,48.2,48.7
2024-07-20 11:17:06.655,111,38.0,43.1,48.2,48.7
2024-07-20 11:47:06.595,111,37.9,43.0,48.2,48.6
2024-07-20 12:17:06.396,111,,,,
2024-07-20 12:47:06.224,111,37.6,43.0,48.1,48.6
2024-07-20 13:17:06.006,111,37.5,43.0,48.1,48.6
2024-07-20 13:47:06.308,111,,,,
2024-07-20 14:17:05.992,111,37.0,42.9,48.1,48.6
2024-07-20 15:17:06.186,111,,,,
2024-07-20 15:47:06.240,111,36.3,42.8,48.0,48.5
2024-07-20 16:17:06.123,111,,,,
2024-07-20 16:47:06.080,111,,,,
2024-07-20 17:17:05.920,111,35.9,42.8,47.9,48.5
2024-07-20 17:47:06.034,111,,,,
2024-07-20 18:47:05.942,111,35.7,42.8,47.9,48.4
2024-07-20 19:47:05.860,111,35.6,42.8,47.9,48.4
2024-07-20 20:17:05.553,111,,,,
2024-07-20 20:47:05.744,111,,,,
2024-07-20 21:17:05.955,111,35.7,42.9,47.9,48.4
2024-07-20 21:47:05.918,111,35.7,42.9,47.9,48.4
2024-07-20 22:17:05.667,111,,,,
2024-07-20 22:47:05.623,111,,,,
2024-07-20 23:17:05.589,111,,,,
2024-07-20 23:47:05.555,111,,,,
2024-07-21 00:17:05.538,111,,,,
2024-07-21 00:47:05.496,111,,,,
2024-07-21 01:17:05.476,111,,,,
2024-07-21 01:47:05.023,111,,,,
2024-07-21 02:47:05.389,111,,,,
2024-07-21 04:47:05.086,111,,,,
2024-07-21 05:17:05.243,111,,,,
2024-07-21 05:47:05.153,111,35.4,42.8,48.0,48.4
2024-07-21 06:17:05.437,111,35.4,42.8,47.9,48.4
2024-07-21 06:47:05.296,111,,,,
2024-07-21 07:17:05.420,111,35.4,42.7,47.9,48.4
2024-07-21 07:47:05.199,111,,,,
2024-07-21 08:17:05.326,111,35.3,42.7,47.9,48.4
2024-07-21 08:47:04.985,111,35.3,42.7,47.9,48.4
2024-07-21 09:17:05.248,111,35.3,42.7,47.9,48.4
2024-07-21 09:47:05.227,111,35.3,42.7,47.9,48.4
2024-07-21 10:17:05.028,111,,,,
2024-07-21 10:47:04.897,111,,,,
2024-07-21 11:17:05.097,111,35.1,42.6,47.9,48.4
2024-07-21 11:47:05.069,111,35.0,42.6,47.8,48.4
2024-07-21 12:17:05.035,111,34.8,42.5,47.8,48.4
2024-07-21 12:47:04.754,111,,,,
2024-07-21 13:47:04.601,111,34.2,42.3,47.8,48.3
2024-07-21 14:17:04.746,111,,,,
2024-07-21 14:47:04.872,111,33.8,42.2,47.7,48.3
2024-07-21 15:47:04.775,111,33.3,42.1,47.7,48.2
2024-07-21 16:17:04.771,111,33.1,42.0,47.7,48.2
2024-07-21 16:47:04.562,111,32.9,42.0,47.6,48.2
2024-07-21 17:17:04.695,111,32.7,41.9,47.6,48.2
2024-07-21 17:47:04.691,111,32.6,41.9,47.6,48.2
2024-07-21 18:17:04.650,111,32.6,41.9,47.6,48.2
2024-07-21 18:47:04.621,111,32.5,41.9,47.6,48.1
2024-07-21 19:17:04.556,111,32.5,41.9,47.6,48.1
2024-07-21 19:47:04.408,111,,,,
2024-07-21 20:17:04.509,111,32.5,41.9,47.6,48.1
2024-07-21 20:47:03.826,111,,,,
2024-07-21 21:17:04.212,111,,,,
2024-07-21 21:47:03.735,111,,,,
2024-07-21 22:17:04.140,111,,,,
2024-07-21 22:47:03.975,111,,,,
2024-07-21 23:17:03.981,111,32.5,42.0,47.7,48.2
2024-07-21 23:47:04.286,111,32.5,42.0,47.7,48.2
2024-07-22 00:17:04.251,111,32.5,42.0,47.7,48.2
2024-07-22 00:47:04.229,111,32.5,42.0,47.7,48.2
2024-07-22 01:17:04.178,111,32.5,42.0,47.7,48.2
2024-07-22 01:47:03.972,111,32.5,42.0,47.7,48.2
2024-07-22 02:47:04.063,111,32.5,42.0,47.7,48.2
2024-07-22 03:17:04.062,111,32.5,42.0,47.7,48.2
2024-07-22 03:47:04.047,111,32.4,42.0,47.7,48.2
2024-07-22 04:17:03.582,111,32.4,42.0,47.7,48.2
2024-07-22 04:47:03.963,111,32.4,42.0,47.7,48.2
2024-07-22 05:17:03.939,111,32.4,42.0,47.7,48.2
2024-07-22 05:47:03.911,111,32.4,42.0,47.7,48.2
2024-07-22 06:17:03.879,111,32.4,42.0,47.7,48.2
2024-07-22 06:47:03.548,111,32.4,42.0,47.7,48.2
2024-07-22 07:47:03.776,111,32.4,42.0,47.7,48.2
2024-07-22 08:17:03.763,111,32.3,41.9,47.7,48.2
2024-07-22 08:47:03.703,111,32.3,41.9,47.7,48.2
2024-07-22 09:17:03.692,111,32.3,41.9,47.7,48.2
2024-07-22 09:47:03.647,111,32.2,41.9,47.7,48.1
2024-07-22 10:17:03.210,111,32.1,41.9,47.7,48.1
2024-07-22 10:47:03.563,111,32.0,41.8,47.7,48.1
2024-07-22 11:47:03.518,111,31.6,41.6,47.6,48.1
2024-07-22 12:17:03.360,111,,,,
2024-07-22 12:47:03.302,111,,,,
2024-07-22 13:17:03.113,111,30.9,41.4,47.5,48.0
2024-07-22 13:47:03.414,111,30.6,41.3,47.5,48.0
2024-07-22 14:17:03.061,111,30.3,41.1,47.4,48.0
2024-07-22 14:47:03.154,111,30.1,41.0,47.4,47.9
2024-07-22 15:17:03.304,111,30.0,40.9,47.4,47.9
2024-07-22 15:47:03.276,111,29.8,40.8,47.4,47.9
2024-07-22 16:17:03.061,111,29.7,40.8,47.4,47.9
2024-07-22 17:17:03.158,111,29.5,40.7,47.4,47.9
2024-07-22 17:47:03.153,111,29.4,40.6,47.4,47.8
2024-07-22 18:17:02.927,111,29.4,40.6,47.3,47.8
2024-07-22 19:17:03.071,111,29.3,40.6,47.4,47.8
2024-07-22 19:47:03.051,111,29.4,40.6,47.4,47.8
2024-07-22 20:17:02.905,111,,,,
2024-07-22 20:47:02.662,111,,,,
2024-07-22 21:17:02.691,111,,,,
2024-07-22 21:47:02.665,111,,,,
2024-07-22 22:17:02.648,111,,,,
2024-07-23 00:17:02.488,111,,,,
2024-07-23 00:47:02.470,111,,,,
2024-07-23 01:17:02.446,111,,,,
2024-07-23 01:47:02.381,111,,,,
2024-07-23 02:47:02.376,111,,,,
2024-07-23 03:17:02.525,111,29.3,40.7,47.5,47.8
2024-07-23 03:47:02.531,111,29.3,40.7,47.5,47.9
2024-07-23 04:17:02.516,111,29.3,40.7,47.5,47.9
2024-07-23 04:47:02.464,111,29.3,40.7,47.5,47.9
2024-07-23 05:17:02.218,111,,,,
2024-07-23 05:47:02.100,111,29.2,40.7,47.5,47.9
2024-07-23 06:17:02.409,111,29.2,40.7,47.5,47.9
2024-07-23 06:47:02.080,111,29.2,40.6,47.5,47.9
2024-07-23 07:17:01.497,111,,,,
2024-07-23 07:47:02.059,111,,,,
2024-07-23 08:17:02.027,111,,,,
2024-07-23 08:47:01.995,111,,,,
2024-07-23 09:17:02.197,111,29.1,40.6,47.5,47.8
2024-07-23 09:47:02.118,111,29.1,40.5,47.5,47.8
2024-07-23 10:17:01.921,111,29.1,40.4,47.5,47.8
2024-07-23 10:47:01.917,111,,,,
2024-07-23 11:17:02.050,111,29.0,40.2,47.4,47.8
2024-07-23 11:47:01.548,111,,,,
2024-07-23 12:17:01.767,111,28.7,39.9,47.3,47.7
2024-07-23 12:47:01.971,111,28.5,39.8,47.3,47.7
2024-07-23 13:47:01.542,111,28.2,39.4,47.2,47.7
2024-07-23 14:17:01.781,111,27.9,39.2,47.2,47.7
2024-07-23 15:17:01.744,111,27.6,38.9,47.1,47.6
2024-07-23 15:47:01.737,111,27.4,38.8,47.0,47.5
2024-07-23 16:17:01.726,111,27.3,38.7,47.0,47.5
2024-07-23 16:47:01.693,111,27.3,38.6,47.0,47.4
2024-07-23 17:17:01.501,111,,,,
2024-07-23 17:47:01.447,111,27.2,38.5,47.0,47.4
2024-07-23 18:17:01.570,111,27.1,38.4,47.0,47.4
2024-07-23 18:47:01.049,111,27.1,38.3,47.0,47.4
2024-07-23 19:17:01.328,111,27.1,38.3,47.0,47.4
2024-07-23 19:47:01.174,111,27.1,38.3,47.0,47.4
2024-07-23 20:47:01.237,111,,,,
2024-07-23 21:17:01.025,111,,,,
2024-07-23 21:47:00.916,111,,,,
2024-07-23 22:17:01.300,111,27.1,38.5,47.1,47.4
2024-07-23 22:47:00.982,111,27.1,38.6,47.1,47.4
2024-07-23 23:17:01.236,111,27.1,38.6,47.1,47.4
2024-07-23 23:47:01.032,111,27.1,38.6,47.1,47.4
2024-07-24 00:17:01.170,111,27.1,38.6,47.1,47.4
2024-07-24 00:47:01.125,111,27.1,38.6,47.1,47.4
2024-07-24 01:17:01.091,111,27.1,38.6,47.2,47.4
2024-07-24 01:47:01.059,111,27.1,38.6,47.2,47.4
2024-07-24 02:47:00.968,111,27.1,38.6,47.2,47.4
2024-07-24 03:17:00.962,111,27.0,38.6,47.2,47.4
2024-07-24 03:47:00.910,111,27.0,38.6,47.2,47.4
2024-07-24 04:17:00.860,111,,,,
2024-07-24 04:47:00.208,111,,,,
2024-07-24 05:17:00.406,111,,,,
2024-07-24 06:17:00.529,111,,,,
2024-07-24 06:47:00.741,111,27.0,38.6,47.2,47.4
2024-07-24 07:17:00.050,111,,,,
2024-07-24 07:47:00.670,111,27.0,38.6,47.2,47.4
2024-07-24 08:17:00.334,111,26.9,38.6,47.2,47.4
2024-07-24 08:47:00.110,111,26.9,38.6,47.2,47.4
2024-07-24 09:17:00.533,111,26.9,38.6,47.2,47.4
2024-07-24 09:47:00.201,111,26.9,38.6,47.2,47.4
2024-07-24 10:17:00.061,111,26.9,38.5,47.2,47.4
2024-07-24 10:47:00.161,111,26.9,38.4,47.1,47.4
2024-07-24 11:17:00.183,111,,,,
2024-07-24 11:47:00.395,111,29.1,38.6,47.2,47.5
2024-07-24 12:16:59.875,111,,,,
2024-07-24 12:47:00.316,111,29.2,38.6,47.2,47.5
2024-07-24 13:17:00.115,111,,,,
2024-07-24 13:46:59.935,111,29.1,38.4,47.1,47.4
2024-07-24 14:17:00.224,111,29.0,38.3,47.0,47.4
2024-07-24 14:47:00.183,111,28.9,38.3,47.0,47.4
2024-07-24 15:17:00.138,111,28.9,38.2,47.0,47.3
2024-07-24 15:46:59.924,111,,,,
2024-07-24 16:46:59.918,111,,,,
2024-07-24 17:16:59.965,111,29.2,38.4,47.1,47.4
2024-07-24 17:46:59.648,111,29.3,38.4,47.1,47.4
2024-07-24 18:16:59.194,111,29.3,38.4,47.1,47.4
2024-07-24 19:16:59.837,111,29.3,38.4,47.1,47.3
2024-07-24 19:46:59.800,111,29.3,38.4,47.0,47.3
2024-07-24 20:46:59.712,111,29.3,38.5,47.1,47.3
2024-07-24 21:16:59.719,111,29.3,38.5,47.1,47.3
2024-07-24 21:46:59.681,111,29.3,38.5,47.1,47.3
2024-07-24 22:16:59.452,111,29.3,38.5,47.1,47.4
2024-07-24 23:16:59.274,111,29.3,38.5,47.1,47.4
2024-07-24 23:46:59.587,111,29.3,38.5,47.1,47.4
2024-07-25 00:46:59.402,111,,,,
2024-07-25 01:16:59.241,111,,,,
2024-07-25 02:16:59.161,111,,,,
2024-07-25 02:46:59.131,111,,,,
2024-07-25 03:16:59.083,111,,,,
2024-07-25 04:16:59.040,111,,,,
2024-07-25 05:16:58.985,111,,,,
2024-07-25 05:46:59.179,111,29.2,38.5,47.2,47.4
2024-07-25 06:16:59.149,111,29.2,38.5,47.2,47.4
2024-07-25 06:46:59.126,111,29.2,38.5,47.2,47.4
2024-07-25 07:16:58.777,111,29.2,38.5,47.2,47.4
2024-07-25 07:46:58.809,111,,,,
2024-07-25 08:46:58.967,111,29.2,38.5,47.2,47.4
2024-07-25 09:16:58.646,111,29.2,38.5,47.1,47.4
2024-07-25 09:46:58.588,111,29.2,38.4,47.1,47.4
2024-07-25 11:16:58.071,111,28.9,38.2,47.0,47.3
2024-07-25 11:46:58.464,111,28.7,38.0,46.9,47.3
2024-07-25 12:16:58.736,111,28.5,37.9,46.9,47.3
2024-07-25 12:46:58.684,111,28.3,37.8,46.8,47.2
2024-07-25 13:46:58.289,111,27.9,37.5,46.7,47.2
2024-07-25 14:16:58.603,111,27.7,37.4,46.6,47.2
2024-07-25 14:46:58.522,111,27.5,37.2,46.5,47.1
2024-07-25 15:16:58.380,111,,,,
2024-07-25 15:46:58.493,111,27.3,37.0,46.4,47.1
2024-07-25 16:16:58.281,111,,,,
2024-07-25 16:46:58.416,111,27.0,36.8,46.3,47.1
2024-07-25 17:16:58.104,111,26.9,36.8,46.3,47.1
2024-07-25 17:46:58.362,111,26.9,36.7,46.3,47.0
2024-07-25 18:16:58.322,111,26.8,36.7,46.3,47.0
2024-07-25 18:46:58.250,111,26.8,36.6,46.3,47.0
2024-07-25 19:16:57.694,111,,,,
2024-07-25 19:46:58.207,111,26.8,36.6,46.3,47.0
2024-07-25 20:16:57.985,111,26.8,36.7,46.4,47.0
2024-07-25 20:46:57.791,111,,,,
2024-07-25 21:16:57.693,111,,,,
2024-07-25 21:46:57.837,111,,,,
2024-07-25 22:16:57.804,111,,,,
2024-07-25 22:46:57.763,111,,,,
2024-07-25 23:16:57.725,111,,,,
2024-07-25 23:46:57.750,111,,,,
2024-07-26 00:16:57.695,111,,,,
2024-07-26 00:46:57.668,111,,,,
2024-07-26 01:16:57.655,111,,,,
2024-07-26 01:46:57.634,111,,,,
2024-07-26 02:16:57.607,111,,,,
2024-07-26 02:46:57.575,111,,,,
2024-07-26 03:16:57.555,111,,,,
2024-07-26 03:46:57.534,111,,,,
2024-07-26 04:16:57.504,111,,,,
2024-07-26 04:46:57.486,111,,,,
2024-07-26 05:16:57.472,111,,,,
2024-07-26 05:46:57.381,111,,,,
2024-07-26 06:16:57.449,111,,,,
2024-07-26 06:46:57.404,111,,,,
2024-07-26 07:16:57.407,111,,,,
2024-07-26 07:46:57.394,111,,,,
2024-07-26 08:16:56.847,111,,,,
2024-07-26 08:46:57.300,111,,,,
2024-07-26 09:16:57.256,111,,,,
2024-07-26 09:46:57.436,111,26.3,36.5,46.6,47.1
2024-07-26 10:16:57.269,111,,,,
2024-07-26 10:46:57.401,111,26.2,36.4,46.5,47.1
2024-07-26 11:16:57.383,111,26.1,36.3,46.4,47.0
2024-07-26 11:46:57.334,111,25.9,36.2,46.3,47.0
2024-07-26 12:16:57.065,111,25.8,36.0,46.2,47.0
2024-07-26 13:16:57.009,111,,,,
2024-07-26 13:46:56.839,111,,,,
2024-07-26 14:16:56.991,111,,,,
2024-07-26 14:46:56.703,111,25.0,35.4,45.8,46.8
2024-07-26 15:16:57.089,111,25.0,35.3,45.8,46.8
2024-07-26 16:16:56.549,111,,,,
2024-07-26 16:46:56.684,111,24.7,35.1,45.7,46.7
2024-07-26 17:16:56.641,111,24.7,35.0,45.6,46.7
2024-07-26 17:46:56.823,111,24.6,34.9,45.6,46.7
2024-07-26 18:46:56.823,111,24.6,34.8,45.6,46.7
2024-07-26 19:16:56.661,111,,,,
2024-07-26 19:46:56.781,111,24.6,34.8,45.7,46.7
2024-07-26 20:16:56.400,111,24.6,34.9,45.7,46.7
2024-07-26 20:46:56.711,111,24.6,34.9,45.7,46.7
2024-07-26 21:16:56.642,111,24.6,34.9,45.8,46.7
2024-07-26 21:46:56.619,111,24.6,34.9,45.8,46.7
2024-07-26 22:16:56.605,111,24.6,34.9,45.8,46.7
2024-07-26 22:46:56.597,111,24.6,34.9,45.8,46.7
2024-07-26 23:16:56.552,111,24.6,34.9,45.8,46.7
2024-07-26 23:46:56.515,111,24.6,34.9,45.8,46.7
2024-07-27 00:16:56.487,111,24.6,34.9,45.9,46.7
2024-07-27 00:46:56.467,111,24.6,34.9,45.9,46.7
2024-07-27 01:16:56.186,111,,,,
2024-07-27 01:46:55.940,111,,,,
2024-07-27 02:16:56.133,111,,,,
2024-07-27 02:46:56.124,111,,,,
2024-07-27 03:16:56.092,111,,,,
2024-07-27 03:46:56.060,111,,,,
2024-07-27 04:16:56.030,111,,,,
2024-07-27 05:16:55.993,111,,,,
2024-07-27 05:46:55.966,111,,,,
2024-07-27 06:16:55.959,111,,,,
2024-07-27 06:46:55.938,111,,,,
2024-07-27 07:46:55.800,111,24.3,34.8,46.0,46.7
2024-07-27 08:16:56.069,111,24.3,34.8,46.0,46.7
2024-07-27 08:46:56.034,111,24.3,34.7,46.0,46.7
2024-07-27 09:16:55.844,111,,,,
2024-07-27 09:46:55.727,111,,,,
2024-07-27 10:16:55.530,111,,,,
2024-07-27 10:46:55.594,111,24.1,34.5,45.8,46.6
2024-07-27 11:16:55.623,111,,,,
2024-07-27 11:46:55.415,111,,,,
2024-07-27 12:16:55.635,111,,,,
2024-07-27 12:46:55.528,111,,,,
2024-07-27 13:16:55.504,111,,,,
2024-07-27 13:46:55.577,111,23.4,33.8,45.0,46.4
2024-07-27 14:16:55.616,111,,,,
2024-07-27 14:46:55.379,111,23.2,33.5,44.8,46.4
2024-07-27 15:16:55.604,111,23.0,33.4,44.7,46.4
2024-07-27 15:46:55.597,111,23.0,33.3,44.6,46.3
2024-07-27 16:16:55.542,111,22.9,33.3,44.6,46.3
2024-07-27 16:46:55.523,111,22.9,33.3,44.6,46.3
2024-07-27 17:16:55.460,111,22.9,33.3,44.6,46.3
2024-07-27 17:46:55.446,111,22.8,33.2,44.6,46.3
2024-07-27 18:16:55.437,111,22.8,33.2,44.6,46.3
2024-07-27 18:46:55.384,111,22.8,33.2,44.6,46.3
2024-07-27 19:16:55.116,111,,,,
2024-07-27 19:46:54.860,111,,,,
2024-07-27 20:16:55.259,111,22.9,33.2,44.7,46.3
2024-07-27 20:46:55.013,111,,,,
2024-07-27 21:16:54.962,111,,,,
2024-07-27 21:46:54.917,111,,,,
2024-07-27 22:16:54.889,111,,,,
2024-07-27 22:46:54.870,111,,,,
2024-07-27 23:16:54.852,111,,,,
2024-07-27 23:46:54.795,111,,,,
2024-07-28 00:16:54.769,111,,,,
2024-07-28 00:46:54.727,111,,,,
2024-07-28 01:16:54.720,111,,,,
2024-07-28 01:46:54.664,111,,,,
2024-07-28 02:16:54.678,111,,,,
2024-07-28 02:46:54.599,111,,,,
2024-07-28 03:16:54.582,111,,,,
2024-07-28 03:46:54.560,111,,,,
2024-07-28 04:46:54.466,111,,,,
2024-07-28 05:16:54.430,111,,,,
2024-07-28 05:46:54.313,111,,,,
2024-07-28 06:16:53.939,111,,,,
2024-07-28 06:46:54.370,111,,,,
2024-07-28 07:16:54.298,111,,,,
2024-07-28 07:46:54.246,111,,,,
2024-07-28 08:16:54.462,111,22.8,33.3,45.2,46.3
2024-07-28 08:46:54.445,111,22.8,33.2,45.2,46.3
2024-07-28 09:16:54.399,111,24.5,33.3,45.2,46.4
2024-07-28 10:16:54.101,111,,,,
2024-07-28 10:46:53.931,111,,,,
2024-07-28 11:16:54.041,111,,,,
2024-07-28 11:46:54.220,111,32.1,34.8,45.3,46.4
2024-07-28 12:16:53.942,111,,,,
2024-07-28 12:46:53.834,111,,,,
2024-07-28 13:46:53.740,111,31.2,34.3,45.2,46.4
2024-07-28 14:16:53.875,111,,,,
2024-07-28 14:46:53.508,111,30.8,34.1,45.2,46.3
2024-07-28 15:16:53.965,111,30.6,34.1,45.1,46.3
2024-07-28 15:46:53.629,111,30.4,34.0,45.1,46.3
2024-07-28 16:16:53.397,111,30.1,33.9,45.0,46.3
2024-07-28 16:46:53.855,111,29.8,33.8,45.0,46.3
2024-07-28 17:16:53.807,111,29.5,33.7,44.9,46.3
2024-07-28 17:46:53.793,111,29.2,33.6,44.8,46.2
2024-07-28 18:46:53.702,111,28.9,33.5,44.8,46.2
2024-07-28 19:16:53.446,111,,,,
2024-07-28 19:46:53.496,111,,,,
2024-07-28 20:16:53.432,111,,,,
2024-07-28 20:46:53.373,111,,,,
2024-07-28 21:16:53.294,111,,,,
2024-07-28 21:46:53.488,111,28.6,33.5,45.0,46.2
2024-07-28 22:16:53.282,111,,,,
2024-07-28 22:46:53.428,111,28.6,33.5,45.0,46.2
2024-07-28 23:46:53.100,111,,,,
2024-07-29 00:16:52.921,111,,,,
2024-07-29 00:46:53.029,111,,,,
2024-07-29 01:16:52.814,111,,,,
2024-07-29 01:46:52.972,111,,,,
2024-07-29 02:16:52.928,111,,,,
2024-07-29 02:46:52.888,111,,,,
2024-07-29 03:46:52.827,111,,,,
2024-07-29 04:16:52.791,111,,,,
2024-07-29 04:46:52.755,111,,,,
2024-07-29 05:16:52.725,111,,,,
2024-07-29 05:46:52.682,111,,,,
2024-07-29 06:16:52.628,111,,,,
2024-07-29 06:46:52.626,111,,,,
2024-07-29 07:16:52.588,111,,,,
2024-07-29 07:46:52.589,111,28.0,33.5,45.2,46.3
2024-07-29 08:16:52.415,111,,,,
2024-07-29 08:46:52.327,111,,,,
2024-07-29 09:16:52.446,111,,,,
2024-07-29 09:46:52.373,111,,,,
2024-07-29 10:16:52.185,111,27.9,33.5,45.2,46.3
2024-07-29 10:46:52.384,111,,,,
2024-07-29 11:16:52.303,111,,,,
2024-07-29 13:16:51.650,111,27.2,33.3,44.9,46.2
2024-07-29 13:46:52.181,111,,,,
2024-07-29 14:16:52.018,111,26.6,33.2,44.6,46.1
2024-07-29 15:16:51.918,111,26.0,33.0,44.3,46.1
2024-07-29 15:46:51.713,111,25.7,32.9,44.2,46.1
2024-07-29 16:16:52.185,111,25.6,32.8,44.1,46.1
2024-07-29 16:46:52.138,111,25.6,32.8,44.2,46.1
2024-07-29 17:16:52.095,111,25.5,32.8,44.2,46.1
2024-07-29 17:46:51.406,111,,,,
2024-07-29 18:16:51.944,111,,,,
2024-07-29 18:46:51.699,111,25.5,32.9,44.3,46.1
2024-07-29 19:16:51.979,111,25.4,32.9,44.3,46.1
2024-07-29 19:46:51.924,111,25.4,32.9,44.3,46.1
2024-07-29 20:16:51.867,111,25.4,32.9,44.3,46.1
2024-07-29 20:46:51.299,111,,,,
2024-07-29 21:16:51.811,111,25.4,32.9,44.4,46.1
2024-07-29 21:46:51.782,111,25.4,32.9,44.4,46.1
2024-07-29 22:46:51.686,111,25.4,33.0,44.5,46.1
2024-07-29 23:16:51.668,111,25.4,33.0,44.5,46.1
2024-07-29 23:46:51.207,111,25.4,33.0,44.6,46.1
2024-07-30 00:16:51.184,111,25.4,33.0,44.6,46.1
2024-07-30 00:46:51.584,111,25.4,33.0,44.6,46.1
2024-07-30 01:16:51.523,111,25.4,33.0,44.6,46.1
2024-07-30 01:46:51.501,111,25.4,33.0,44.7,46.1
2024-07-30 02:16:51.458,111,25.4,33.0,44.7,46.1
2024-07-30 02:46:51.420,111,25.4,33.0,44.7,46.1
2024-07-30 03:16:51.168,111,25.4,33.0,44.7,46.1
2024-07-30 03:46:51.214,111,,,,
2024-07-30 04:16:51.015,111,25.4,33.1,44.7,46.2
2024-07-30 04:46:50.959,111,25.3,33.1,44.8,46.2
2024-07-30 05:16:50.910,111,25.3,33.1,44.7,46.2
2024-07-30 05:46:51.223,111,25.3,33.1,44.8,46.2
2024-07-30 06:46:50.894,111,25.3,33.1,44.8,46.2
2024-07-30 07:16:51.103,111,25.3,33.1,44.8,46.2
2024-07-30 07:46:51.074,111,25.3,33.1,44.8,46.2
2024-07-30 08:16:50.717,111,25.3,33.1,44.8,46.2
2024-07-30 08:46:50.907,111,25.3,33.1,44.8,46.2
2024-07-30 09:16:50.972,111,25.3,33.0,44.8,46.2
2024-07-30 09:46:50.925,111,25.2,33.0,44.8,46.2
2024-07-30 10:16:50.589,111,25.2,33.0,44.7,46.2
2024-07-30 11:16:50.810,111,25.0,32.9,44.5,46.1
2024-07-30 11:46:50.775,111,24.9,32.8,44.3,46.1
2024-07-30 12:16:50.754,111,24.7,32.7,44.2,46.1
2024-07-30 12:46:50.375,111,,,,
2024-07-30 13:16:50.289,111,24.4,32.5,43.9,46.0
2024-07-30 13:46:50.315,111,,,,
2024-07-30 14:16:50.666,111,24.1,32.3,43.6,46.0
2024-07-30 14:46:50.463,111,,,,
2024-07-30 15:16:50.599,111,23.8,32.2,43.4,46.0
2024-07-30 15:46:50.566,111,23.7,32.1,43.3,45.9
2024-07-30 16:16:50.554,111,23.6,32.0,43.2,45.9
2024-07-30 16:46:50.376,111,,,,
2024-07-30 17:16:50.493,111,23.4,31.9,43.0,45.9
2024-07-30 17:46:50.467,111,23.4,31.9,42.9,45.9
2024-07-30 18:16:50.392,111,23.3,31.8,42.9,45.9
2024-07-30 18:46:50.411,111,23.3,31.8,42.9,45.9
2024-07-30 19:16:50.382,111,23.3,31.9,42.9,45.9
2024-07-30 19:46:50.355,111,23.4,31.9,43.0,45.9
2024-07-30 20:46:50.244,111,23.4,31.9,43.1,45.9
2024-07-30 21:46:50.172,111,23.4,32.0,43.2,45.9
2024-07-30 22:16:50.167,111,23.4,32.0,43.3,45.9
2024-07-30 23:16:50.048,111,23.4,32.0,43.4,45.9
2024-07-30 23:46:49.318,111,23.4,32.0,43.4,46.0
2024-07-31 00:16:49.694,111,23.4,32.1,43.4,46.0
2024-07-31 00:46:49.686,111,23.4,32.1,43.5,46.0
2024-07-31 01:16:49.960,111,23.4,32.1,43.5,46.0
2024-07-31 01:46:49.611,111,23.4,32.1,43.5,46.0
2024-07-31 02:16:49.570,111,23.3,32.1,43.6,46.0
2024-07-31 02:46:49.539,111,23.3,32.1,43.6,46.0
2024-07-31 03:16:49.494,111,23.3,32.1,43.6,46.0
2024-07-31 03:46:49.763,111,23.3,32.1,43.7,46.0
2024-07-31 04:16:49.738,111,23.3,32.1,43.7,46.0
2024-07-31 04:46:49.701,111,23.3,32.1,43.7,46.0
2024-07-31 05:16:49.485,111,23.3,32.1,43.7,46.0
2024-07-31 06:16:49.574,111,23.2,32.1,43.7,46.0
2024-07-31 06:46:49.478,111,23.2,32.1,43.8,46.0
2024-07-31 07:16:49.066,111,23.2,32.1,43.8,46.0
2024-07-31 07:46:48.931,111,,,,
2024-07-31 08:16:49.078,111,,,,
2024-07-31 08:46:49.427,111,23.2,32.1,43.8,46.0
2024-07-31 09:16:49.396,111,23.2,32.0,43.8,46.0
2024-07-31 09:46:49.128,111,23.1,32.0,43.8,46.0
2024-07-31 10:16:49.306,111,23.1,32.0,43.7,46.0
2024-07-31 10:46:49.281,111,23.1,32.0,43.6,46.0
2024-07-31 12:16:49.182,111,25.0,32.0,43.8,46.1
2024-07-31 12:46:48.569,111,,,,
2024-07-31 13:16:49.046,111,29.1,32.1,43.8,46.1
2024-07-31 13:46:49.061,111,29.0,32.1,43.8,46.1
2024-07-31 14:16:48.866,111,,,,
2024-07-31 14:46:48.822,111,28.6,32.0,43.6,46.0
2024-07-31 15:16:48.947,111,28.2,31.9,43.5,46.0
2024-07-31 16:16:48.575,111,,,,
2024-07-31 16:46:48.870,111,27.4,31.7,42.9,45.9
2024-07-31 17:16:48.846,111,27.2,31.7,42.8,45.9
2024-07-31 17:46:48.798,111,26.9,31.6,42.7,45.8
2024-07-31 18:16:48.621,111,,,,
2024-07-31 18:46:48.749,111,26.7,31.6,42.6,45.8
2024-07-31 19:16:48.540,111,26.5,31.6,42.6,45.8
2024-07-31 19:46:47.959,111,26.5,31.6,42.7,45.8
2024-07-31 20:16:48.377,111,26.4,31.6,42.7,45.8
2024-07-31 20:46:48.635,111,26.4,31.7,42.8,45.8
2024-07-31 21:16:48.280,111,26.4,31.7,42.8,45.8
2024-07-31 21:46:48.394,111,,,,
2024-07-31 22:46:48.454,111,26.3,31.7,43.0,45.9
2024-07-31 23:16:48.421,111,26.3,31.7,43.0,45.9
2024-07-31 23:46:48.378,111,26.3,31.8,43.1,45.9
2024-08-01 00:46:48.323,111,26.2,31.8,43.1,45.9
2024-08-01 01:16:48.311,111,26.2,31.8,43.1,45.9
2024-08-01 01:46:48.270,111,26.2,31.8,43.2,45.9
2024-08-01 02:46:48.174,111,26.1,31.8,43.2,45.9
2024-08-01 03:16:48.155,111,26.1,31.8,43.2,45.9
2024-08-01 03:46:47.577,111,,,,
2024-08-01 04:16:48.108,111,26.0,31.8,43.3,45.9
2024-08-01 04:46:48.062,111,26.0,31.8,43.3,45.9
2024-08-01 05:16:48.014,111,26.0,31.8,43.3,45.9
2024-08-01 05:46:47.819,111,,,,
2024-08-01 06:16:47.978,111,26.0,31.8,43.3,45.9
2024-08-01 06:46:47.772,111,,,,
2024-08-01 07:16:47.883,111,25.9,31.7,43.4,45.9
2024-08-01 07:46:47.700,111,,,,
2024-08-01 08:16:47.832,111,25.9,31.7,43.4,45.9
2024-08-01 09:16:47.728,111,25.9,31.7,43.4,45.9
2024-08-01 09:46:47.724,111,25.9,31.7,43.4,45.9
2024-08-01 10:16:47.687,111,25.9,31.7,43.4,45.9
2024-08-01 10:46:47.636,111,25.9,31.7,43.4,45.9
2024-08-01 11:16:47.608,111,25.9,31.7,43.4,45.9
2024-08-01 11:46:47.580,111,25.8,31.7,43.4,45.9
2024-08-01 12:16:47.562,111,25.8,31.7,43.4,45.9
2024-08-01 12:46:47.490,111,25.7,31.7,43.2,45.9
2024-08-01 14:16:47.385,111,25.5,31.6,43.0,45.8
2024-08-01 14:46:47.380,111,25.4,31.6,42.9,45.8
2024-08-01 15:46:47.286,111,25.3,31.5,42.8,45.8
2024-08-01 16:46:47.067,111,,,,
2024-08-01 17:16:47.193,111,25.3,31.6,42.8,45.8
2024-08-01 17:46:46.979,111,25.2,31.6,42.8,45.8
2024-08-01 18:16:47.098,111,25.2,31.6,42.8,45.8
2024-08-01 19:16:47.023,111,25.2,31.6,42.8,45.8
2024-08-01 19:46:46.832,111,,,,
2024-08-01 20:16:46.487,111,25.2,31.6,42.8,45.8
2024-08-01 20:46:46.957,111,25.2,31.6,42.9,45.8
2024-08-01 21:16:46.913,111,25.2,31.6,42.9,45.8
2024-08-01 21:46:46.872,111,25.2,31.7,42.9,45.8
2024-08-01 22:16:46.108,111,25.2,31.7,43.0,45.8
2024-08-01 22:46:46.512,111,25.2,31.7,43.0,45.8
2024-08-01 23:16:46.606,111,,,,
2024-08-01 23:46:46.426,111,25.2,31.7,43.0,45.8
2024-08-02 00:46:46.639,111,37.2,38.7,47.0,47.1
2024-08-02 01:16:46.614,111,37.0,38.2,47.0,46.9
2024-08-02 01:46:46.586,111,37.0,38.0,47.0,46.8
2024-08-02 02:16:46.547,111,36.9,37.8,46.9,46.7
2024-08-02 02:46:46.511,111,36.9,37.6,46.8,46.6
2024-08-02 03:16:46.485,111,36.9,37.5,46.7,46.6
2024-08-02 03:46:46.447,111,36.9,37.5,46.6,46.5
2024-08-02 04:16:46.418,111,36.8,37.5,46.5,46.5
2024-08-02 04:46:46.087,111,36.8,37.4,46.4,46.5
2024-08-02 05:16:46.375,111,36.7,37.4,46.4,46.5
2024-08-02 05:46:46.296,111,36.7,37.3,46.4,46.4
2024-08-02 07:16:45.753,111,36.6,37.2,46.3,46.4
2024-08-02 07:46:46.014,111,,,,
2024-08-02 08:16:46.146,111,36.5,37.1,46.2,46.4
2024-08-02 08:46:46.103,111,36.4,37.0,46.2,46.4
2024-08-02 09:16:45.795,111,36.4,37.0,46.2,46.4
2024-08-02 09:46:45.476,111,,,,
2024-08-02 10:16:46.002,111,36.3,36.9,46.1,46.4
2024-08-02 11:16:45.891,111,36.1,36.7,45.9,46.3
2024-08-02 11:46:45.892,111,35.8,36.5,45.8,46.3
2024-08-02 12:16:45.856,111,35.7,36.3,45.8,46.2
2024-08-02 12:46:45.811,111,35.4,36.1,45.6,46.2
2024-08-02 13:16:45.784,111,35.1,35.9,45.5,46.2
2024-08-02 13:46:45.768,111,34.9,35.8,45.4,46.2
2024-08-02 14:16:45.731,111,34.7,35.7,45.4,46.2
2024-08-02 14:46:45.684,111,34.5,35.5,45.3,46.1
2024-08-02 15:16:45.631,111,34.2,35.3,45.2,46.1
2024-08-02 15:46:45.252,111,,,,
2024-08-02 16:16:45.557,111,33.9,35.1,45.2,46.1
2024-08-02 16:46:45.395,111,,,,
2024-08-02 17:16:45.396,111,,,,
2024-08-02 17:46:45.467,111,42.8,47.3,46.6,46.3
2024-08-02 18:16:45.438,111,44.0,48.3,47.4,46.7
2024-08-02 18:46:45.380,111,43.3,47.5,47.6,46.9
2024-08-02 19:16:45.428,111,43.1,46.6,47.7,47.0
2024-08-02 19:46:45.311,111,43.0,45.8,47.7,47.0
2024-08-02 20:16:45.101,111,42.9,45.2,47.7,46.9
2024-08-02 20:46:44.960,111,42.9,44.8,47.7,46.9
2024-08-02 21:16:44.927,111,42.9,44.7,47.8,46.9
2024-08-02 21:46:45.194,111,42.8,44.4,47.8,46.8
2024-08-02 22:16:45.152,111,42.7,44.2,47.8,46.8
2024-08-02 22:46:45.129,111,42.7,44.1,47.9,46.8
2024-08-02 23:16:44.793,111,42.6,43.9,47.9,46.8
2024-08-02 23:46:45.042,111,42.6,43.8,47.9,46.8
2024-08-03 00:16:45.059,111,42.6,43.6,47.9,46.7
2024-08-03 00:46:44.991,111,42.5,43.5,47.9,46.7
2024-08-03 01:16:44.958,111,42.5,43.3,47.9,46.7
2024-08-03 01:46:44.910,111,42.5,43.0,47.9,46.7
2024-08-03 02:16:44.899,111,42.4,42.8,47.8,46.7
2024-08-03 02:46:44.694,111,42.4,42.6,47.8,46.7
2024-08-03 03:16:44.815,111,42.4,42.5,47.8,46.7
2024-08-03 03:46:44.800,111,42.4,42.4,47.8,46.7
2024-08-03 04:16:44.606,111,,,,
2024-08-03 04:46:44.739,111,42.3,42.3,47.7,46.7
2024-08-03 05:16:44.694,111,42.2,42.2,47.6,46.7
2024-08-03 05:46:44.662,111,42.2,42.1,47.6,46.7
2024-08-03 06:16:44.647,111,42.2,42.0,47.6,46.7
2024-08-03 06:46:44.611,111,42.1,41.9,47.6,46.7
2024-08-03 07:46:44.502,111,42.1,41.8,47.5,46.7
2024-08-03 08:16:44.334,111,,,,
2024-08-03 08:46:44.463,111,42.0,41.7,47.4,46.7
2024-08-03 09:46:44.381,111,42.0,41.6,47.4,46.7
2024-08-03 10:46:43.894,111,41.8,41.3,47.2,46.6
2024-08-03 11:46:43.820,111,41.5,40.8,46.8,46.6
2024-08-03 12:16:44.222,111,41.3,40.4,46.6,46.6
2024-08-03 12:46:43.892,111,41.1,40.1,46.5,46.6
2024-08-03 13:16:44.174,111,40.8,39.8,46.4,46.5
2024-08-03 13:46:44.123,111,40.6,39.5,46.2,46.5
2024-08-03 14:16:44.110,111,40.4,39.1,46.1,46.5
2024-08-03 14:46:43.903,111,40.1,38.9,46.1,46.5
2024-08-03 15:16:44.077,111,39.9,38.6,46.0,46.5
2024-08-03 15:46:44.027,111,39.7,38.3,45.9,46.5
2024-08-03 16:16:44.000,111,39.5,38.1,45.9,46.4
2024-08-03 16:46:43.986,111,39.3,37.9,45.9,46.4
2024-08-03 17:16:43.951,111,39.1,37.8,45.8,46.4
2024-08-03 17:46:43.935,111,39.0,37.7,45.9,46.4
2024-08-03 18:16:43.908,111,38.9,37.6,45.9,46.4
2024-08-03 19:16:43.423,111,38.8,37.6,45.9,46.4
2024-08-03 19:46:43.835,111,38.8,37.6,46.0,46.4
2024-08-03 20:16:43.795,111,38.8,37.6,46.0,46.4
2024-08-03 20:46:43.753,111,38.8,37.6,46.1,46.4
2024-08-03 21:16:43.142,111,,,,
2024-08-03 21:46:43.249,111,38.8,37.7,46.1,46.4
2024-08-03 22:16:43.474,111,,,,
2024-08-03 22:46:43.581,111,38.8,37.7,46.2,46.5
2024-08-03 23:16:43.571,111,38.7,37.7,46.2,46.5
2024-08-03 23:46:43.391,111,,,,
2024-08-04 00:16:43.199,111,38.7,37.7,46.3,46.5
2024-08-04 00:46:43.448,111,38.7,37.7,46.3,46.5
2024-08-04 01:16:43.435,111,38.6,37.7,46.3,46.5
2024-08-04 02:16:43.051,111,38.6,37.7,46.4,46.5
2024-08-04 02:46:43.386,111,38.6,37.7,46.4,46.5
2024-08-04 03:16:43.016,111,38.6,37.7,46.4,46.5
2024-08-04 03:46:43.260,111,38.5,37.7,46.4,46.5
2024-08-04 04:16:43.237,111,38.5,37.7,46.4,46.5
2024-08-04 04:46:43.006,111,38.5,37.7,46.4,46.5
2024-08-04 05:16:43.170,111,38.5,37.7,46.5,46.5
2024-08-04 05:46:43.119,111,38.5,37.7,46.5,46.5
2024-08-04 06:16:43.089,111,38.4,37.7,46.5,46.5
2024-08-04 06:46:42.897,111,38.4,37.7,46.5,46.5
2024-08-04 07:16:43.030,111,38.4,37.6,46.5,46.5
2024-08-04 07:46:42.973,111,38.3,37.6,46.5,46.5
2024-08-04 09:16:42.879,111,38.3,37.6,46.5,46.5
2024-08-04 09:46:42.705,111,,,,
2024-08-04 10:16:42.826,111,38.2,37.5,46.4,46.5
2024-08-04 10:46:42.792,111,38.0,37.4,46.4,46.5
2024-08-04 11:16:42.755,111,37.9,37.2,46.3,46.5
2024-08-04 11:46:42.543,111,37.7,37.1,46.2,46.5
2024-08-04 12:16:42.701,111,37.5,36.9,46.1,46.5
2024-08-04 12:46:42.678,111,37.1,36.6,46.0,46.4
2024-08-04 13:46:42.425,111,,,,
2024-08-04 14:16:42.575,111,36.0,36.0,45.7,46.4
2024-08-04 14:46:42.253,111,35.7,35.8,45.6,46.4
2024-08-04 15:16:42.520,111,35.2,35.6,45.5,46.3
2024-08-04 15:46:42.485,111,34.9,35.5,45.5,46.3
2024-08-04 16:16:42.168,111,34.6,35.4,45.5,46.3
2024-08-04 16:46:42.279,111,,,,
2024-08-04 17:16:42.110,111,34.1,35.1,45.4,46.3
2024-08-04 17:46:42.401,111,33.9,35.1,45.4,46.3
2024-08-04 18:16:42.320,111,33.8,35.0,45.4,46.3
2024-08-04 18:46:42.330,111,33.7,35.0,45.4,46.3
2024-08-04 19:16:42.293,111,33.6,35.0,45.4,46.3
2024-08-04 19:46:42.271,111,33.6,35.0,45.4,46.3
2024-08-04 20:16:42.086,111,,,,
2024-08-04 20:46:42.225,111,33.6,35.0,45.5,46.3
2024-08-04 21:16:42.169,111,33.6,35.0,45.6,46.3
2024-08-04 21:46:41.835,111,33.6,35.1,45.7,46.3
2024-08-04 22:16:42.099,111,33.6,35.1,45.7,46.3
2024-08-04 22:46:42.055,111,33.6,35.1,45.7,46.3
2024-08-04 23:16:42.027,111,33.6,35.1,45.8,46.3
2024-08-05 00:16:41.933,111,33.5,35.1,45.8,46.3
2024-08-05 00:46:41.845,111,33.5,35.1,45.8,46.3
2024-08-05 01:16:41.710,111,,,,
2024-08-05 01:46:41.822,111,33.5,35.1,45.8,46.4
2024-08-05 02:46:41.760,111,33.4,35.1,45.9,46.4
2024-08-05 03:16:41.610,111,,,,
2024-08-05 03:46:41.724,111,33.4,35.1,45.9,46.4
2024-08-05 04:46:41.616,111,33.4,35.1,45.9,46.4
2024-08-05 05:16:41.598,111,33.4,35.1,45.9,46.4
2024-08-05 05:46:41.563,111,33.4,35.1,46.0,46.4
2024-08-05 06:16:41.535,111,33.4,35.1,46.0,46.4
2024-08-05 07:16:41.446,111,33.3,35.1,46.0,46.4
2024-08-05 07:46:41.425,111,33.3,35.1,46.0,46.4
2024-08-05 08:16:41.395,111,33.3,35.1,46.0,46.4
2024-08-05 08:46:41.394,111,33.3,35.1,46.0,46.4
2024-08-05 09:16:41.144,111,33.3,35.1,46.0,46.4
2024-08-05 09:46:40.974,111,33.3,35.1,46.0,46.4
2024-08-05 10:16:41.201,111,33.3,35.1,46.0,46.4
2024-08-05 11:16:41.138,111,33.3,35.1,46.1,46.4
2024-08-05 11:46:41.137,111,33.3,35.1,46.1,46.4
2024-08-05 12:16:40.677,111,33.3,35.1,46.1,46.4
2024-08-05 12:46:40.568,111,33.2,35.0,46.0,46.4
2024-08-05 13:16:40.978,111,33.2,35.0,46.0,46.4
2024-08-05 13:46:40.827,111,,,,
2024-08-05 14:16:40.967,111,32.6,34.6,45.7,46.4
2024-08-05 14:46:40.212,111,32.3,34.4,45.5,46.3
2024-08-05 15:16:40.901,111,32.0,34.3,45.3,46.3
2024-08-05 15:46:40.867,111,31.7,34.1,45.0,46.3
2024-08-05 17:46:40.420,111,30.8,33.7,44.5,46.2
2024-08-05 18:16:40.687,111,30.7,33.6,44.5,46.2
2024-08-05 18:46:40.698,111,30.6,33.6,44.5,46.2
2024-08-05 19:16:40.646,111,30.6,33.6,44.5,46.2
2024-08-05 19:46:40.631,111,30.5,33.6,44.6,46.2
2024-08-05 20:16:40.290,111,30.6,33.6,44.7,46.2
2024-08-05 20:46:40.265,111,30.6,33.6,44.8,46.2
2024-08-05 21:16:40.524,111,30.6,33.7,44.8,46.2
2024-08-05 21:46:40.491,111,30.5,33.7,44.9,46.2
2024-08-05 22:46:40.396,111,30.5,33.7,45.0,46.2
2024-08-05 23:16:39.964,111,30.5,33.7,45.1,46.2
2024-08-05 23:46:39.909,111,30.5,33.7,45.1,46.2
2024-08-06 00:16:40.012,111,30.4,33.7,45.1,46.2
2024-08-06 00:46:40.276,111,30.4,33.7,45.2,46.3
2024-08-06 01:16:40.247,111,30.4,33.7,45.2,46.3
2024-08-06 01:46:40.204,111,30.4,33.7,45.2,46.3
2024-08-06 02:16:40.164,111,30.3,33.7,45.3,46.3
2024-08-06 02:46:40.147,111,30.3,33.7,45.3,46.3
2024-08-06 03:16:40.104,111,30.3,33.7,45.3,46.3
2024-08-06 03:46:39.979,111,30.3,33.7,45.4,46.3
2024-08-06 04:16:40.028,111,30.2,33.7,45.4,46.3
2024-08-06 04:46:39.999,111,30.2,33.7,45.4,46.3
2024-08-06 05:16:39.786,111,,,,
2024-08-06 05:46:39.936,111,30.2,33.7,45.4,46.3
2024-08-06 06:46:39.519,111,30.1,33.7,45.5,46.3
2024-08-06 07:16:39.813,111,30.1,33.7,45.5,46.3
2024-08-06 07:46:39.760,111,30.1,33.7,45.5,46.3
2024-08-06 08:16:39.743,111,30.1,33.7,45.5,46.3
2024-08-06 08:46:39.406,111,30.0,33.6,45.5,46.3
2024-08-06 09:16:39.673,111,30.0,33.6,45.5,46.3
2024-08-06 09:46:39.617,111,30.0,33.6,45.4,46.3
2024-08-06 10:16:39.201,111,29.9,33.5,45.3,46.3
2024-08-06 10:46:39.152,111,29.7,33.4,45.1,46.3
2024-08-06 11:16:39.536,111,29.5,33.3,44.8,46.2
2024-08-06 11:46:39.212,111,29.3,33.2,44.5,46.2
2024-08-06 12:16:39.484,111,29.1,33.1,44.2,46.1
2024-08-06 12:46:39.456,111,29.0,33.0,43.9,46.1
2024-08-06 13:16:39.391,111,28.7,32.8,43.6,46.0
2024-08-06 13:46:39.391,111,28.4,32.6,43.2,46.0
2024-08-06 14:46:39.312,111,28.0,32.4,42.8,45.9
2024-08-06 15:16:39.197,111,27.9,32.3,42.7,45.9
2024-08-06 15:46:38.966,111,27.7,32.2,42.6,45.9
2024-08-06 16:16:38.806,111,27.5,32.2,42.4,45.8
2024-08-06 16:46:38.886,111,27.4,32.1,42.3,45.8
2024-08-06 17:16:38.873,111,27.3,32.1,42.4,45.8
2024-08-06 18:16:39.090,111,27.2,32.0,42.4,45.8
2024-08-06 18:46:38.891,111,,,,
2024-08-06 19:16:38.975,111,,,,
2024-08-06 19:46:38.996,111,27.1,32.1,42.6,45.8
2024-08-06 20:16:38.941,111,27.1,32.1,42.7,45.8
2024-08-06 20:46:38.914,111,27.1,32.1,42.8,45.9
2024-08-06 21:16:38.879,111,27.0,32.1,42.9,45.9
2024-08-06 21:46:38.553,111,,,,
2024-08-06 22:16:38.393,111,,,,
2024-08-06 22:46:37.925,111,,,,
2024-08-06 23:16:38.498,111,,,,
2024-08-06 23:46:38.484,111,,,,
2024-08-07 00:16:38.361,111,,,,
2024-08-07 00:46:38.445,111,,,,
2024-08-07 01:16:38.386,111,,,,
2024-08-07 01:46:38.333,111,,,,
2024-08-07 02:16:38.293,111,,,,
2024-08-07 02:46:38.264,111,,,,
2024-08-07 03:16:38.127,111,,,,
2024-08-07 03:46:38.194,111,,,,
2024-08-07 04:16:38.204,111,,,,
2024-08-07 04:46:38.157,111,,,,
2024-08-07 05:46:38.083,111,,,,
2024-08-07 06:16:38.046,111,,,,
2024-08-07 06:46:37.999,111,,,,
2024-08-07 07:16:37.992,111,,,,
2024-08-07 07:46:37.962,111,,,,
2024-08-07 08:16:37.924,111,,,,
2024-08-07 08:46:37.894,111,,,,
2024-08-07 09:16:37.853,111,,,,
2024-08-07 09:46:37.813,111,,,,
2024-08-07 10:16:37.801,111,,,,
2024-08-07 10:46:37.756,111,,,,
2024-08-07 11:16:37.947,111,26.3,31.6,43.3,46.0
2024-08-07 11:46:37.505,111,26.3,31.5,43.2,45.9
2024-08-07 12:16:37.875,111,26.2,31.5,43.0,45.9
2024-08-07 12:46:37.400,111,26.0,31.4,42.6,45.8
2024-08-07 13:16:37.546,111,,,,
2024-08-07 13:46:37.529,111,,,,
2024-08-07 14:46:37.383,111,25.4,31.0,41.5,45.7
2024-08-07 15:16:37.658,111,25.3,30.9,41.3,45.7
2024-08-07 15:46:37.328,111,25.1,30.8,41.0,45.6
2024-08-07 16:16:37.508,111,25.0,30.8,40.9,45.6
2024-08-07 17:46:37.158,111,25.0,30.7,40.8,45.6
2024-08-07 18:16:37.459,111,25.0,30.7,40.8,45.6
2024-08-07 18:46:36.939,111,,,,
2024-08-07 19:16:36.897,111,24.9,30.6,40.8,45.5
2024-08-07 19:46:37.373,111,24.9,30.6,40.9,45.6
2024-08-07 20:16:36.991,111,24.9,30.6,41.0,45.6
2024-08-07 20:46:37.021,111,,,,
2024-08-07 21:16:36.991,111,,,,
2024-08-07 22:16:36.943,111,,,,
2024-08-07 22:46:36.897,111,,,,
2024-08-07 23:16:36.872,111,,,,
2024-08-07 23:46:36.843,111,,,,
2024-08-08 00:16:36.813,111,,,,
2024-08-08 00:46:36.779,111,,,,
2024-08-08 01:16:36.758,111,,,,
2024-08-08 02:46:36.679,111,,,,
2024-08-08 03:16:36.658,111,,,,
2024-08-08 03:46:36.636,111,,,,
2024-08-08 04:16:36.612,111,,,,
2024-08-08 04:46:36.585,111,,,,
2024-08-08 05:46:36.527,111,,,,
2024-08-08 06:46:36.393,111,,,,
2024-08-08 07:16:36.437,111,,,,
2024-08-08 07:46:36.393,111,,,,
2024-08-08 08:16:36.099,111,,,,
2024-08-08 08:46:36.402,111,,,,
2024-08-08 09:16:36.321,111,,,,
2024-08-08 09:46:36.493,111,24.4,30.4,42.1,45.8
2024-08-08 10:16:36.165,111,24.4,30.3,41.9,45.7
2024-08-08 10:46:36.127,111,24.4,30.3,41.6,45.6
2024-08-08 11:16:35.994,111,24.3,30.2,41.2,45.6
2024-08-08 12:16:36.335,111,24.0,30.0,40.1,45.3
2024-08-08 12:46:35.997,111,23.8,29.9,39.6,45.3
2024-08-08 13:16:36.046,111,23.7,29.8,39.2,45.2
2024-08-08 13:46:36.239,111,23.6,29.8,38.8,45.1
2024-08-08 14:16:36.212,111,23.5,29.7,38.4,45.0
2024-08-08 14:46:35.745,111,23.4,29.6,38.1,44.9
2024-08-08 15:16:36.146,111,23.3,29.6,38.0,44.9
2024-08-08 15:46:35.634,111,23.2,29.5,37.7,44.8
2024-08-08 17:16:35.415,111,,,,
2024-08-08 17:46:35.966,111,23.0,29.4,37.1,44.6
2024-08-08 18:16:35.929,111,22.9,29.4,37.0,44.5
2024-08-08 18:46:35.925,111,22.9,29.4,36.9,44.5
2024-08-08 19:16:35.628,111,,,,
2024-08-08 19:46:35.668,111,,,,
2024-08-08 20:16:35.435,111,,,,
2024-08-08 20:46:35.524,111,,,,
2024-08-08 21:16:35.494,111,,,,
2024-08-08 21:46:35.462,111,,,,
2024-08-08 22:16:35.346,111,,,,
2024-08-08 22:46:35.416,111,,,,
2024-08-08 23:16:35.372,111,,,,
2024-08-08 23:46:35.321,111,,,,
2024-08-09 00:16:35.301,111,,,,
2024-08-09 00:46:35.255,111,,,,
2024-08-09 01:16:35.215,111,,,,
2024-08-09 01:46:35.194,111,,,,
2024-08-09 02:16:35.157,111,,,,
2024-08-09 02:46:35.120,111,,,,
2024-08-09 03:16:35.101,111,,,,
2024-08-09 03:46:34.950,111,,,,
2024-08-09 04:46:34.979,111,,,,
2024-08-09 05:16:34.975,111,,,,
2024-08-09 05:46:34.944,111,,,,
2024-08-09 06:16:34.894,111,,,,
2024-08-09 06:46:34.859,111,,,,
2024-08-09 07:16:34.843,111,,,,
2024-08-09 07:46:34.629,111,,,,
2024-08-09 08:16:34.658,111,,,,
2024-08-09 10:46:34.514,111,22.5,29.2,37.5,44.6
2024-08-09 11:16:34.392,111,,,,
2024-08-09 11:46:34.750,111,22.3,29.1,36.5,44.3
2024-08-09 12:16:34.473,111,,,,
2024-08-09 12:46:34.689,111,22.1,29.0,35.3,43.9
2024-08-09 13:16:34.358,111,21.9,28.9,34.7,43.7
2024-08-09 13:46:34.510,111,21.8,28.8,34.2,43.5
2024-08-09 14:16:34.387,111,21.7,28.7,33.8,43.4
2024-08-09 14:46:34.522,111,21.6,28.7,33.4,43.2
2024-08-09 15:16:34.323,111,,,,
2024-08-09 15:46:34.454,111,21.4,28.5,32.8,42.8
2024-08-09 16:16:33.955,111,,,,
2024-08-09 16:46:34.385,111,21.2,28.4,32.3,42.6
2024-08-09 17:16:34.173,111,,,,
2024-08-09 17:46:34.079,111,,,,
2024-08-09 18:16:33.956,111,21.1,28.3,32.0,42.5
2024-08-09 19:16:33.873,111,,,,
2024-08-09 19:46:33.923,111,,,,
2024-08-09 20:16:33.685,111,,,,
2024-08-09 20:46:33.383,111,,,,
2024-08-09 21:16:33.830,111,,,,
2024-08-09 21:46:33.822,111,,,,
2024-08-09 22:16:33.761,111,,,,
2024-08-09 22:46:33.330,111,,,,
2024-08-09 23:16:33.716,111,,,,
2024-08-09 23:46:33.680,111,,,,
2024-08-10 00:16:33.662,111,,,,
2024-08-10 00:46:33.642,111,,,,
2024-08-10 01:16:33.622,111,,,,
2024-08-10 01:46:33.598,111,,,,
2024-08-10 02:46:33.565,111,,,,
2024-08-10 03:16:33.543,111,,,,
2024-08-10 03:46:33.510,111,,,,
2024-08-10 04:16:33.505,111,,,,
2024-08-10 04:46:33.473,111,,,,
2024-08-10 05:16:33.471,111,,,,
2024-08-10 05:46:33.427,111,,,,
2024-08-10 06:46:33.395,111,,,,
2024-08-10 07:16:33.393,111,,,,
2024-08-10 07:46:33.367,111,,,,
2024-08-10 08:16:33.337,111,,,,
2024-08-10 08:46:33.201,111,,,,
2024-08-10 09:16:33.271,111,,,,
2024-08-10 09:46:33.434,111,20.8,28.1,34.3,43.5
2024-08-10 10:16:33.178,111,,,,
2024-08-10 10:46:33.083,111,20.7,28.0,33.5,43.2
2024-08-10 11:16:33.365,111,20.7,27.9,33.0,43.0
2024-08-10 11:46:32.723,111,,,,
2024-08-10 12:16:33.099,111,,,,
2024-08-10 12:46:32.969,111,,,,
2024-08-10 13:16:32.986,111,,,,
2024-08-10 13:46:32.974,111,,,,
2024-08-10 14:16:32.888,111,,,,
2024-08-10 14:46:32.842,111,,,,
2024-08-10 15:16:32.799,111,,,,
2024-08-10 15:46:32.836,111,,,,
2024-08-10 16:16:32.972,111,20.0,27.4,29.3,40.8
2024-08-10 16:46:32.625,111,20.0,27.4,29.2,40.8
2024-08-10 17:16:32.644,111,20.0,27.4,29.1,40.7
2024-08-10 17:46:32.611,111,,,,
2024-08-10 18:16:32.816,111,20.0,27.4,29.1,40.7
2024-08-10 18:46:32.676,111,,,,
2024-08-10 19:16:32.501,111,,,,
2024-08-10 19:46:32.297,111,,,,
2024-08-10 20:16:32.452,111,,,,
2024-08-10 20:46:32.398,111,,,,
2024-08-10 21:16:32.377,111,,,,
2024-08-10 21:46:32.394,111,,,,
2024-08-10 22:46:32.288,111,,,,
2024-08-10 23:16:32.265,111,,,,
2024-08-10 23:46:32.239,111,,,,
2024-08-11 00:16:32.228,111,,,,
2024-08-11 00:46:32.194,111,,,,
2024-08-11 01:16:32.176,111,,,,
2024-08-11 01:46:32.161,111,,,,
2024-08-11 02:16:32.138,111,,,,
2024-08-11 02:46:32.104,111,,,,
2024-08-11 03:16:32.096,111,,,,
2024-08-11 03:46:32.068,111,,,,
2024-08-11 04:16:32.056,111,,,,
2024-08-11 05:16:32.021,111,,,,
2024-08-11 05:46:32.004,111,,,,
2024-08-11 06:16:31.979,111,,,,
2024-08-11 06:46:31.990,111,,,,
2024-08-11 07:16:31.927,111,,,,
2024-08-11 07:46:31.482,111,,,,
2024-08-11 08:16:31.872,111,,,,
2024-08-11 08:46:31.842,111,,,,
2024-08-11 09:16:31.828,111,,,,
2024-08-11 09:46:31.370,111,,,,
2024-08-11 10:16:31.756,111,,,,
2024-08-11 10:46:31.696,111,,,,
2024-08-11 11:16:31.571,111,,,,
2024-08-11 11:46:31.614,111,,,,
2024-08-11 12:16:31.675,111,,,,
2024-08-11 12:46:31.555,111,,,,
2024-08-11 13:16:31.374,111,,,,
2024-08-11 13:46:31.476,111,,,,
2024-08-11 14:16:31.427,111,,,,
2024-08-11 14:46:31.315,111,,,,
2024-08-11 15:46:31.234,111,,,,
2024-08-11 16:16:31.096,111,,,,
2024-08-11 16:46:31.479,111,19.0,26.6,26.7,38.6
2024-08-11 17:16:31.224,111,,,,
2024-08-11 17:46:31.278,111,,,,
2024-08-11 18:46:31.258,111,,,,
2024-08-11 19:16:31.099,111,,,,
2024-08-11 19:46:31.059,111,,,,
2024-08-11 20:16:30.925,111,,,,
2024-08-11 20:46:30.979,111,,,,
2024-08-11 21:16:30.771,111,,,,
2024-08-11 21:46:30.937,111,,,,
2024-08-11 22:16:30.891,111,,,,
2024-08-11 22:46:30.869,111,,,,
2024-08-11 23:16:30.852,111,,,,
2024-08-11 23:46:30.828,111,,,,
2024-08-12 00:16:30.793,111,,,,
2024-08-12 00:46:30.781,111,,,,
2024-08-12 01:16:30.767,111,,,,
2024-08-12 02:46:30.583,111,,,,
2024-08-12 03:16:30.674,111,,,,
2024-08-12 03:46:30.657,111,,,,
2024-08-12 04:16:30.638,111,,,,
2024-08-12 04:46:30.613,111,,,,
2024-08-12 05:16:30.586,111,,,,
2024-08-12 05:46:30.571,111,,,,
2024-08-12 06:16:30.544,111,,,,
2024-08-12 06:46:30.533,111,,,,
2024-08-12 07:16:30.533,111,,,,
2024-08-12 07:46:30.377,111,,,,
2024-08-12 08:16:30.466,111,,,,
2024-08-12 08:46:30.424,111,,,,
2024-08-12 09:16:30.392,111,,,,
2024-08-12 09:46:30.550,111,,,,
2024-08-12 10:46:30.517,111,18.6,26.4,27.4,39.4
2024-08-12 11:16:30.489,111,18.5,26.3,27.0,39.1
2024-08-12 11:46:30.115,111,,,,
2024-08-12 12:16:30.073,111,,,,
2024-08-12 12:46:30.084,111,18.4,26.2,26.2,38.2
2024-08-12 13:16:30.385,111,18.4,26.2,25.9,37.9
2024-08-12 13:46:29.757,111,,,,
2024-08-12 15:16:29.956,111,,,,
2024-08-12 15:46:29.954,111,,,,
2024-08-12 16:46:30.115,111,18.3,26.1,25.2,37.2
2024-08-12 17:16:29.827,111,,,,
2024-08-12 17:46:29.720,111,,,,
2024-08-12 18:16:29.790,111,,,,
2024-08-12 18:46:29.782,111,,,,
2024-08-12 19:16:29.717,111,,,,
2024-08-12 19:46:29.661,111,,,,
2024-08-12 20:16:29.555,111,,,,
2024-08-12 20:46:29.611,111,,,,
2024-08-12 21:16:29.579,111,,,,
2024-08-12 21:46:29.552,111,,,,
2024-08-12 22:16:29.505,111,,,,
2024-08-12 22:46:29.489,111,,,,
2024-08-12 23:16:29.463,111,,,,
2024-08-12 23:46:29.442,111,,,,
2024-08-13 00:16:29.426,111,,,,
2024-08-13 00:46:29.402,111,,,,
2024-08-13 01:16:29.234,111,,,,
2024-08-13 01:46:29.329,111,,,,
2024-08-13 02:16:29.318,111,,,,
2024-08-13 02:46:29.093,111,,,,
2024-08-13 03:16:29.276,111,,,,
2024-08-13 03:46:29.229,111,,,,
2024-08-13 04:16:29.222,111,,,,
2024-08-13 04:46:29.094,111,,,,
2024-08-13 05:16:29.177,111,,,,
2024-08-13 05:46:29.151,111,,,,
2024-08-13 06:16:29.137,111,,,,
2024-08-13 06:46:29.110,111,,,,
2024-08-13 07:16:29.100,111,,,,
2024-08-13 07:46:28.588,111,,,,
2024-08-13 08:16:29.014,111,,,,
2024-08-13 08:46:29.004,111,,,,
2024-08-13 09:38:22.788,111,18.1,26.0,26.2,38.5
2024-08-13 09:38:32.813,111,18.1,26.0,26.2,38.5
2024-08-13 10:38:42.976,111,18.1,26.0,25.9,38.0
2024-08-13 11:08:43.021,111,18.0,26.0,25.7,37.7
2024-08-13 11:38:43.262,111,18.0,25.9,25.4,37.5
2024-08-13 12:08:42.653,111,,,,
2024-08-13 12:38:43.229,111,17.9,25.9,25.0,36.9
2024-08-13 13:08:43.170,111,17.8,25.8,24.8,36.7
2024-08-13 13:38:43.165,111,17.8,25.8,24.6,36.5
2024-08-13 14:08:42.819,111,17.8,25.8,24.5,36.3
2024-08-13 14:38:42.673,111,17.7,25.7,24.3,36.1
2024-08-13 15:08:42.738,111,17.7,25.7,24.2,35.9
2024-08-13 15:38:43.003,111,17.7,25.7,24.0,35.8
2024-08-13 16:08:42.596,111,17.7,25.6,23.9,35.7
2024-08-13 16:38:42.988,111,17.7,25.6,23.8,35.6
2024-08-13 17:08:42.944,111,17.7,25.6,23.8,35.5
2024-08-13 17:38:42.893,111,17.7,25.6,23.7,35.5
2024-08-13 18:08:42.892,111,17.7,25.6,23.7,35.5
2024-08-13 18:38:42.799,111,,,,
2024-08-13 19:08:42.908,111,17.8,25.7,23.7,35.5
2024-08-13 19:38:42.135,111,17.7,25.7,23.7,35.6
2024-08-13 20:08:42.738,111,17.7,25.7,23.8,35.7
2024-08-13 20:38:41.825,111,,,,
2024-08-13 21:08:42.463,111,,,,
2024-08-13 21:38:41.701,111,,,,
2024-08-13 22:08:42.387,111,,,,
2024-08-13 22:38:42.406,111,,,,
2024-08-13 23:08:42.376,111,,,,
2024-08-13 23:38:42.343,111,,,,
2024-08-14 00:08:42.032,111,,,,
2024-08-14 01:08:42.442,111,17.7,25.8,24.2,36.5
2024-08-14 01:38:42.447,111,17.7,25.8,24.2,36.5
2024-08-14 02:08:42.192,111,17.6,25.8,24.2,36.6
2024-08-14 02:38:42.411,111,17.6,25.8,24.3,36.6
2024-08-14 03:08:42.394,111,17.6,25.7,24.3,36.6
2024-08-14 03:38:42.394,111,17.6,25.7,24.3,36.7
2024-08-14 04:08:42.377,111,17.6,25.7,24.3,36.7
2024-08-14 04:38:42.325,111,17.6,25.7,24.4,36.7
2024-08-14 05:08:42.251,111,17.6,25.7,24.4,36.8
2024-08-14 05:38:42.286,111,17.5,25.7,24.4,36.8
2024-08-14 06:08:42.273,111,17.6,25.7,24.4,36.8
2024-08-14 07:08:42.199,111,17.5,25.6,24.5,36.8
2024-08-14 07:38:41.972,111,,,,
2024-08-14 08:08:41.872,111,,,,
2024-08-14 08:38:42.080,111,17.4,25.6,24.5,36.9
2024-08-14 09:08:42.029,111,17.4,25.6,24.6,36.9
2024-08-14 09:38:41.891,111,,,,
2024-08-14 10:08:41.729,111,17.4,25.5,24.5,36.7
2024-08-14 10:38:41.998,111,17.4,25.5,24.3,36.5
2024-08-14 11:08:41.927,111,17.4,25.5,24.1,36.2
2024-08-14 11:38:41.252,111,17.3,25.5,23.9,35.9
2024-08-14 12:08:41.922,111,17.3,25.4,23.7,35.7
2024-08-14 12:38:41.887,111,17.3,25.4,23.6,35.4
2024-08-14 13:08:41.794,111,17.2,25.4,23.4,35.2
2024-08-14 13:38:41.725,111,17.2,25.4,23.3,35.1
2024-08-14 14:08:41.458,111,17.2,25.3,23.2,35.0
2024-08-14 14:38:41.048,111,17.2,25.3,23.0,34.8
2024-08-14 15:08:41.722,111,17.2,25.3,22.9,34.7
2024-08-14 15:38:41.344,111,17.2,25.3,22.9,34.7
2024-08-14 16:08:41.645,111,17.2,25.3,22.8,34.7
2024-08-14 16:38:41.274,111,17.2,25.3,22.7,34.6
2024-08-14 17:08:41.296,111,17.2,25.3,22.7,34.5
2024-08-14 17:38:41.233,111,17.2,25.3,22.6,34.5
2024-08-14 18:38:41.192,111,17.2,25.3,22.6,34.5
2024-08-14 19:08:41.033,111,17.3,25.3,22.6,34.5
2024-08-14 19:38:41.460,111,17.2,25.3,22.6,34.6
2024-08-14 20:08:41.429,111,17.3,25.4,22.7,34.7
2024-08-14 20:38:41.138,111,,,,
2024-08-14 21:08:41.060,111,,,,
2024-08-14 22:08:41.046,111,,,,
2024-08-14 22:38:41.010,111,,,,
2024-08-14 23:08:41.206,111,17.3,25.5,22.9,35.1
2024-08-14 23:38:40.885,111,17.2,25.4,22.9,35.2
2024-08-15 00:08:41.174,111,17.2,25.4,22.9,35.2
2024-08-15 00:38:41.172,111,17.2,25.5,22.9,35.3
2024-08-15 01:08:40.780,111,17.3,25.4,23.0,35.3
2024-08-15 01:38:41.076,111,17.2,25.4,23.0,35.4
2024-08-15 02:08:40.988,111,17.2,25.4,23.0,35.4
2024-08-15 02:38:40.835,111,,,,
2024-08-15 03:08:40.957,111,17.2,25.4,23.1,35.5
2024-08-15 03:38:40.921,111,17.2,25.4,23.1,35.5
2024-08-15 04:08:40.730,111,,,,
2024-08-15 04:38:40.633,111,,,,
2024-08-15 05:08:40.585,111,,,,
2024-08-15 05:38:40.539,111,,,,
2024-08-15 06:08:40.501,111,,,,
2024-08-15 07:08:40.675,111,17.2,25.5,23.2,35.5
2024-08-15 07:38:40.234,111,17.3,25.5,23.2,35.5
2024-08-15 08:38:40.370,111,,,,
2024-08-15 09:08:40.301,111,,,,
2024-08-15 09:38:40.226,111,,,,
2024-08-15 10:08:40.106,111,,,,
2024-08-15 10:38:40.222,111,,,,
2024-08-15 11:08:40.144,111,,,,
2024-08-15 11:38:40.000,111,,,,
2024-08-15 12:08:40.096,111,,,,
2024-08-15 12:38:40.069,111,,,,
2024-08-15 13:08:40.024,111,,,,
2024-08-15 14:08:39.870,111,17.3,25.4,23.1,35.2
2024-08-15 14:38:39.852,111,17.2,25.4,23.0,35.0
2024-08-15 15:08:40.117,111,17.4,25.4,23.0,35.1
2024-08-15 15:38:39.602,111,,,,
2024-08-15 16:08:39.765,111,17.8,25.5,23.1,35.2
2024-08-15 16:38:39.714,111,31.2,32.8,27.2,43.2
2024-08-15 17:08:39.562,111,32.4,34.0,30.1,45.3
2024-08-15 17:38:39.632,111,32.0,33.2,30.4,44.1
2024-08-15 18:08:39.633,111,31.3,33.0,30.5,43.4
2024-08-15 18:38:39.655,111,,,,
2024-08-15 19:08:40.346,111,30.4,32.4,30.5,42.3
2024-08-15 19:38:39.027,111,30.1,32.2,30.5,42.1
2024-08-15 20:08:39.771,111,29.9,32.1,30.6,41.9
2024-08-15 21:08:39.666,111,29.5,31.8,30.7,41.7
2024-08-15 21:38:38.995,111,29.4,31.7,30.8,41.6
2024-08-15 22:08:39.612,111,29.2,31.6,30.8,41.6
2024-08-15 22:38:39.570,111,29.1,31.5,30.9,41.6
2024-08-15 23:08:39.549,111,29.1,31.4,31.0,41.6
2024-08-15 23:38:39.511,111,29.0,31.4,31.1,41.6
2024-08-16 00:08:39.491,111,28.9,31.3,31.1,41.6
2024-08-16 00:38:39.055,111,28.8,31.2,31.2,41.6
2024-08-16 01:08:39.434,111,28.8,31.1,31.3,41.6
2024-08-16 01:38:39.394,111,28.7,31.0,31.4,41.5
2024-08-16 02:08:39.379,111,28.6,30.9,31.4,41.5
2024-08-16 03:08:39.262,111,28.5,30.7,31.6,41.5
2024-08-16 03:38:39.242,111,28.4,30.6,31.7,41.5
2024-08-16 04:08:39.239,111,28.3,30.5,31.7,41.5
2024-08-16 04:38:39.110,111,,,,
2024-08-16 05:08:39.096,111,38.9,43.0,47.3,48.2
2024-08-16 05:38:38.421,111,39.9,43.4,47.3,48.1
2024-08-16 06:08:38.798,111,40.8,43.9,47.5,48.1
2024-08-16 06:38:39.060,111,40.7,42.1,47.6,48.0
2024-08-16 07:08:39.024,111,40.7,41.6,47.6,47.9
2024-08-16 07:38:38.991,111,40.8,41.4,47.6,47.9
2024-08-16 08:08:38.552,111,40.9,41.4,47.6,47.9
2024-08-16 09:08:38.161,111,,,,
2024-08-16 09:38:38.834,111,41.2,41.2,47.6,47.7
2024-08-16 10:08:38.511,111,,,,
2024-08-16 10:38:37.961,111,41.2,41.0,47.5,47.4
2024-08-16 11:08:38.052,111,41.2,40.9,47.5,47.2
2024-08-16 11:38:38.291,111,41.1,40.7,47.3,47.0
2024-08-16 12:08:38.680,111,41.1,40.5,47.0,46.9
2024-08-16 13:08:38.596,111,40.8,40.0,46.2,46.4
2024-08-16 13:38:38.289,111,40.7,39.7,46.0,46.2
2024-08-16 14:08:38.449,111,,,,
2024-08-16 14:38:37.857,111,40.4,39.2,45.6,45.9
2024-08-16 15:08:38.491,111,40.2,39.0,45.4,45.8
2024-08-16 15:38:38.225,111,,,,
2024-08-16 16:08:38.420,111,39.9,38.4,45.1,45.6
2024-08-16 17:08:38.051,111,39.6,37.9,44.9,45.4
2024-08-16 17:38:38.278,111,39.4,37.7,44.8,45.4
2024-08-16 18:08:38.013,111,39.3,37.6,44.8,45.4
2024-08-16 18:38:38.261,111,39.2,37.5,44.8,45.4
2024-08-16 19:08:38.595,111,39.2,37.5,44.9,45.4
2024-08-16 19:38:38.136,111,,,,
2024-08-16 20:08:37.853,111,39.1,37.4,45.0,45.5
2024-08-16 20:38:38.100,111,39.1,37.4,45.1,45.6
2024-08-16 21:08:38.109,111,39.0,37.3,45.1,45.7
2024-08-16 21:38:38.036,111,39.0,37.3,45.2,45.8
2024-08-16 22:08:38.033,111,39.0,37.3,45.2,45.8
2024-08-16 22:38:37.998,111,39.0,37.3,45.3,45.8
2024-08-16 23:08:37.267,111,39.0,37.2,45.3,45.9
2024-08-16 23:38:37.922,111,38.9,37.2,45.4,45.9
2024-08-17 00:08:37.612,111,43.3,39.2,45.5,46.0
2024-08-17 00:38:37.220,111,44.8,48.1,47.4,46.8
2024-08-17 01:38:37.780,111,44.4,46.1,48.0,47.4
2024-08-17 02:08:37.772,111,44.3,45.6,48.1,47.5
2024-08-17 02:38:37.732,111,44.3,44.7,48.2,47.6
2024-08-17 03:08:37.712,111,44.3,44.4,48.2,47.7
2024-08-17 03:38:37.676,111,44.2,44.2,48.2,47.8
2024-08-17 04:08:37.230,111,44.2,44.1,48.3,47.9
2024-08-17 04:38:37.624,111,44.2,43.9,48.3,47.9
2024-08-17 05:08:37.595,111,44.2,43.8,48.3,48.0
2024-08-17 05:38:37.553,111,44.1,43.6,48.3,48.0
2024-08-17 06:38:37.180,111,44.1,43.5,48.3,48.0
2024-08-17 07:08:37.057,111,44.1,43.4,48.3,48.0
2024-08-17 07:38:37.066,111,,,,
2024-08-17 08:08:37.388,111,44.1,43.1,48.3,48.0
2024-08-17 08:38:37.376,111,44.1,43.0,48.3,48.0
2024-08-17 09:08:36.700,111,44.1,42.9,48.3,48.0
2024-08-17 09:38:36.469,111,44.1,42.9,48.2,48.0
2024-08-17 10:08:37.260,111,44.0,42.7,48.2,48.0
2024-08-17 10:38:37.237,111,44.0,42.5,48.0,47.9
2024-08-17 11:38:36.850,111,43.8,42.0,47.6,47.7
2024-08-17 12:08:36.807,111,43.7,41.8,47.2,47.5
2024-08-17 13:38:36.962,111,,,,
2024-08-17 14:08:36.986,111,43.3,41.0,46.2,46.8
2024-08-17 14:38:36.958,111,43.1,40.7,46.0,46.7
2024-08-17 15:08:36.312,111,42.9,40.5,45.9,46.6
2024-08-17 15:38:36.904,111,42.8,40.3,45.8,46.6
2024-08-17 16:08:36.826,111,42.7,40.1,45.8,46.6
2024-08-17 16:38:36.062,111,,,,
2024-08-17 17:08:36.420,111,42.4,39.8,45.8,46.5
2024-08-17 17:38:36.689,111,,,,
2024-08-17 18:38:36.700,111,42.7,39.7,45.9,46.6
2024-08-17 19:08:36.406,111,,,,
2024-08-17 19:38:36.380,111,,,,
2024-08-17 20:08:35.933,111,44.6,42.2,46.2,46.9
2024-08-17 20:38:35.922,111,44.6,42.2,46.2,47.0
2024-08-17 21:08:35.887,111,44.6,42.2,46.3,47.0
2024-08-17 21:38:36.527,111,44.5,42.1,46.3,47.1
2024-08-17 22:08:36.181,111,44.5,42.1,46.4,47.1
2024-08-17 22:38:36.411,111,44.5,42.1,46.4,47.2
2024-08-17 23:08:36.415,111,44.5,42.0,46.5,47.2
2024-08-17 23:38:36.339,111,44.9,42.3,46.5,47.2
2024-08-18 00:08:36.406,111,44.9,42.6,46.6,47.3
2024-08-18 00:38:36.293,111,44.8,42.9,46.6,47.3
2024-08-18 01:08:35.993,111,44.8,42.9,46.7,47.3
2024-08-18 01:38:36.269,111,44.8,42.8,46.7,47.4
2024-08-18 02:08:35.435,111,,,,
2024-08-18 02:38:36.166,111,44.7,42.7,46.8,47.4
2024-08-18 03:08:35.882,111,44.7,42.6,46.8,47.4
2024-08-18 04:08:36.112,111,44.6,42.4,46.8,47.5
2024-08-18 04:38:36.085,111,44.6,42.3,46.8,47.5
2024-08-18 05:08:36.053,111,44.6,42.2,46.9,47.5
2024-08-18 05:38:36.040,111,44.6,42.1,46.9,47.5
2024-08-18 06:08:36.011,111,44.6,42.1,46.9,47.6
2024-08-18 06:38:35.968,111,44.6,42.0,46.9,47.6
2024-08-18 07:08:35.960,111,44.6,41.9,46.9,47.6
2024-08-18 07:38:35.164,111,,,,
2024-08-18 08:08:35.847,111,44.5,41.8,46.9,47.6
2024-08-18 08:38:35.446,111,44.5,41.8,46.9,47.6
2024-08-18 09:08:35.539,111,44.5,41.8,46.9,47.6
2024-08-18 09:38:35.763,111,44.5,41.7,46.9,47.6
2024-08-18 10:08:35.720,111,,,,
2024-08-18 10:38:35.422,111,44.4,41.6,46.8,47.6
2024-08-18 11:08:35.687,111,44.4,41.6,46.8,47.5
2024-08-18 11:38:35.604,111,44.3,41.4,46.7,47.5
2024-08-18 12:08:35.384,111,,,,
2024-08-18 12:38:34.630,111,,,,
2024-08-18 13:38:35.484,111,43.9,40.8,46.2,47.0
2024-08-18 14:08:35.481,111,43.8,40.6,46.1,46.9
2024-08-18 14:38:35.120,111,43.7,40.4,46.0,46.8
2024-08-18 15:08:35.132,111,43.5,40.2,45.9,46.8
2024-08-18 15:38:35.084,111,,,,
2024-08-18 16:38:35.230,111,,,,
2024-08-18 17:08:35.050,111,,,,
2024-08-18 17:38:34.255,111,,,,
2024-08-18 18:08:34.979,111,,,,
2024-08-18 18:38:34.189,111,,,,
2024-08-18 19:38:34.870,111,,,,
2024-08-18 20:38:34.761,111,,,,
2024-08-18 21:38:34.744,111,,,,
2024-08-18 22:08:34.698,111,,,,
2024-08-18 22:38:34.025,111,,,,
2024-08-18 23:08:34.660,111,,,,
2024-08-18 23:38:34.625,111,,,,
2024-08-19 00:08:34.602,111,,,,
2024-08-19 00:38:34.570,111,,,,
2024-08-19 01:08:34.541,111,,,,
2024-08-19 02:08:34.483,111,,,,
2024-08-19 03:08:34.308,111,,,,
2024-08-19 03:38:34.415,111,,,,
2024-08-19 04:08:34.316,111,,,,
2024-08-19 04:38:34.214,111,,,,
2024-08-19 05:08:34.376,111,,,,
2024-08-19 05:38:33.891,111,,,,
2024-08-19 06:38:34.469,111,42.8,39.8,46.7,47.6
2024-08-19 07:08:34.467,111,42.8,39.8,46.7,47.6
2024-08-19 07:38:34.196,111,,,,
2024-08-19 08:08:34.187,111,,,,
2024-08-19 08:38:34.319,111,,,,
2024-08-19 09:08:34.064,111,,,,
2024-08-19 10:08:33.595,111,,,,
2024-08-19 10:38:34.270,111,42.7,39.7,46.7,47.6
2024-08-19 11:08:33.573,111,42.7,39.6,46.6,47.5
2024-08-19 11:38:33.940,111,,,,
2024-08-19 12:08:33.260,111,,,,
2024-08-19 12:38:33.752,111,42.4,39.2,46.2,47.1
2024-08-19 13:38:34.004,111,,,,
2024-08-19 14:08:34.025,111,41.9,38.5,45.8,46.8
2024-08-19 14:38:33.729,111,,,,
2024-08-19 15:08:32.964,111,41.6,38.1,45.7,46.6
2024-08-19 15:38:33.596,111,41.5,37.8,45.6,46.5
2024-08-19 16:08:33.891,111,41.3,37.6,45.6,46.5
2024-08-19 16:38:32.876,111,41.1,37.5,45.5,46.4
2024-08-19 17:08:33.375,111,41.0,37.3,45.4,46.3
2024-08-19 17:38:33.480,111,40.8,37.1,45.4,46.3
2024-08-19 18:08:33.443,111,40.7,36.9,45.4,46.3
2024-08-19 18:38:33.591,111,,,,
2024-08-19 19:08:33.278,111,,,,
2024-08-19 19:38:33.386,111,,,,
2024-08-19 20:08:33.369,111,,,,
2024-08-19 21:08:33.259,111,,,,
2024-08-19 21:38:33.283,111,,,,
2024-08-19 22:08:33.140,111,,,,
2024-08-19 22:38:33.214,111,,,,
2024-08-20 00:08:33.189,111,,,,
2024-08-20 00:38:33.154,111,,,,
2024-08-20 01:08:33.123,111,,,,
2024-08-20 01:38:33.109,111,,,,
2024-08-20 02:08:33.099,111,,,,
2024-08-20 02:38:33.071,111,,,,
2024-08-20 03:08:33.046,111,,,,
2024-08-20 03:38:33.039,111,,,,
2024-08-20 04:38:33.007,111,,,,
2024-08-20 05:08:32.996,111,,,,
2024-08-20 05:38:32.970,111,,,,
2024-08-20 06:08:32.967,111,,,,
2024-08-20 06:38:32.951,111,,,,
2024-08-20 07:08:32.900,111,,,,
2024-08-20 07:38:32.922,111,,,,
2024-08-20 08:08:32.901,111,,,,
2024-08-20 08:38:32.868,111,,,,
2024-08-20 09:08:32.778,111,,,,
2024-08-20 09:38:32.667,111,,,,
2024-08-20 10:08:32.998,111,39.8,36.2,46.1,47.2
2024-08-20 10:38:32.707,111,,,,
2024-08-20 11:08:32.685,111,,,,
2024-08-20 11:38:32.422,111,,,,
2024-08-20 12:08:32.200,111,,,,
2024-08-20 12:38:31.879,111,39.5,35.6,45.5,46.6
2024-08-20 13:08:32.538,111,,,,
2024-08-20 14:08:32.614,111,,,,
2024-08-20 15:08:32.384,111,,,,
2024-08-20 15:38:32.622,111,38.6,34.6,44.7,46.0
2024-08-20 16:08:31.945,111,38.4,34.4,44.7,45.9
2024-08-20 16:38:32.531,111,38.3,34.3,44.6,45.9
2024-08-20 17:08:32.224,111,38.1,34.2,44.6,45.8
2024-08-20 17:38:32.092,111,38.0,34.1,44.5,45.8
2024-08-20 18:08:32.165,111,37.9,34.0,44.6,45.8
2024-08-20 18:38:32.123,111,37.9,33.9,44.6,45.8
2024-08-20 19:08:32.421,111,37.8,33.9,44.6,45.9
2024-08-20 19:38:32.061,111,,,,
2024-08-20 20:08:32.084,111,,,,
2024-08-20 20:38:32.078,111,,,,
2024-08-20 21:08:31.998,111,,,,
2024-08-20 21:38:32.016,111,,,,
2024-08-20 22:08:31.987,111,,,,
2024-08-20 22:38:31.818,111,,,,
2024-08-20 23:08:31.934,111,,,,
2024-08-20 23:38:31.944,111,,,,
2024-08-21 00:08:31.922,111,,,,
2024-08-21 00:38:31.490,111,,,,
2024-08-21 01:08:31.875,111,,,,
2024-08-21 01:38:31.875,111,,,,
2024-08-21 02:08:31.866,111,,,,
2024-08-21 02:38:31.843,111,,,,
2024-08-21 03:08:31.822,111,,,,
2024-08-21 03:38:31.820,111,,,,
2024-08-21 04:38:31.790,111,,,,
2024-08-21 05:08:31.796,111,,,,
2024-08-21 06:08:31.777,111,,,,
2024-08-21 06:38:31.757,111,,,,
2024-08-21 07:08:31.340,111,,,,
2024-08-21 08:08:31.705,111,,,,
2024-08-21 08:38:31.288,111,,,,
2024-08-21 09:08:31.640,111,,,,
2024-08-21 10:08:31.609,111,,,,
2024-08-21 10:38:31.165,111,,,,
2024-08-21 11:08:31.532,111,,,,
2024-08-21 11:38:31.457,111,,,,
2024-08-21 12:38:31.423,111,,,,
2024-08-21 13:08:30.977,111,,,,
2024-08-21 13:38:31.327,111,,,,
2024-08-21 14:38:31.283,111,,,,
2024-08-21 15:08:31.248,111,,,,
2024-08-21 15:38:30.799,111,,,,
2024-08-21 16:08:31.183,111,,,,
2024-08-21 16:38:31.144,111,,,,
2024-08-21 17:08:30.392,111,,,,
2024-08-21 17:38:31.034,111,,,,
2024-08-21 18:38:30.373,111,,,,
2024-08-21 19:08:31.083,111,,,,
2024-08-21 19:38:30.925,111,,,,
2024-08-21 20:08:30.935,111,,,,
2024-08-21 20:38:30.220,111,,,,
2024-08-21 21:08:30.855,111,,,,
2024-08-21 21:38:30.826,111,,,,
2024-08-21 22:08:30.813,111,,,,
2024-08-21 22:38:30.790,111,,,,
2024-08-21 23:38:30.766,111,,,,
2024-08-22 00:38:30.753,111,,,,
2024-08-22 01:08:30.743,111,,,,
2024-08-22 02:08:30.727,111,,,,
2024-08-22 02:38:30.704,111,,,,
2024-08-22 03:08:30.700,111,,,,
2024-08-22 03:38:30.553,111,,,,
2024-08-22 04:38:30.688,111,,,,
2024-08-22 05:08:30.666,111,,,,
2024-08-22 06:08:30.642,111,,,,
2024-08-22 06:38:30.640,111,,,,
2024-08-22 07:08:30.633,111,,,,
2024-08-22 08:38:30.128,111,,,,
2024-08-22 09:08:30.517,111,,,,
2024-08-22 09:38:30.533,111,,,,
2024-08-22 10:08:30.244,111,,,,
2024-08-22 10:38:30.456,111,,,,
2024-08-22 11:08:29.704,111,,,,
2024-08-22 11:38:30.385,111,,,,
2024-08-22 12:08:30.389,111,,,,
2024-08-22 13:38:29.734,111,33.9,31.2,43.3,45.0
2024-08-22 14:38:30.443,111,33.5,31.1,42.9,44.6
2024-08-22 15:38:30.119,111,,,,
2024-08-22 16:08:29.611,111,,,,
2024-08-22 16:38:30.066,111,,,,
2024-08-22 17:08:30.072,111,,,,
2024-08-22 17:38:29.591,111,,,,
2024-08-22 18:08:29.993,111,,,,
2024-08-22 18:38:29.958,111,,,,
2024-08-22 19:08:30.256,111,,,,
2024-08-22 19:38:29.906,111,,,,
2024-08-22 20:08:29.856,111,,,,
2024-08-22 21:08:29.803,111,,,,
2024-08-22 21:38:29.768,111,,,,
2024-08-22 22:38:29.735,111,,,,
2024-08-22 23:08:29.712,111,,,,
2024-08-22 23:38:29.687,111,,,,
2024-08-23 00:08:29.683,111,,,,
2024-08-23 00:38:29.663,111,,,,
2024-08-23 01:08:29.640,111,,,,
2024-08-23 01:38:29.641,111,,,,
2024-08-23 02:08:29.646,111,,,,
2024-08-23 03:08:29.589,111,,,,
2024-08-23 03:38:29.573,111,,,,
2024-08-23 04:08:29.590,111,,,,
2024-08-23 04:38:29.552,111,,,,
2024-08-23 05:08:29.559,111,,,,
2024-08-23 05:38:29.546,111,,,,
2024-08-23 06:08:29.551,111,,,,
2024-08-23 06:38:29.532,111,,,,
2024-08-23 07:38:29.526,111,,,,
2024-08-23 08:08:29.493,111,,,,
2024-08-23 08:38:29.477,111,,,,
2024-08-23 09:38:29.397,111,,,,
2024-08-23 10:08:29.247,111,,,,
2024-08-23 10:38:29.356,111,,,,
2024-08-23 11:38:28.611,111,,,,
2024-08-23 12:08:29.239,111,,,,
2024-08-23 12:38:29.212,111,,,,
2024-08-23 13:38:29.150,111,,,,
2024-08-23 14:08:28.709,111,,,,
2024-08-23 14:38:29.085,111,,,,
2024-08-23 15:08:29.053,111,,,,
2024-08-23 16:08:29.109,111,,,,
2024-08-23 16:38:28.967,111,,,,
2024-08-23 17:08:28.954,111,,,,
2024-08-23 17:38:28.923,111,,,,
2024-08-23 18:08:28.924,111,,,,
2024-08-23 18:38:28.877,111,,,,
2024-08-23 19:08:29.179,111,,,,
2024-08-23 19:38:28.153,111,,,,
2024-08-23 20:08:28.805,111,,,,
2024-08-23 20:38:28.760,111,,,,
2024-08-23 21:08:28.707,111,,,,
2024-08-23 21:38:28.678,111,,,,
2024-08-23 22:08:27.998,111,,,,
2024-08-23 22:38:27.975,111,,,,
2024-08-23 23:08:28.602,111,,,,
2024-08-23 23:38:28.584,111,,,,
2024-08-24 00:08:28.575,111,,,,
2024-08-24 00:38:28.534,111,,,,
2024-08-24 01:08:28.520,111,,,,
2024-08-24 01:38:28.490,111,,,,
2024-08-24 02:38:28.443,111,,,,
2024-08-24 03:08:28.415,111,,,,
2024-08-24 03:38:28.379,111,,,,
2024-08-24 04:08:27.970,111,,,,
2024-08-24 05:08:28.330,111,,,,
2024-08-24 05:38:28.308,111,,,,
2024-08-24 06:08:28.164,111,,,,
2024-08-24 06:38:28.144,111,,,,
2024-08-24 07:08:27.609,111,,,,
2024-08-24 07:38:28.089,111,,,,
2024-08-24 08:08:28.184,111,,,,
2024-08-24 08:38:28.154,111,,,,
2024-08-24 09:08:28.126,111,,,,
2024-08-24 09:38:27.949,111,,,,
2024-08-24 10:08:27.328,111,,,,
2024-08-24 10:38:28.005,111,,,,
2024-08-24 11:38:27.841,111,,,,
2024-08-24 12:08:27.763,111,30.0,29.3,41.5,43.4
2024-08-24 12:38:27.926,111,,,,
2024-08-24 13:08:28.145,111,29.7,29.2,40.9,42.6
2024-08-24 14:08:27.746,111,29.5,29.2,40.3,42.0
2024-08-24 14:38:27.882,111,,,,
2024-08-24 15:08:27.729,111,29.2,29.1,39.8,41.6
2024-08-24 15:38:27.707,111,29.1,29.1,39.7,41.4
2024-08-24 16:08:28.020,111,29.1,29.1,39.5,41.2
2024-08-24 17:08:27.921,111,28.9,29.1,39.4,41.2
2024-08-24 17:38:27.625,111,28.9,29.1,39.4,41.2
2024-08-24 18:08:27.887,111,29.1,29.0,39.4,41.3
2024-08-24 19:08:27.812,111,,,,
2024-08-24 19:38:27.490,111,,,,
2024-08-24 20:08:27.552,111,,,,
2024-08-24 20:38:27.509,111,,,,
2024-08-24 21:08:27.486,111,,,,
2024-08-24 21:38:26.617,111,,,,
2024-08-24 22:08:27.013,111,,,,
2024-08-24 22:38:27.384,111,,,,
2024-08-24 23:08:27.311,111,,,,
2024-08-24 23:38:27.337,111,,,,
2024-08-25 00:08:27.288,111,,,,
2024-08-25 00:38:27.129,111,,,,
2024-08-25 01:08:27.190,111,,,,
2024-08-25 01:38:27.201,111,,,,
2024-08-25 02:08:26.540,111,,,,
2024-08-25 02:38:27.145,111,,,,
2024-08-25 03:08:27.127,111,,,,
2024-08-25 03:38:27.090,111,,,,
2024-08-25 04:08:27.063,111,,,,
2024-08-25 05:08:27.023,111,,,,
2024-08-25 05:38:26.991,111,,,,
2024-08-25 06:38:26.924,111,,,,
2024-08-25 07:08:26.922,111,,,,
2024-08-25 07:38:26.629,111,,,,
2024-08-25 08:08:26.827,111,,,,
2024-08-25 08:38:26.833,111,,,,
2024-08-25 09:08:26.653,111,,,,
2024-08-25 10:08:26.968,111,28.7,28.8,41.3,43.5
2024-08-25 10:38:26.632,111,28.7,28.8,41.1,43.3
2024-08-25 11:38:26.575,111,28.5,28.8,40.6,42.7
2024-08-25 12:08:26.831,111,28.4,28.8,40.3,42.3
2024-08-25 12:38:26.439,111,28.2,28.8,39.9,42.0
2024-08-25 13:08:26.409,111,28.0,28.8,39.6,41.6
2024-08-25 13:38:26.795,111,27.8,28.7,39.3,41.3
2024-08-25 14:08:26.775,111,27.7,28.7,39.1,41.0
2024-08-25 14:38:26.319,111,27.5,28.6,38.8,40.7
2024-08-25 15:08:26.728,111,27.4,28.6,38.6,40.6
2024-08-25 15:38:26.386,111,27.3,28.5,38.5,40.4
2024-08-25 17:08:26.286,111,26.9,28.4,38.1,40.1
2024-08-25 18:08:25.817,111,,,,
2024-08-25 18:38:26.496,111,,,,
2024-08-25 19:08:26.407,111,,,,
2024-08-25 19:38:26.102,111,26.7,28.3,38.2,40.4
2024-08-25 20:08:26.222,111,,,,
2024-08-25 20:38:26.143,111,,,,
2024-08-25 21:08:26.024,111,,,,
2024-08-25 21:38:26.145,111,,,,
2024-08-25 22:08:26.107,111,,,,
2024-08-25 22:38:26.073,111,,,,
2024-08-25 23:08:26.030,111,,,,
2024-08-25 23:38:26.014,111,,,,
2024-08-26 00:08:25.968,111,,,,
2024-08-26 00:38:25.935,111,,,,
2024-08-26 01:08:25.766,111,,,,
2024-08-26 01:38:25.849,111,,,,
2024-08-26 02:08:25.845,111,,,,
2024-08-26 02:38:25.806,111,,,,
2024-08-26 03:08:25.774,111,,,,
2024-08-26 03:38:25.730,111,,,,
2024-08-26 04:08:25.719,111,,,,
2024-08-26 04:38:25.693,111,,,,
2024-08-26 06:08:24.974,111,,,,
2024-08-26 06:38:25.586,111,,,,
2024-08-26 08:08:25.511,111,,,,
2024-08-26 08:38:25.458,111,,,,
2024-08-26 09:08:25.662,111,26.3,28.0,39.8,42.2
2024-08-26 09:38:25.165,111,,,,
2024-08-26 10:08:24.963,111,26.2,28.0,39.6,41.9
2024-08-26 10:38:24.764,111,26.2,28.0,39.4,41.7
2024-08-26 11:08:24.958,111,,,,
2024-08-26 11:38:25.548,111,26.0,28.0,38.9,41.3
2024-08-26 12:08:25.197,111,25.9,28.0,38.6,41.0
2024-08-26 12:38:25.488,111,25.8,27.9,38.3,40.6
2024-08-26 13:08:25.148,111,25.7,27.9,38.0,40.3
2024-08-26 13:38:25.041,111,25.5,27.8,37.7,40.0
2024-08-26 14:08:25.415,111,25.4,27.8,37.5,39.9
2024-08-26 14:38:25.044,111,25.3,27.7,37.4,39.7
2024-08-26 15:08:25.040,111,25.2,27.7,37.1,39.4
2024-08-26 15:38:25.396,111,25.1,27.7,36.9,39.3
2024-08-26 16:08:25.320,111,25.0,27.6,36.7,39.1
2024-08-26 16:38:25.296,111,24.9,27.6,36.5,39.0
2024-08-26 17:08:25.252,111,24.8,27.5,36.3,38.9
2024-08-26 17:38:25.088,111,,,,
2024-08-26 18:08:24.810,111,,,,
2024-08-26 19:08:25.460,111,24.6,27.4,36.3,39.1
2024-08-26 20:08:25.032,111,,,,
2024-08-26 20:38:24.878,111,,,,
2024-08-26 21:08:24.782,111,,,,
2024-08-26 21:38:24.772,111,,,,
2024-08-26 22:08:24.649,111,,,,
2024-08-26 22:38:24.738,111,,,,
2024-08-26 23:08:24.719,111,,,,
2024-08-26 23:38:24.675,111,,,,
2024-08-27 00:08:24.654,111,,,,
2024-08-27 00:38:24.633,111,,,,
2024-08-27 01:08:24.591,111,,,,
2024-08-27 01:38:24.571,111,,,,
2024-08-27 02:08:24.415,111,,,,
2024-08-27 02:38:23.832,111,,,,
2024-08-27 03:08:24.065,111,,,,
2024-08-27 03:38:24.389,111,,,,
2024-08-27 04:08:24.392,111,,,,
2024-08-27 04:38:23.967,111,,,,
2024-08-27 05:08:24.385,111,,,,
2024-08-27 05:38:24.364,111,,,,
2024-08-27 06:08:24.304,111,,,,
2024-08-27 06:38:24.281,111,,,,
2024-08-27 07:38:24.190,111,,,,
2024-08-27 08:08:23.545,111,,,,
2024-08-27 08:38:24.166,111,,,,
2024-08-27 09:38:24.307,111,24.3,27.2,38.2,41.2
2024-08-27 10:08:23.910,111,24.3,27.2,38.0,41.1
2024-08-27 10:38:23.238,111,,,,
2024-08-27 11:08:24.252,111,24.2,27.2,37.7,40.7
2024-08-27 11:38:24.181,111,24.1,27.2,37.5,40.5
2024-08-27 12:38:23.891,111,24.0,27.2,36.9,40.0
2024-08-27 13:08:23.877,111,23.9,27.1,36.6,39.7
2024-08-27 13:38:23.498,111,23.9,27.1,36.2,39.4
2024-08-27 14:08:24.139,111,23.8,27.1,35.8,39.1
2024-08-27 14:38:23.462,111,23.7,27.0,35.5,38.8
2024-08-27 15:08:24.110,111,23.6,27.0,35.2,38.7
2024-08-27 16:08:23.194,111,23.4,26.9,34.7,38.4
2024-08-27 16:38:24.047,111,23.4,26.9,34.5,38.2
2024-08-27 17:08:23.714,111,23.3,26.9,34.4,38.2
2024-08-27 17:38:23.944,111,,,,
2024-08-27 18:08:23.661,111,23.2,26.8,34.2,38.2
2024-08-27 19:08:23.828,111,,,,
2024-08-27 19:38:23.870,111,,,,
2024-08-27 20:08:23.553,111,,,,
2024-08-27 20:38:23.642,111,,,,
2024-08-27 21:08:22.897,111,,,,
2024-08-27 21:38:23.562,111,,,,
2024-08-27 22:08:23.550,111,,,,
2024-08-27 22:38:23.510,111,,,,
2024-08-27 23:08:23.482,111,,,,
2024-08-28 00:08:23.432,111,,,,
2024-08-28 00:38:23.394,111,,,,
2024-08-28 01:08:23.386,111,,,,
2024-08-28 01:38:23.337,111,,,,
2024-08-28 02:08:23.303,111,,,,
2024-08-28 02:38:23.273,111,,,,
2024-08-28 03:08:23.256,111,,,,
2024-08-28 03:38:23.221,111,,,,
2024-08-28 04:08:23.058,111,,,,
2024-08-28 04:38:23.155,111,,,,
2024-08-28 05:08:23.132,111,,,,
2024-08-28 05:38:23.102,111,,,,
2024-08-28 06:08:22.238,111,,,,
2024-08-28 06:38:23.045,111,,,,
2024-08-28 07:08:23.030,111,,,,
2024-08-28 07:38:22.998,111,,,,
2024-08-28 08:08:22.254,111,,,,
2024-08-28 08:38:22.528,111,,,,
2024-08-28 09:38:22.894,111,,,,
2024-08-28 10:08:22.846,111,,,,
2024-08-28 10:38:22.825,111,,,,
2024-08-28 11:08:22.773,111,,,,
2024-08-28 11:38:22.753,111,,,,
2024-08-28 12:08:22.989,111,24.2,26.8,36.8,40.6
2024-08-28 12:38:22.482,111,,,,
2024-08-28 13:08:22.632,111,24.1,26.8,36.4,40.2
2024-08-28 13:38:22.888,111,24.0,26.8,36.1,40.0
2024-08-28 14:08:22.886,111,23.9,26.8,35.8,39.8
2024-08-28 14:38:22.222,111,23.9,26.8,35.5,39.5
2024-08-28 15:08:22.859,111,23.8,26.7,35.2,39.3
2024-08-28 15:38:22.181,111,23.8,26.7,35.1,39.2
2024-08-28 16:38:22.752,111,23.7,26.7,35.1,39.3
2024-08-28 17:08:22.296,111,,,,
2024-08-28 17:38:22.399,111,,,,
2024-08-28 18:08:22.645,111,23.6,26.7,35.0,39.3
2024-08-28 18:38:22.370,111,23.6,26.7,35.0,39.3
2024-08-28 19:38:21.669,111,,,,
2024-08-28 20:08:21.687,111,,,,
2024-08-28 20:38:22.319,111,,,,
2024-08-28 22:08:22.219,111,,,,
2024-08-28 22:38:22.158,111,,,,
2024-08-28 23:08:21.537,111,,,,
2024-08-28 23:38:22.141,111,,,,
2024-08-29 00:08:22.133,111,,,,
2024-08-29 00:38:22.110,111,,,,
2024-08-29 01:08:22.078,111,,,,
2024-08-29 01:38:22.032,111,,,,
2024-08-29 02:08:21.945,111,,,,
2024-08-29 02:38:21.328,111,,,,
2024-08-29 04:08:21.878,111,,,,
2024-08-29 04:38:21.240,111,,,,
2024-08-29 05:38:21.817,111,,,,
2024-08-29 06:38:21.653,111,,,,
2024-08-29 07:08:21.759,111,,,,
2024-08-29 07:38:21.230,111,,,,
2024-08-29 08:08:21.701,111,,,,
2024-08-29 08:38:21.647,111,,,,
2024-08-29 09:08:21.627,111,,,,
2024-08-29 09:38:21.199,111,,,,
2024-08-29 10:08:21.493,111,23.2,26.5,36.8,40.9
2024-08-29 10:38:21.813,111,23.2,26.5,36.7,40.8
2024-08-29 11:08:21.586,111,,,,
2024-08-29 11:38:21.769,111,23.2,26.5,36.3,40.4
2024-08-29 12:08:21.737,111,23.1,26.5,35.9,40.1
2024-08-29 12:38:21.674,111,23.1,26.5,35.5,39.8
2024-08-29 13:08:21.703,111,23.0,26.5,35.2,39.5
2024-08-29 13:38:21.660,111,23.0,26.5,34.8,39.3
2024-08-29 14:08:21.600,111,22.9,26.5,34.5,39.1
2024-08-29 14:38:21.619,111,22.9,26.4,34.1,38.9
2024-08-29 15:08:21.603,111,22.8,26.4,33.8,38.7
2024-08-29 15:38:21.187,111,22.7,26.4,33.6,38.5
2024-08-29 16:08:21.253,111,22.7,26.4,33.4,38.5
2024-08-29 16:38:21.233,111,22.7,26.4,33.3,38.4
2024-08-29 17:08:21.527,111,22.6,26.4,33.2,38.3
2024-08-29 17:38:21.193,111,22.6,26.4,33.1,38.3
2024-08-29 18:08:21.209,111,22.6,26.4,33.0,38.3
2024-08-29 18:38:21.460,111,22.5,26.4,33.0,38.3
2024-08-29 19:08:21.801,111,22.5,26.4,33.0,38.4
2024-08-29 19:38:21.399,111,22.5,26.4,33.1,38.5
2024-08-29 20:08:21.384,111,22.5,26.4,33.2,38.6
2024-08-29 20:38:21.308,111,22.5,26.4,33.3,38.7
2024-08-29 21:08:20.889,111,22.5,26.4,33.3,38.8
2024-08-29 21:38:21.254,111,22.5,26.4,33.4,38.9
2024-08-29 22:08:20.454,111,,,,
2024-08-29 22:38:21.198,111,22.5,26.4,33.6,39.1
2024-08-29 23:08:21.137,111,22.5,26.5,33.7,39.2
2024-08-30 00:08:21.098,111,22.5,26.4,33.8,39.3
2024-08-30 00:38:21.097,111,22.4,26.4,33.9,39.4
2024-08-30 01:38:21.032,111,22.4,26.4,34.1,39.5
2024-08-30 02:08:21.011,111,22.4,26.4,34.1,39.6
2024-08-30 03:08:20.774,111,,,,
2024-08-30 03:38:20.933,111,22.4,26.4,34.3,39.7
2024-08-30 04:08:20.898,111,22.3,26.4,34.4,39.8
2024-08-30 05:08:20.828,111,22.3,26.3,34.5,39.9
2024-08-30 05:38:20.819,111,22.3,26.3,34.5,39.9
2024-08-30 06:08:20.823,111,22.3,26.3,34.6,40.0
2024-08-30 06:38:20.760,111,22.3,26.3,34.7,40.0
2024-08-30 07:08:20.706,111,22.3,26.3,34.7,40.0
2024-08-30 08:38:19.847,111,,,,
2024-08-30 09:08:20.592,111,22.3,26.3,34.9,40.2
2024-08-30 09:38:20.570,111,22.3,26.3,34.9,40.2
2024-08-30 10:08:20.509,111,22.3,26.3,34.9,40.1
2024-08-30 10:38:20.223,111,22.3,26.2,34.8,40.0
2024-08-30 11:08:20.483,111,22.3,26.2,34.7,39.9
2024-08-30 11:38:20.460,111,22.3,26.2,34.7,39.8
2024-08-30 12:08:20.427,111,22.2,26.2,34.5,39.7
2024-08-30 12:38:20.403,111,22.2,26.2,34.4,39.6
2024-08-30 13:08:20.396,111,22.2,26.2,34.2,39.5
2024-08-30 13:38:20.178,111,,,,
2024-08-30 14:08:20.360,111,22.2,26.2,33.8,39.2
2024-08-30 14:38:19.912,111,22.1,26.2,33.4,39.0
2024-08-30 15:08:19.641,111,22.1,26.2,33.3,38.8
2024-08-30 15:38:20.277,111,22.1,26.2,33.0,38.6
2024-08-30 16:08:20.248,111,22.0,26.2,32.6,38.3
2024-08-30 16:38:20.231,111,22.0,26.2,32.3,38.1
2024-08-30 17:08:20.231,111,21.9,26.2,32.0,37.9
2024-08-30 17:38:20.165,111,21.8,26.2,31.8,37.8
2024-08-30 18:08:20.214,111,21.8,26.2,31.7,37.8
2024-08-30 18:38:19.552,111,21.8,26.2,31.7,37.8
2024-08-30 19:08:20.085,111,,,,
2024-08-30 19:38:20.116,111,21.8,26.2,31.9,38.1
2024-08-30 20:08:20.127,111,38.0,39.9,45.8,46.4
2024-08-30 20:38:19.480,111,,,,
2024-08-30 21:38:20.004,111,41.3,40.6,47.3,45.6
2024-08-30 22:08:19.804,111,,,,
2024-08-30 22:38:19.312,111,43.2,42.5,47.4,45.4
2024-08-30 23:08:19.928,111,43.8,44.0,47.6,45.4
2024-08-30 23:38:19.869,111,43.8,43.6,47.7,45.5
2024-08-31 00:08:19.880,111,43.6,42.5,47.8,45.5
2024-08-31 00:38:19.785,111,43.5,42.1,47.9,45.6
2024-08-31 01:08:19.824,111,43.6,42.0,48.0,45.6
2024-08-31 01:38:19.139,111,43.7,41.9,48.0,45.7
2024-08-31 02:08:19.767,111,43.7,41.8,48.0,45.8
2024-08-31 02:38:19.555,111,,,,
2024-08-31 03:08:19.697,111,43.9,41.9,48.1,45.8
2024-08-31 03:38:19.696,111,43.9,41.9,48.1,45.8
2024-08-31 04:08:19.664,111,43.9,41.9,48.2,45.8
2024-08-31 04:38:18.981,111,43.9,41.9,48.2,45.9
2024-08-31 05:08:19.520,111,43.9,41.9,48.2,45.9
2024-08-31 05:38:19.578,111,43.9,41.8,48.2,46.0
2024-08-31 06:08:19.551,111,43.9,41.7,48.2,46.0
2024-08-31 06:38:19.479,111,43.9,41.7,48.2,46.0
2024-08-31 07:08:18.854,111,43.9,41.7,48.2,46.1
2024-08-31 07:38:19.489,111,43.9,41.7,48.2,46.1
2024-08-31 08:08:19.408,111,43.9,41.7,48.2,46.1
2024-08-31 08:38:19.009,111,43.9,41.7,48.2,46.2
2024-08-31 09:08:19.439,111,43.9,41.6,48.2,46.2
2024-08-31 09:38:19.309,111,43.9,41.6,48.2,46.2
2024-08-31 10:08:19.365,111,43.8,41.6,48.1,46.2
2024-08-31 10:38:19.271,111,43.8,41.6,48.0,46.1
2024-08-31 11:08:18.981,111,43.8,41.5,47.8,46.0
2024-08-31 11:38:19.258,111,43.7,41.3,47.6,45.9
2024-08-31 12:08:19.248,111,43.6,41.1,47.3,45.8
2024-08-31 12:38:19.215,111,43.6,40.9,46.9,45.7
2024-08-31 13:08:18.841,111,43.5,40.6,46.6,45.5
2024-08-31 13:38:19.135,111,43.4,40.4,46.3,45.3
2024-08-31 14:08:18.836,111,43.3,40.3,46.3,45.4
2024-08-31 14:38:19.137,111,43.3,40.1,46.3,45.4
2024-08-31 15:08:18.809,111,43.2,39.9,46.1,45.3
2024-08-31 15:38:19.075,111,43.1,39.7,45.9,45.1
2024-08-31 16:08:19.032,111,42.9,39.5,45.8,45.0
2024-08-31 16:38:18.734,111,42.9,39.3,45.8,45.0
2024-08-31 17:08:18.636,111,42.7,39.1,45.8,45.0
2024-08-31 17:38:18.983,111,42.6,39.0,45.8,45.0
2024-08-31 18:08:18.920,111,42.5,38.9,45.7,45.0
2024-08-31 18:38:18.924,111,42.4,38.8,45.8,45.0
2024-08-31 19:08:18.835,111,42.4,38.7,45.8,45.1
2024-08-31 19:38:18.858,111,42.3,38.6,45.8,45.2
2024-08-31 20:38:18.691,111,,,,
2024-08-31 21:08:18.550,111,,,,
2024-08-31 22:38:18.453,111,,,,
2024-08-31 23:08:18.430,111,,,,
2024-08-31 23:38:18.427,111,,,,
2024-09-01 00:38:18.385,111,,,,
2024-09-01 01:08:18.086,111,,,,
2024-09-01 01:38:18.301,111,,,,
2024-09-01 02:08:18.284,111,,,,
2024-09-01 02:38:18.278,111,,,,
2024-09-01 03:08:18.267,111,,,,
2024-09-01 04:08:18.207,111,,,,
2024-09-01 04:38:18.199,111,,,,
2024-09-01 05:08:18.158,111,,,,
2024-09-01 06:08:18.138,111,,,,
2024-09-01 08:08:18.051,111,,,,
2024-09-01 08:38:17.944,111,41.5,37.6,46.8,46.0
2024-09-01 09:38:17.890,111,41.4,37.5,46.8,46.0
2024-09-01 10:08:17.757,111,41.4,37.5,46.7,46.0
2024-09-01 10:38:18.095,111,41.4,37.5,46.6,45.9
2024-09-01 11:08:17.801,111,41.4,37.3,46.4,45.8
2024-09-01 11:38:18.064,111,41.3,37.2,46.2,45.8
2024-09-01 12:08:18.082,111,41.2,37.0,46.0,45.6
2024-09-01 12:38:17.735,111,41.1,36.9,45.8,45.4
2024-09-01 13:08:17.705,111,41.1,36.7,45.7,45.3
2024-09-01 13:38:17.980,111,41.0,36.5,45.6,45.2
2024-09-01 14:08:17.907,111,40.9,36.4,45.5,45.1
2024-09-01 14:38:17.870,111,40.8,36.2,45.3,44.9
2024-09-01 15:08:17.885,111,40.6,35.9,45.0,44.7
2024-09-01 15:38:17.852,111,40.5,35.8,44.9,44.6
2024-09-01 16:08:17.664,111,,,,
2024-09-01 16:38:17.607,111,,,,
2024-09-01 17:08:17.767,111,40.1,35.2,44.4,44.2
2024-09-01 17:38:17.365,111,40.0,35.0,44.3,44.1
2024-09-01 18:08:17.653,111,39.9,34.8,44.3,44.1
2024-09-01 18:38:17.019,111,39.7,34.7,44.4,44.2
2024-09-01 19:08:17.725,111,,,,
2024-09-01 19:38:17.378,111,,,,
2024-09-01 20:08:16.922,111,,,,
2024-09-01 20:38:17.318,111,,,,
2024-09-01 21:08:16.623,111,,,,
2024-09-01 22:08:16.589,111,,,,
2024-09-01 22:38:17.252,111,,,,
2024-09-01 23:08:17.214,111,,,,
2024-09-01 23:38:16.539,111,,,,
2024-09-02 00:38:17.152,111,,,,
2024-09-02 01:08:17.149,111,,,,
2024-09-02 02:08:17.104,111,,,,
2024-09-02 02:38:17.102,111,,,,
2024-09-02 04:38:17.054,111,,,,
2024-09-02 05:08:17.041,111,,,,
2024-09-02 05:38:17.038,111,,,,
2024-09-02 06:08:17.018,111,,,,
2024-09-02 06:38:17.004,111,,,,
2024-09-02 07:08:17.018,111,,,,
2024-09-02 07:38:17.003,111,,,,
2024-09-02 08:08:16.956,111,,,,
2024-09-02 08:38:16.943,111,,,,
2024-09-02 09:08:16.796,111,,,,
2024-09-02 09:38:16.650,111,,,,
2024-09-02 10:08:16.880,111,,,,
2024-09-02 10:38:17.016,111,,,,
2024-09-02 11:08:16.161,111,,,,
2024-09-02 11:38:16.776,111,,,,
2024-09-02 12:08:16.956,111,38.1,33.0,45.0,44.9
2024-09-02 12:38:16.906,111,38.0,32.9,44.7,44.7
2024-09-02 13:08:16.629,111,37.9,32.7,44.4,44.4
2024-09-02 13:38:16.885,111,37.8,32.6,44.2,44.1
2024-09-02 14:08:16.870,111,37.7,32.4,43.9,43.9
2024-09-02 14:38:16.815,111,37.5,32.3,43.7,43.6
2024-09-02 15:08:16.790,111,37.5,32.1,43.4,43.3
2024-09-02 15:38:16.762,111,37.3,32.0,43.2,43.2
2024-09-02 16:08:15.839,111,,,,
2024-09-02 16:38:16.691,111,37.1,31.8,42.9,42.9
2024-09-02 17:08:15.714,111,,,,
2024-09-02 17:38:16.271,111,,,,
2024-09-02 18:08:16.229,111,,,,
2024-09-02 18:38:16.367,111,,,,
2024-09-02 19:08:16.627,111,,,,
2024-09-02 19:38:16.212,111,,,,
2024-09-02 20:08:16.232,111,,,,
2024-09-02 20:38:16.193,111,,,,
2024-09-02 21:08:16.180,111,,,,
2024-09-02 22:08:16.163,111,,,,
2024-09-02 22:38:16.125,111,,,,
2024-09-02 23:08:16.116,111,,,,
2024-09-02 23:38:16.114,111,,,,
2024-09-03 00:08:16.106,111,,,,
2024-09-03 00:38:16.102,111,,,,
2024-09-03 01:08:16.064,111,,,,
2024-09-03 01:38:16.076,111,,,,
