ts,Entity Name,data_soil_moisture1,data_soil_moisture2,data_soil_moisture3,data_soil_moisture4
2024-05-20 15:34:23.460,115,18.6,34.7,33.5,25.3
2024-05-20 15:34:33.485,115,18.6,34.7,33.5,25.3
2024-05-20 16:04:43.798,115,19.2,35.0,33.8,25.6
2024-05-20 16:34:43.796,115,19.6,35.2,34.0,25.9
2024-05-20 17:04:43.801,115,20.0,35.4,34.2,26.2
2024-05-20 18:04:43.808,115,20.5,35.7,34.5,26.7
2024-05-20 18:34:43.388,115,20.7,35.8,34.7,26.9
2024-05-20 19:04:43.993,115,20.8,36.0,34.8,27.1
2024-05-20 19:34:43.857,115,20.9,36.1,35.0,27.3
2024-05-20 20:04:43.887,115,20.9,36.2,35.1,27.5
2024-05-20 20:34:43.918,115,21.0,36.2,35.2,27.6
2024-05-20 21:04:43.970,115,21.0,36.3,35.3,27.8
2024-05-20 21:34:44.235,115,21.0,36.4,35.5,28.0
2024-05-20 22:04:44.093,115,20.9,36.4,35.6,28.1
2024-05-20 22:34:43.966,115,20.9,36.5,35.7,28.3
2024-05-20 23:04:44.035,115,20.9,36.5,35.8,28.4
2024-05-20 23:34:44.286,115,20.8,36.5,35.9,28.5
2024-05-21 00:04:44.238,115,,,,
2024-05-21 00:34:44.489,115,,,,
2024-05-21 01:04:44.521,115,20.8,36.6,36.1,28.9
2024-05-21 01:34:44.805,115,20.7,36.6,36.2,29.0
2024-05-21 02:04:44.855,115,20.7,36.6,36.3,29.1
2024-05-21 02:34:44.079,115,,,,
2024-05-21 03:04:44.380,115,20.5,36.6,36.4,29.3
2024-05-21 03:34:45.077,115,20.5,36.6,36.5,29.4
2024-05-21 04:04:44.752,115,20.4,36.6,36.6,29.5
2024-05-21 04:34:44.830,115,,,,
2024-05-21 05:04:44.932,115,,,,
2024-05-21 05:34:45.167,115,20.2,36.6,36.8,29.7
2024-05-21 06:04:45.273,115,20.2,36.6,36.8,29.8
2024-05-21 06:34:45.233,115,,,,
2024-05-21 07:04:45.673,115,20.0,36.6,36.9,30.0
2024-05-21 07:34:45.561,115,20.0,36.6,37.0,30.1
2024-05-21 08:04:45.403,115,19.9,36.6,37.0,30.1
2024-05-21 08:34:45.536,115,19.9,36.5,37.0,30.2
2024-05-21 09:04:45.567,115,19.9,36.5,37.1,30.3
2024-05-21 09:34:45.569,115,20.0,36.6,37.1,30.3
2024-05-21 10:04:45.593,115,20.1,36.6,37.1,30.4
2024-05-21 10:34:45.584,115,20.2,36.6,37.2,30.5
2024-05-21 11:04:45.594,115,20.3,36.6,37.2,30.5
2024-05-21 11:34:45.614,115,20.4,36.7,37.2,30.6
2024-05-21 12:04:45.634,115,20.5,36.7,37.3,30.7
2024-05-21 12:34:45.844,115,20.7,36.8,37.3,30.7
2024-05-21 13:04:45.486,115,,,,
2024-05-21 13:34:45.647,115,20.8,36.9,37.4,30.8
2024-05-21 14:04:45.661,115,21.0,37.0,37.4,30.9
2024-05-21 14:34:45.639,115,21.1,37.0,37.5,31.0
2024-05-21 14:59:38.664,115,20.8,32.8,27.8,23.7
2024-05-21 14:59:48.694,115,20.8,32.8,27.8,23.7
2024-05-21 15:29:56.317,115,21.1,33.2,28.1,23.9
2024-05-21 15:59:55.817,115,21.3,33.6,28.4,24.1
2024-05-21 16:29:56.268,115,21.4,33.9,28.6,24.3
2024-05-21 16:59:56.259,115,21.4,34.2,28.8,24.4
2024-05-21 17:59:56.284,115,21.5,34.6,29.2,24.7
2024-05-21 18:29:56.200,115,21.5,34.9,29.4,24.8
2024-05-21 18:59:56.248,115,21.5,35.0,29.6,24.9
2024-05-21 19:29:56.255,115,21.5,35.2,29.7,24.9
2024-05-21 19:59:56.257,115,21.4,35.3,29.8,25.0
2024-05-21 20:29:56.257,115,21.4,35.5,30.0,25.1
2024-05-21 20:59:56.204,115,21.4,35.6,30.1,25.2
2024-05-21 21:29:56.393,115,21.3,35.8,30.2,25.3
2024-05-21 21:59:56.320,115,21.2,35.9,30.4,25.3
2024-05-21 22:29:55.875,115,21.2,36.0,30.5,25.4
2024-05-21 22:59:56.382,115,21.2,36.0,30.6,25.5
2024-05-21 23:29:55.924,115,21.1,36.2,30.7,25.5
2024-05-21 23:59:56.396,115,21.1,36.2,30.8,25.6
2024-05-22 00:29:56.418,115,21.0,36.3,30.9,25.6
2024-05-22 00:59:56.438,115,21.0,36.3,31.0,25.7
2024-05-22 01:29:55.809,115,20.9,36.4,31.1,25.7
2024-05-22 01:59:56.517,115,20.9,36.5,31.2,25.8
2024-05-22 02:29:56.555,115,20.9,36.5,31.3,25.8
2024-05-22 02:59:56.603,115,20.9,36.6,31.4,25.9
2024-05-22 03:29:55.944,115,20.8,36.6,31.4,25.9
2024-05-22 03:59:56.694,115,20.8,36.6,31.5,26.0
2024-05-22 04:29:56.736,115,20.8,36.7,31.6,26.0
2024-05-22 04:59:56.765,115,20.7,36.7,31.6,26.0
2024-05-22 05:29:56.808,115,20.7,36.7,31.7,26.1
2024-05-22 05:59:56.415,115,20.7,36.7,31.7,26.1
2024-05-22 06:29:56.868,115,20.6,36.8,31.8,26.2
2024-05-22 06:59:56.927,115,20.6,36.8,31.9,26.2
2024-05-22 07:29:56.978,115,20.6,36.8,31.9,26.2
2024-05-22 07:59:56.944,115,20.6,36.8,32.0,26.3
2024-05-22 08:59:57.029,115,20.6,36.9,32.1,26.3
2024-05-22 09:29:57.079,115,20.6,36.9,32.1,26.4
2024-05-22 09:59:57.077,115,20.6,36.9,32.2,26.4
2024-05-22 10:29:57.094,115,20.6,37.0,32.2,26.4
2024-05-22 10:59:57.077,115,20.6,37.0,32.3,26.4
2024-05-22 11:29:57.096,115,20.7,37.0,32.3,26.5
2024-05-22 11:59:57.081,115,20.7,37.0,32.3,26.5
2024-05-22 12:29:57.097,115,20.8,37.1,32.4,26.5
2024-05-22 12:59:57.090,115,20.9,37.2,32.4,26.5
2024-05-22 13:29:57.085,115,20.9,37.2,32.4,26.6
2024-05-22 13:59:57.085,115,21.0,37.3,32.5,26.6
2024-05-22 14:29:56.364,115,21.1,37.3,32.5,26.6
2024-05-22 14:59:57.081,115,21.1,37.4,32.6,26.6
2024-05-22 15:29:57.081,115,21.2,37.4,32.6,26.6
2024-05-22 15:59:57.078,115,21.2,37.5,32.6,26.7
2024-05-22 16:29:57.093,115,21.3,37.6,32.7,26.7
2024-05-22 16:59:56.612,115,21.4,37.7,32.7,26.7
2024-05-22 17:29:56.630,115,21.4,37.7,32.7,26.7
2024-05-22 17:59:57.097,115,21.4,37.8,32.8,26.8
2024-05-22 18:29:57.087,115,21.4,37.8,32.8,26.8
2024-05-22 18:59:56.645,115,21.3,37.9,32.8,26.8
2024-05-22 19:29:57.052,115,21.3,37.9,32.9,26.8
2024-05-22 20:29:57.117,115,21.2,38.0,32.9,26.8
2024-05-22 20:59:57.182,115,21.2,38.1,33.0,26.9
2024-05-22 21:29:57.189,115,21.2,38.1,33.0,26.9
2024-05-22 21:59:56.875,115,21.1,38.1,33.0,26.9
2024-05-22 22:29:57.420,115,21.1,38.1,33.1,26.9
2024-05-22 22:59:57.529,115,21.1,38.1,33.1,26.9
2024-05-22 23:29:57.641,115,21.1,38.1,33.2,27.0
2024-05-22 23:59:57.769,115,21.0,38.1,33.2,27.0
2024-05-23 00:29:57.845,115,21.0,38.1,33.2,27.0
2024-05-23 00:59:57.967,115,21.0,38.1,33.3,27.0
2024-05-23 01:29:57.521,115,21.0,38.1,33.3,27.0
2024-05-23 01:59:58.297,115,20.9,38.0,33.3,27.1
2024-05-23 02:29:58.397,115,20.9,38.0,33.4,27.1
2024-05-23 02:59:58.585,115,20.9,38.0,33.4,27.1
2024-05-23 03:29:58.763,115,20.8,37.9,33.4,27.1
2024-05-23 03:59:58.909,115,20.8,37.9,33.4,27.2
2024-05-23 04:29:59.022,115,20.7,37.9,33.4,27.2
2024-05-23 04:59:59.297,115,20.7,37.9,33.4,27.2
2024-05-23 05:29:59.004,115,20.7,37.9,33.5,27.2
2024-05-23 05:59:59.570,115,20.6,37.9,33.5,27.2
2024-05-23 06:29:59.848,115,20.6,37.8,33.5,27.2
2024-05-23 06:59:59.930,115,20.5,37.8,33.5,27.2
2024-05-23 07:29:59.997,115,20.5,37.7,33.5,27.2
2024-05-23 08:00:00.073,115,20.4,37.7,33.5,27.3
2024-05-23 08:30:00.068,115,20.4,37.7,33.6,27.3
2024-05-23 08:59:59.374,115,20.4,37.7,33.5,27.3
2024-05-23 09:30:00.064,115,20.4,37.7,33.5,27.3
2024-05-23 09:59:59.593,115,20.3,37.7,33.6,27.3
2024-05-23 10:30:00.049,115,20.4,37.7,33.6,27.3
2024-05-23 11:00:00.057,115,20.4,37.7,33.6,27.3
2024-05-23 11:30:00.054,115,20.5,37.7,33.6,27.4
2024-05-23 12:00:00.033,115,20.6,37.7,33.6,27.4
2024-05-23 12:30:00.020,115,20.7,37.8,33.6,27.4
2024-05-23 13:00:00.041,115,20.7,37.8,33.6,27.4
2024-05-23 13:29:59.964,115,20.8,37.8,33.6,27.4
2024-05-23 14:00:00.011,115,20.9,37.9,33.6,27.4
2024-05-23 14:30:00.010,115,21.0,38.0,33.6,27.4
2024-05-23 14:59:59.966,115,21.1,38.0,33.6,27.4
2024-05-23 15:29:59.943,115,21.2,38.1,33.6,27.4
2024-05-23 16:00:00.006,115,21.2,38.2,33.6,27.4
2024-05-23 16:59:59.286,115,21.4,38.3,33.7,27.4
2024-05-23 17:29:59.985,115,21.4,38.4,33.7,27.4
2024-05-23 18:29:59.895,115,21.4,38.6,33.7,27.5
2024-05-23 18:59:59.990,115,21.4,38.6,33.8,27.5
2024-05-23 19:29:59.971,115,21.3,38.7,33.8,27.5
2024-05-23 20:29:59.968,115,21.3,38.8,33.8,27.5
2024-05-23 21:00:00.020,115,21.2,38.8,33.8,27.5
2024-05-23 21:29:59.990,115,21.2,38.8,33.9,27.5
2024-05-23 22:00:00.111,115,21.2,38.8,33.9,27.6
2024-05-23 22:30:00.152,115,21.2,38.9,33.9,27.6
2024-05-23 23:00:00.194,115,21.1,38.9,34.0,27.6
2024-05-23 23:30:00.253,115,21.1,38.9,34.0,27.6
2024-05-24 00:00:00.319,115,21.0,38.8,34.0,27.6
2024-05-24 00:30:00.393,115,21.0,38.8,34.1,27.6
2024-05-24 01:00:00.443,115,20.9,38.9,34.1,27.6
2024-05-24 01:30:00.552,115,20.9,38.8,34.1,27.7
2024-05-24 02:00:00.602,115,20.9,38.8,34.1,27.7
2024-05-24 02:29:59.927,115,20.8,38.8,34.1,27.7
2024-05-24 03:00:00.379,115,20.8,38.8,34.1,27.7
2024-05-24 03:30:00.904,115,20.8,38.8,34.2,27.7
2024-05-24 04:00:00.994,115,20.8,38.7,34.2,27.7
2024-05-24 05:00:01.177,115,20.7,38.7,34.2,27.7
2024-05-24 05:30:01.307,115,20.7,38.7,34.2,27.7
2024-05-24 06:00:01.429,115,20.7,38.7,34.3,27.8
2024-05-24 06:30:01.545,115,20.6,38.6,34.3,27.8
2024-05-24 07:00:01.593,115,20.6,38.6,34.3,27.8
2024-05-24 07:30:01.223,115,20.6,38.6,34.3,27.8
2024-05-24 08:00:01.736,115,20.5,38.6,34.3,27.9
2024-05-24 08:30:01.748,115,20.5,38.5,34.3,27.9
2024-05-24 09:00:01.756,115,20.5,38.5,34.3,27.9
2024-05-24 09:30:01.285,115,20.5,38.5,34.3,27.9
2024-05-24 10:00:01.698,115,20.5,38.5,34.3,27.9
2024-05-24 10:30:01.043,115,20.5,38.5,34.3,27.9
2024-05-24 11:00:01.782,115,20.5,38.5,34.3,27.9
2024-05-24 11:30:01.760,115,20.5,38.5,34.3,27.9
2024-05-24 12:00:01.787,115,20.5,38.6,34.3,27.9
2024-05-24 12:30:01.677,115,20.5,38.6,34.3,27.9
2024-05-24 13:00:01.749,115,20.6,38.6,34.3,27.9
2024-05-24 13:30:01.755,115,20.7,38.7,34.3,27.9
2024-05-24 14:00:01.760,115,20.7,38.7,34.3,27.9
2024-05-24 14:30:01.721,115,20.7,38.7,34.4,27.9
2024-05-24 15:00:01.695,115,20.7,38.8,34.4,27.9
2024-05-24 15:30:01.733,115,20.8,38.8,34.4,27.9
2024-05-24 16:00:01.767,115,20.8,38.9,34.4,27.9
2024-05-24 16:30:01.767,115,20.8,39.0,34.5,28.0
2024-05-24 17:00:01.381,115,35.7,46.6,40.9,38.7
2024-05-24 17:30:01.876,115,40.3,46.7,41.0,38.8
2024-05-24 18:00:01.961,115,39.7,46.8,41.0,38.9
2024-05-24 18:30:02.060,115,39.7,46.7,41.1,38.9
2024-05-24 19:00:02.156,115,40.5,46.8,41.1,38.9
2024-05-24 19:30:01.507,115,35.3,46.7,41.0,39.0
2024-05-24 20:00:02.230,115,33.8,46.6,41.1,39.0
2024-05-24 20:30:02.389,115,32.5,46.6,41.0,39.0
2024-05-24 21:00:02.435,115,31.2,46.4,41.1,39.0
2024-05-24 21:30:02.567,115,30.2,45.7,41.1,39.0
2024-05-24 22:00:02.631,115,29.7,44.8,41.1,38.9
2024-05-24 22:30:02.698,115,29.4,44.0,41.1,38.9
2024-05-24 23:00:02.076,115,29.1,42.2,41.0,39.0
2024-05-24 23:30:02.778,115,29.0,41.5,40.7,38.9
2024-05-25 00:00:02.857,115,28.8,41.2,39.7,38.9
2024-05-25 00:30:02.944,115,28.6,40.9,39.1,38.8
2024-05-25 01:00:03.015,115,28.5,40.8,38.8,38.7
2024-05-25 01:30:03.101,115,28.5,40.6,38.5,38.2
2024-05-25 02:00:03.184,115,28.4,40.5,37.9,37.7
2024-05-25 02:30:03.188,115,28.3,40.4,37.3,36.7
2024-05-25 03:00:03.402,115,28.3,40.3,36.9,35.9
2024-05-25 03:30:03.413,115,28.2,40.2,36.7,35.6
2024-05-25 04:00:03.595,115,28.2,40.2,36.5,35.0
2024-05-25 04:30:03.692,115,28.1,40.1,36.4,34.5
2024-05-25 05:00:03.803,115,28.1,40.0,36.2,34.2
2024-05-25 05:30:03.909,115,28.0,40.0,36.2,33.8
2024-05-25 06:00:04.003,115,28.0,40.0,36.1,33.1
2024-05-25 06:30:04.081,115,28.0,39.9,36.0,32.7
2024-05-25 07:00:04.176,115,28.0,39.8,36.0,31.9
2024-05-25 07:30:04.247,115,27.9,39.8,35.9,31.2
2024-05-25 08:00:03.638,115,27.9,39.8,35.8,31.0
2024-05-25 08:30:04.418,115,27.9,39.7,35.7,30.7
2024-05-25 09:00:04.415,115,27.9,39.7,35.6,30.2
2024-05-25 09:30:04.434,115,27.8,39.7,35.6,29.8
2024-05-25 10:00:04.457,115,27.8,39.6,35.5,29.6
2024-05-25 10:30:04.450,115,27.7,39.7,35.5,29.4
2024-05-25 11:00:04.457,115,27.7,39.6,35.4,29.2
2024-05-25 12:00:04.441,115,27.6,39.6,35.3,29.1
2024-05-25 12:30:04.452,115,27.5,39.7,35.3,29.0
2024-05-25 13:00:04.463,115,27.4,39.7,35.3,29.0
2024-05-25 13:30:04.446,115,27.4,39.7,35.3,28.9
2024-05-25 14:00:04.464,115,27.3,39.7,35.2,28.9
2024-05-25 14:30:04.453,115,27.3,39.8,35.3,28.9
2024-05-25 15:00:04.400,115,27.3,39.8,35.2,28.8
2024-05-25 15:30:03.748,115,27.3,39.9,35.2,28.8
2024-05-25 16:00:03.786,115,27.3,39.9,35.2,28.8
2024-05-25 16:30:04.388,115,27.3,40.0,35.2,28.8
2024-05-25 17:00:04.423,115,27.3,40.1,35.2,28.8
2024-05-25 17:30:04.428,115,27.3,40.1,35.2,28.8
2024-05-25 18:00:03.742,115,27.3,40.2,35.2,28.8
2024-05-25 18:30:04.405,115,27.3,40.2,35.2,28.8
2024-05-25 19:00:04.415,115,27.2,40.2,35.2,28.7
2024-05-25 19:30:04.410,115,27.1,40.2,35.2,28.7
2024-05-25 20:00:04.422,115,27.0,40.3,35.2,28.7
2024-05-25 20:30:04.426,115,26.9,40.3,35.3,28.7
2024-05-25 21:00:04.445,115,26.8,40.3,35.3,28.7
2024-05-25 21:30:04.523,115,26.7,40.3,35.3,28.7
2024-05-25 22:00:04.655,115,26.6,40.3,35.3,28.7
2024-05-25 22:30:04.666,115,26.5,40.3,35.3,28.7
2024-05-25 23:00:04.876,115,26.3,40.3,35.3,28.7
2024-05-26 00:00:05.156,115,26.2,40.2,35.3,28.8
2024-05-26 00:30:04.574,115,26.1,40.1,35.3,28.8
2024-05-26 01:00:05.416,115,26.0,40.1,35.4,28.8
2024-05-26 01:30:05.550,115,25.9,40.0,35.4,28.8
2024-05-26 02:00:05.765,115,25.8,40.0,35.3,28.8
2024-05-26 02:30:05.803,115,25.7,40.0,35.4,28.8
2024-05-26 03:00:05.995,115,25.7,40.0,35.4,28.8
2024-05-26 04:00:06.255,115,25.5,39.9,35.4,28.8
2024-05-26 04:30:05.695,115,25.5,39.8,35.4,28.8
2024-05-26 05:00:06.536,115,25.4,39.8,35.4,28.8
2024-05-26 05:30:06.634,115,25.3,39.7,35.4,28.8
2024-05-26 06:00:06.759,115,25.2,39.7,35.4,28.9
2024-05-26 06:30:06.149,115,25.2,39.6,35.4,28.8
2024-05-26 07:00:06.494,115,25.1,39.6,35.3,28.8
2024-05-26 07:30:07.025,115,25.1,39.5,35.3,28.8
2024-05-26 08:00:07.103,115,25.1,39.5,35.3,28.8
2024-05-26 08:30:07.193,115,25.0,39.5,35.3,28.8
2024-05-26 09:30:07.256,115,25.0,39.5,35.3,28.9
2024-05-26 10:00:07.279,115,25.0,39.4,35.3,28.9
2024-05-26 10:30:07.371,115,25.0,39.4,35.3,28.9
2024-05-26 11:00:07.385,115,24.9,39.4,35.3,28.9
2024-05-26 11:30:07.454,115,24.9,39.4,35.3,28.9
2024-05-26 12:00:06.781,115,31.7,42.7,38.5,31.7
2024-05-26 12:30:07.128,115,43.1,45.3,40.5,37.7
2024-05-26 13:00:07.664,115,42.8,45.2,40.5,37.6
2024-05-26 14:00:07.769,115,36.0,45.1,40.5,37.5
2024-05-26 14:30:07.813,115,34.4,45.0,40.4,37.5
2024-05-26 15:00:07.855,115,33.0,45.0,40.5,37.5
2024-05-26 15:30:07.858,115,32.0,44.6,40.4,37.3
2024-05-26 16:00:07.431,115,31.4,44.2,40.4,37.3
2024-05-26 16:30:07.883,115,31.1,43.5,40.4,37.2
2024-05-26 17:00:07.818,115,30.9,42.6,40.3,37.1
2024-05-26 17:30:07.858,115,30.7,42.0,40.2,37.0
2024-05-26 18:00:07.797,115,30.6,41.6,39.9,37.0
2024-05-26 18:30:07.865,115,30.5,41.5,39.4,36.9
2024-05-26 19:00:07.451,115,30.4,41.5,39.1,36.6
2024-05-26 19:30:07.449,115,30.3,41.4,38.6,36.0
2024-05-26 20:00:07.197,115,30.3,41.4,38.4,35.6
2024-05-26 20:30:07.904,115,30.3,41.4,38.2,35.2
2024-05-26 21:00:07.921,115,30.2,41.4,38.1,35.0
2024-05-26 21:30:07.277,115,30.2,41.4,38.0,34.8
2024-05-26 22:00:07.305,115,30.1,41.3,37.9,34.6
2024-05-26 22:30:08.018,115,30.1,41.3,37.8,34.4
2024-05-26 23:00:08.076,115,30.0,41.3,37.7,34.1
2024-05-26 23:30:07.660,115,30.0,41.3,37.7,33.9
2024-05-27 00:00:08.213,115,30.0,41.3,37.7,33.7
2024-05-27 00:30:08.179,115,30.0,41.3,37.7,33.5
2024-05-27 01:00:08.242,115,30.0,41.3,37.6,33.3
2024-05-27 01:30:07.521,115,34.1,43.0,38.3,33.2
2024-05-27 02:00:08.380,115,33.4,43.3,40.3,37.9
2024-05-27 02:30:08.392,115,32.8,42.8,40.3,37.9
2024-05-27 03:00:07.760,115,32.3,42.5,40.1,37.9
2024-05-27 03:30:08.525,115,32.0,42.4,39.6,37.9
2024-05-27 04:00:08.147,115,31.7,42.3,39.5,37.6
2024-05-27 04:30:08.705,115,31.4,42.2,39.1,37.3
2024-05-27 05:00:08.799,115,31.2,42.1,39.0,37.3
2024-05-27 05:30:08.439,115,31.1,42.0,39.0,36.9
2024-05-27 06:00:09.036,115,30.9,41.9,38.9,36.4
2024-05-27 06:30:08.435,115,30.8,41.9,38.8,35.9
2024-05-27 07:00:09.239,115,30.6,41.8,38.6,35.4
2024-05-27 07:30:09.393,115,30.5,41.7,38.5,35.2
2024-05-27 08:00:09.510,115,30.4,41.6,38.3,34.9
2024-05-27 08:30:09.618,115,30.3,41.5,38.2,34.8
2024-05-27 09:00:09.761,115,30.2,41.4,38.1,34.5
2024-05-27 09:30:09.790,115,30.1,41.3,38.0,34.3
2024-05-27 10:00:09.972,115,30.0,41.3,37.9,34.0
2024-05-27 10:30:10.063,115,30.0,41.2,37.9,33.7
2024-05-27 11:00:10.197,115,29.9,41.2,37.8,33.6
2024-05-27 11:30:10.204,115,29.9,41.2,37.8,33.3
2024-05-27 12:00:10.252,115,29.9,41.1,37.7,32.8
2024-05-27 12:30:10.313,115,29.8,41.1,37.7,32.5
2024-05-27 13:00:10.331,115,29.8,41.1,37.7,32.1
2024-05-27 13:30:09.991,115,29.8,41.1,37.6,32.0
2024-05-27 14:00:10.483,115,29.8,41.0,37.5,31.9
2024-05-27 14:30:10.473,115,29.7,41.1,37.4,31.8
2024-05-27 15:00:10.452,115,29.7,41.0,37.4,31.6
2024-05-27 15:30:10.510,115,29.7,41.0,37.3,31.4
2024-05-27 16:00:10.549,115,29.7,41.1,37.3,31.2
2024-05-27 16:30:10.533,115,29.6,41.1,37.3,31.0
2024-05-27 17:00:10.521,115,29.6,41.1,37.2,30.9
2024-05-27 17:30:10.520,115,29.6,41.1,37.2,30.8
2024-05-27 18:00:10.530,115,29.5,41.2,37.2,30.7
2024-05-27 18:30:10.517,115,29.5,41.2,37.2,30.6
2024-05-27 19:00:10.549,115,29.4,41.2,37.2,30.5
2024-05-27 19:30:10.531,115,29.3,41.2,37.2,30.4
2024-05-27 20:00:10.552,115,29.3,41.2,37.1,30.4
2024-05-27 20:30:10.546,115,29.2,41.3,37.1,30.4
2024-05-27 21:00:10.604,115,29.1,41.3,37.1,30.3
2024-05-27 21:30:10.659,115,29.0,41.3,37.1,30.3
2024-05-27 22:00:10.671,115,29.0,41.2,37.1,30.2
2024-05-27 22:30:10.377,115,28.9,41.2,37.1,30.2
2024-05-27 23:00:10.913,115,28.8,41.2,37.1,30.2
2024-05-27 23:30:10.992,115,28.8,41.2,37.1,30.2
2024-05-28 00:00:11.116,115,28.7,41.2,37.1,30.2
2024-05-28 00:30:11.131,115,28.7,41.1,37.1,30.2
2024-05-28 01:00:11.324,115,28.6,41.1,37.1,30.2
2024-05-28 01:30:11.500,115,28.5,41.0,37.1,30.2
2024-05-28 02:00:11.609,115,28.5,41.0,37.1,30.2
2024-05-28 02:30:11.029,115,28.5,41.0,37.1,30.2
2024-05-28 03:00:11.971,115,28.4,41.0,37.0,30.1
2024-05-28 03:30:12.138,115,28.4,40.9,37.0,30.1
2024-05-28 04:00:12.251,115,28.3,40.9,37.0,30.1
2024-05-28 04:30:12.394,115,28.3,40.9,37.0,30.1
2024-05-28 05:00:12.892,115,28.3,40.8,37.0,30.1
2024-05-28 05:30:12.834,115,28.2,40.8,36.9,30.1
2024-05-28 06:00:13.102,115,28.1,40.7,36.9,30.1
2024-05-28 06:30:13.202,115,28.1,40.7,36.9,30.1
2024-05-28 07:00:13.323,115,28.1,40.7,36.8,30.1
2024-05-28 07:30:13.416,115,28.0,40.6,36.8,30.1
2024-05-28 08:00:13.494,115,28.0,40.6,36.8,30.1
2024-05-28 09:00:12.769,115,28.0,40.6,36.8,30.1
2024-05-28 09:30:13.477,115,28.1,40.5,36.7,30.0
2024-05-28 10:00:13.480,115,28.1,40.5,36.7,30.0
2024-05-28 10:30:13.429,115,28.2,40.5,36.7,30.0
2024-05-28 11:00:13.117,115,28.2,40.5,36.7,30.0
2024-05-28 12:00:13.489,115,28.3,40.5,36.6,30.0
2024-05-28 12:30:13.422,115,28.4,40.6,36.6,30.0
2024-05-28 13:00:13.509,115,28.4,40.6,36.6,30.0
2024-05-28 13:30:13.405,115,28.5,40.7,36.6,30.0
2024-05-28 14:00:13.487,115,28.5,40.7,36.6,30.0
2024-05-28 15:00:13.481,115,28.7,40.9,36.6,29.9
2024-05-28 15:30:13.462,115,28.7,40.9,36.6,30.0
2024-05-28 16:00:13.483,115,28.8,41.0,36.6,29.9
2024-05-28 16:30:13.476,115,28.8,41.0,36.6,29.9
2024-05-28 17:00:13.050,115,28.7,41.2,36.6,30.0
2024-05-28 17:30:13.474,115,28.7,41.2,36.7,29.9
2024-05-28 18:00:13.509,115,28.7,41.2,36.7,29.9
2024-05-28 18:30:13.503,115,28.7,41.3,36.7,29.9
2024-05-28 19:00:13.524,115,28.6,41.3,36.7,29.9
2024-05-28 19:30:13.507,115,28.6,41.3,36.7,29.9
2024-05-28 20:00:13.542,115,28.5,41.3,36.8,29.9
2024-05-28 20:30:13.557,115,28.4,41.3,36.8,29.9
2024-05-28 21:00:13.652,115,28.3,41.3,36.8,29.9
2024-05-28 21:30:13.695,115,28.2,41.3,36.8,29.9
2024-05-28 22:00:13.829,115,28.0,41.3,36.8,29.9
2024-05-28 22:30:13.882,115,27.9,41.2,36.8,29.9
2024-05-28 23:00:13.408,115,27.9,41.2,36.8,29.9
2024-05-28 23:30:14.200,115,27.7,41.2,36.8,29.9
2024-05-29 00:00:13.945,115,27.7,41.2,36.8,29.9
2024-05-29 00:30:14.537,115,27.5,41.1,36.8,29.9
2024-05-29 01:00:14.680,115,27.5,41.1,36.8,29.9
2024-05-29 01:30:14.853,115,27.4,41.0,36.8,30.0
2024-05-29 02:00:15.061,115,27.3,40.9,36.8,29.9
2024-05-29 02:30:15.139,115,27.2,40.9,36.8,30.0
2024-05-29 03:00:15.379,115,27.2,40.9,36.8,29.9
2024-05-29 03:30:15.121,115,27.0,40.8,36.8,30.0
2024-05-29 04:00:15.757,115,27.0,40.8,36.8,30.0
2024-05-29 04:30:15.223,115,27.0,40.7,36.8,30.0
2024-05-29 05:00:16.037,115,26.9,40.7,36.8,30.0
2024-05-29 05:30:16.195,115,26.9,40.6,36.7,30.0
2024-05-29 06:00:16.415,115,26.8,40.6,36.7,30.0
2024-05-29 06:30:16.591,115,26.8,40.5,36.7,30.0
2024-05-29 07:00:16.743,115,26.8,40.5,36.7,30.0
2024-05-29 07:30:16.903,115,26.7,40.5,36.7,29.9
2024-05-29 08:00:17.039,115,26.7,40.4,36.6,29.9
2024-05-29 08:30:16.472,115,26.7,40.4,36.6,29.9
2024-05-29 09:30:17.273,115,26.7,40.3,36.6,29.9
2024-05-29 10:00:17.440,115,26.7,40.3,36.6,29.9
2024-05-29 10:30:17.049,115,26.7,40.3,36.6,29.9
2024-05-29 11:00:17.539,115,26.7,40.3,36.6,29.9
2024-05-29 11:30:16.848,115,26.8,40.3,36.5,29.9
2024-05-29 12:00:17.567,115,26.8,40.3,36.5,29.9
2024-05-29 12:30:17.569,115,27.0,40.3,36.5,29.9
2024-05-29 13:00:17.586,115,27.1,40.4,36.5,29.9
2024-05-29 13:30:16.876,115,27.2,40.4,36.5,29.9
2024-05-29 14:00:17.147,115,27.3,40.5,36.5,29.9
2024-05-29 15:00:17.551,115,27.6,40.6,36.5,29.9
2024-05-29 15:30:17.579,115,27.8,40.7,36.5,29.9
2024-05-29 16:00:17.595,115,27.9,40.8,36.4,29.9
2024-05-29 16:30:16.787,115,28.0,40.9,36.4,29.8
2024-05-29 17:00:17.586,115,28.0,40.9,36.5,29.8
2024-05-29 17:30:17.561,115,28.1,41.0,36.5,29.8
2024-05-29 18:00:17.097,115,28.1,41.1,36.5,29.8
2024-05-29 18:30:17.592,115,28.1,41.2,36.6,29.8
2024-05-29 19:00:17.528,115,28.1,41.3,36.6,29.8
2024-05-29 19:30:17.592,115,28.1,41.4,36.6,29.8
2024-05-29 20:00:17.641,115,28.0,41.4,36.6,29.8
2024-05-29 20:30:17.686,115,27.9,41.4,36.6,29.8
2024-05-29 21:00:17.764,115,27.8,41.5,36.7,29.8
2024-05-29 21:30:17.791,115,27.7,41.5,36.7,29.8
2024-05-29 22:00:17.539,115,27.6,41.5,36.7,29.8
2024-05-29 22:30:18.055,115,27.5,41.5,36.8,29.8
2024-05-29 23:00:18.269,115,27.4,41.5,36.8,29.8
2024-05-29 23:30:18.442,115,27.3,41.5,36.8,29.9
2024-05-30 00:00:18.641,115,27.2,41.5,36.8,29.8
2024-05-30 00:30:18.797,115,27.1,41.4,36.8,29.9
2024-05-30 01:00:19.039,115,27.0,41.4,36.8,29.9
2024-05-30 01:30:18.762,115,26.9,41.3,36.9,29.9
2024-05-30 02:00:19.434,115,26.8,41.3,36.9,29.9
2024-05-30 02:30:19.637,115,26.8,41.3,36.9,29.9
2024-05-30 03:00:19.884,115,26.7,41.2,36.9,29.9
2024-05-30 03:30:19.669,115,26.6,41.2,36.9,29.9
2024-05-30 04:00:19.939,115,26.5,41.1,36.9,29.9
2024-05-30 04:30:20.646,115,26.4,41.1,36.9,29.9
2024-05-30 05:00:20.176,115,26.3,41.0,36.9,29.9
2024-05-30 05:30:20.520,115,26.3,40.9,36.9,29.9
2024-05-30 06:00:21.531,115,26.2,40.9,36.9,29.9
2024-05-30 06:30:21.263,115,26.1,40.9,36.9,29.9
2024-05-30 07:00:21.892,115,26.0,40.8,36.9,29.9
2024-05-30 07:30:21.967,115,26.0,40.7,36.8,29.9
2024-05-30 08:00:21.996,115,25.9,40.7,36.8,29.9
2024-05-30 08:30:21.555,115,25.9,40.7,36.8,29.9
2024-05-30 09:00:22.019,115,25.9,40.6,36.8,29.9
2024-05-30 09:30:21.986,115,26.0,40.6,36.8,29.9
2024-05-30 10:00:22.003,115,26.0,40.6,36.8,29.9
2024-05-30 10:30:22.007,115,26.1,40.5,36.8,29.9
2024-05-30 11:00:21.985,115,26.3,40.6,36.8,29.9
2024-05-30 11:30:21.982,115,26.4,40.6,36.8,29.9
2024-05-30 12:00:21.565,115,26.6,40.7,36.7,29.9
2024-05-30 12:30:21.538,115,26.8,40.7,36.7,29.9
2024-05-30 13:00:21.904,115,27.0,40.8,36.7,29.9
2024-05-30 13:30:23.717,115,,,,
2024-05-30 14:00:21.962,115,27.4,41.0,36.7,29.9
2024-05-30 14:30:21.949,115,27.6,41.1,36.7,29.9
2024-05-30 15:00:21.963,115,27.8,41.2,36.7,29.9
2024-05-30 16:00:21.889,115,28.1,41.4,36.7,29.9
2024-05-30 16:30:21.885,115,28.2,41.6,36.8,29.9
2024-05-30 17:00:21.939,115,28.3,41.7,36.8,29.9
2024-05-30 17:30:21.235,115,28.3,41.8,36.8,29.9
2024-05-30 18:00:21.931,115,28.4,41.9,36.8,29.9
2024-05-30 18:30:21.831,115,28.4,42.0,36.9,29.9
2024-05-30 19:30:21.914,115,28.3,42.2,37.0,29.9
2024-05-30 20:00:21.499,115,28.2,42.2,37.0,30.0
2024-05-30 20:30:21.933,115,28.1,42.3,37.1,30.0
2024-05-30 21:00:22.030,115,27.9,42.3,37.1,30.0
2024-05-30 21:30:21.611,115,27.8,42.3,37.1,30.0
2024-05-30 22:30:22.222,115,27.5,42.3,37.3,30.0
2024-05-30 23:00:22.440,115,27.4,42.3,37.3,30.0
2024-05-30 23:30:22.510,115,27.3,42.2,37.3,30.0
2024-05-31 00:00:22.759,115,27.1,42.2,37.3,30.0
2024-05-31 00:30:22.464,115,27.0,42.1,37.4,30.0
2024-05-31 01:00:23.087,115,26.9,42.1,37.4,30.0
2024-05-31 01:30:23.256,115,26.8,42.0,37.4,30.1
2024-05-31 02:00:23.444,115,26.6,42.0,37.4,30.1
2024-05-31 02:30:23.560,115,26.5,41.9,37.4,30.1
2024-05-31 03:00:23.692,115,26.4,41.8,37.4,30.1
2024-05-31 03:30:23.845,115,26.3,41.8,37.4,30.1
2024-05-31 04:00:24.029,115,26.2,41.7,37.4,30.1
2024-05-31 04:30:24.115,115,26.2,41.6,37.4,30.1
2024-05-31 05:00:23.599,115,26.1,41.6,37.4,30.1
2024-05-31 05:30:24.333,115,26.0,41.5,37.4,30.1
2024-05-31 06:00:23.764,115,25.9,41.4,37.3,30.2
2024-05-31 06:30:24.674,115,25.8,41.4,37.3,30.2
2024-05-31 07:00:24.798,115,25.7,41.3,37.3,30.2
2024-05-31 07:30:24.790,115,25.7,41.3,37.3,30.2
2024-05-31 08:00:24.165,115,25.6,41.2,37.3,30.2
2024-05-31 08:30:24.834,115,25.6,41.2,37.3,30.2
2024-05-31 09:00:24.173,115,25.5,41.2,37.3,30.2
2024-05-31 09:30:24.832,115,25.6,41.1,37.2,30.2
2024-05-31 10:00:24.815,115,25.6,41.1,37.2,30.2
2024-05-31 10:30:24.787,115,25.7,41.1,37.2,30.2
2024-05-31 11:00:24.880,115,25.8,41.1,37.2,30.2
2024-05-31 11:30:24.824,115,26.0,41.1,37.2,30.2
2024-05-31 12:00:24.850,115,26.0,41.2,37.2,30.2
2024-05-31 12:30:24.823,115,26.2,41.2,37.2,30.2
2024-05-31 13:00:24.844,115,26.3,41.3,37.1,30.2
2024-05-31 13:30:24.837,115,26.5,41.3,37.1,30.2
2024-05-31 14:00:24.873,115,26.6,41.4,37.1,30.2
2024-05-31 14:30:24.807,115,26.8,41.4,37.1,30.2
2024-05-31 15:00:24.829,115,27.0,41.5,37.2,30.2
2024-05-31 16:00:24.802,115,27.2,41.7,37.2,30.2
2024-05-31 16:30:24.803,115,27.3,41.8,37.2,30.2
2024-05-31 17:00:24.752,115,27.4,41.9,37.2,30.2
2024-05-31 17:30:24.781,115,27.4,42.0,37.2,30.2
2024-05-31 18:00:24.799,115,27.4,42.1,37.3,30.2
2024-05-31 18:30:24.771,115,27.4,42.1,37.3,30.2
2024-05-31 19:00:24.813,115,27.3,42.2,37.3,30.2
2024-05-31 19:30:24.775,115,27.2,42.2,37.3,30.2
2024-05-31 20:00:24.389,115,27.1,42.3,37.4,30.2
2024-05-31 20:30:24.805,115,27.0,42.3,37.4,30.2
2024-05-31 21:00:24.849,115,26.9,42.3,37.4,30.2
2024-05-31 21:30:24.867,115,26.8,42.3,37.5,30.2
2024-05-31 22:00:24.972,115,26.6,42.3,37.5,30.2
2024-05-31 22:30:25.012,115,26.5,42.3,37.5,30.2
2024-05-31 23:00:25.133,115,26.4,42.3,37.5,30.3
2024-05-31 23:30:24.690,115,26.3,42.3,37.5,30.3
2024-06-01 00:00:24.803,115,26.1,42.2,37.6,30.3
2024-06-01 00:30:25.321,115,26.0,42.2,37.6,30.3
2024-06-01 01:00:25.436,115,25.9,42.1,37.6,30.3
2024-06-01 01:30:25.442,115,25.8,42.1,37.6,30.3
2024-06-01 02:00:25.682,115,25.7,42.0,37.6,30.3
2024-06-01 02:30:24.954,115,25.6,42.0,37.6,30.3
2024-06-01 03:30:25.800,115,25.5,41.8,37.6,30.4
2024-06-01 04:00:25.865,115,25.4,41.8,37.6,30.4
2024-06-01 04:30:25.996,115,25.3,41.7,37.6,30.4
2024-06-01 05:00:26.077,115,25.2,41.7,37.6,30.4
2024-06-01 05:30:26.167,115,25.1,41.7,37.6,30.4
2024-06-01 06:00:26.284,115,25.1,41.6,37.6,30.4
2024-06-01 06:30:26.395,115,25.0,41.6,37.6,30.4
2024-06-01 07:00:26.501,115,25.0,41.6,37.6,30.4
2024-06-01 07:30:26.548,115,24.9,41.5,37.6,30.4
2024-06-01 08:00:26.596,115,24.9,41.5,37.5,30.4
2024-06-01 09:00:26.674,115,24.8,41.4,37.5,30.4
2024-06-01 09:30:26.725,115,24.8,41.4,37.5,30.4
2024-06-01 10:00:26.319,115,24.8,41.4,37.5,30.4
2024-06-01 10:30:26.800,115,24.8,41.4,37.5,30.4
2024-06-01 11:00:26.839,115,24.8,41.4,37.5,30.4
2024-06-01 11:30:26.835,115,24.8,41.4,37.5,30.4
2024-06-01 12:00:26.857,115,24.8,41.4,37.5,30.4
2024-06-01 12:30:26.872,115,24.9,41.4,37.5,30.4
2024-06-01 13:00:26.156,115,24.9,41.4,37.4,30.4
2024-06-01 13:30:26.228,115,25.0,41.4,37.4,30.4
2024-06-01 14:00:26.270,115,25.0,41.4,37.4,30.4
2024-06-01 14:30:26.245,115,25.0,41.4,37.5,30.5
2024-06-01 15:00:27.062,115,25.0,41.4,37.5,30.5
2024-06-01 15:30:27.097,115,25.0,41.4,37.5,30.5
2024-06-01 16:00:27.167,115,25.0,41.4,37.5,30.5
2024-06-01 16:30:27.212,115,24.9,41.5,37.5,30.5
2024-06-01 17:00:27.289,115,24.9,41.4,37.5,30.5
2024-06-01 17:30:27.317,115,27.1,41.5,37.5,30.5
2024-06-01 18:00:27.395,115,27.0,41.5,37.5,30.5
2024-06-01 18:30:27.468,115,28.9,41.6,37.5,30.5
2024-06-01 19:00:27.492,115,33.6,43.7,40.1,37.3
2024-06-01 19:30:27.601,115,43.4,46.7,41.3,39.1
2024-06-01 20:00:27.689,115,40.7,46.5,41.9,39.3
2024-06-01 21:00:27.838,115,37.2,46.6,41.9,39.3
2024-06-01 21:30:27.919,115,35.4,46.5,41.9,39.3
2024-06-01 22:00:27.949,115,33.5,46.4,41.8,39.2
2024-06-01 22:30:28.090,115,32.2,45.7,41.7,39.1
2024-06-01 23:00:28.171,115,31.6,44.5,41.7,39.0
2024-06-01 23:30:28.253,115,31.3,43.5,41.3,38.9
2024-06-02 00:00:28.382,115,31.1,43.0,40.8,38.6
2024-06-02 00:30:28.391,115,31.1,42.9,40.3,38.3
2024-06-02 01:00:27.769,115,31.0,42.8,40.1,37.7
2024-06-02 01:30:28.534,115,30.8,42.6,39.8,36.7
2024-06-02 02:30:28.676,115,30.5,42.5,39.3,35.3
2024-06-02 03:00:28.865,115,30.4,42.4,39.2,34.8
2024-06-02 03:30:28.221,115,30.2,42.3,39.0,34.3
2024-06-02 04:00:29.002,115,30.1,42.3,39.0,33.6
2024-06-02 04:30:29.086,115,30.0,42.2,38.8,33.0
2024-06-02 05:00:29.181,115,29.9,42.2,38.7,32.8
2024-06-02 05:30:29.230,115,29.8,42.1,38.5,32.4
2024-06-02 06:00:29.331,115,29.7,42.0,38.4,32.0
2024-06-02 06:30:29.402,115,29.7,42.0,38.3,31.7
2024-06-02 07:00:29.481,115,29.6,42.0,38.3,31.5
2024-06-02 07:30:29.548,115,29.5,42.0,38.2,31.3
2024-06-02 08:00:29.628,115,29.5,41.9,38.1,31.1
2024-06-02 09:30:29.787,115,29.4,41.9,37.9,30.9
2024-06-02 10:00:29.900,115,29.4,41.9,37.9,30.8
2024-06-02 10:30:30.019,115,29.4,41.8,37.9,30.8
2024-06-02 11:00:29.312,115,29.3,41.8,37.8,30.7
2024-06-02 11:30:29.653,115,29.3,41.8,37.8,30.7
2024-06-02 12:00:30.055,115,29.3,41.8,37.7,30.7
2024-06-02 12:30:30.107,115,29.3,41.8,37.7,30.6
2024-06-02 13:00:30.177,115,29.2,41.8,37.7,30.6
2024-06-02 13:30:30.174,115,29.3,41.8,37.6,30.6
2024-06-02 14:00:29.497,115,29.5,41.8,37.6,30.6
2024-06-02 14:30:30.188,115,29.6,41.8,37.6,30.6
2024-06-02 15:00:30.138,115,29.6,41.8,37.6,30.6
2024-06-02 16:00:30.166,115,29.7,41.9,37.6,30.6
2024-06-02 16:30:30.174,115,29.8,41.9,37.6,30.5
2024-06-02 17:00:30.160,115,29.8,41.9,37.6,30.5
2024-06-02 17:30:30.097,115,29.9,42.0,37.6,30.5
2024-06-02 18:00:29.724,115,29.9,42.1,37.6,30.5
2024-06-02 18:30:30.152,115,29.8,42.1,37.5,30.5
2024-06-02 19:00:30.158,115,29.8,42.2,37.5,30.5
2024-06-02 19:30:30.157,115,29.7,42.2,37.6,30.5
2024-06-02 20:00:30.166,115,29.7,42.3,37.6,30.5
2024-06-02 20:30:30.157,115,29.6,42.3,37.6,30.5
2024-06-02 21:00:30.177,115,29.5,42.3,37.6,30.5
2024-06-02 21:30:29.508,115,29.3,42.3,37.6,30.5
2024-06-02 22:00:29.575,115,29.3,42.3,37.6,30.5
2024-06-02 22:30:30.285,115,29.1,42.3,37.6,30.5
2024-06-02 23:00:30.435,115,29.0,42.3,37.6,30.5
2024-06-02 23:30:30.425,115,28.9,42.3,37.6,30.5
2024-06-03 00:00:29.831,115,28.8,42.3,37.7,30.5
2024-06-03 00:30:30.679,115,28.7,42.3,37.7,30.5
2024-06-03 01:30:30.868,115,28.5,42.2,37.7,30.5
2024-06-03 02:00:30.566,115,28.7,42.1,37.7,30.5
2024-06-03 02:30:31.120,115,28.8,42.1,37.7,30.5
2024-06-03 03:00:31.248,115,28.8,42.1,37.7,30.6
2024-06-03 03:30:31.378,115,28.7,42.0,37.7,30.6
2024-06-03 04:00:31.506,115,28.6,42.0,37.7,30.6
2024-06-03 04:30:31.610,115,28.6,41.9,37.7,30.6
2024-06-03 05:00:31.758,115,28.5,41.9,37.7,30.6
2024-06-03 05:30:31.849,115,28.5,41.9,37.7,30.6
2024-06-03 06:00:31.913,115,28.5,41.8,37.7,30.6
2024-06-03 06:30:31.638,115,28.4,41.8,37.7,30.6
2024-06-03 07:00:32.181,115,28.4,41.8,37.7,30.6
2024-06-03 08:00:32.184,115,28.3,41.7,37.6,30.6
2024-06-03 08:30:31.731,115,28.3,41.7,37.7,30.6
2024-06-03 09:00:32.217,115,28.3,41.6,37.6,30.6
2024-06-03 09:30:34.960,115,,,,
2024-06-03 10:00:34.952,115,,,,
2024-06-03 10:30:32.131,115,28.2,41.7,37.7,30.8
2024-06-03 11:00:32.093,115,28.3,41.7,37.7,30.8
2024-06-03 11:30:32.142,115,28.4,41.8,37.7,30.8
2024-06-03 12:00:32.160,115,28.5,41.8,37.7,30.8
2024-06-03 12:30:32.131,115,28.6,41.8,37.7,30.8
2024-06-03 13:00:31.701,115,28.7,41.9,37.7,30.8
2024-06-03 13:30:32.139,115,28.9,41.9,37.7,30.8
2024-06-03 14:00:32.142,115,29.0,42.0,37.7,30.8
2024-06-03 14:30:32.121,115,29.1,42.1,37.7,30.7
2024-06-03 15:00:32.140,115,29.3,42.2,37.7,30.8
2024-06-03 15:30:32.062,115,29.4,42.3,37.7,30.8
2024-06-03 16:00:32.087,115,29.5,42.4,37.7,30.8
2024-06-03 16:30:32.080,115,29.6,42.5,37.7,30.8
2024-06-03 17:00:31.673,115,29.6,42.6,37.8,30.8
2024-06-03 17:30:31.389,115,29.6,42.6,37.8,30.8
2024-06-03 18:00:32.074,115,29.6,42.7,37.8,30.8
2024-06-03 18:30:31.624,115,29.6,42.8,37.9,30.8
2024-06-03 19:00:32.093,115,29.5,42.9,37.9,30.8
2024-06-03 19:30:32.058,115,29.5,42.9,37.9,30.8
2024-06-03 20:00:32.101,115,29.4,43.0,37.9,30.8
2024-06-03 20:30:32.064,115,29.3,43.0,38.0,30.8
2024-06-03 21:00:32.087,115,29.1,43.1,38.0,30.8
2024-06-03 21:30:32.060,115,29.0,43.1,38.0,30.8
2024-06-03 22:00:31.704,115,28.8,43.1,38.0,30.8
2024-06-03 22:30:31.677,115,28.7,43.1,38.1,30.8
2024-06-03 23:00:32.116,115,28.6,43.1,38.1,30.8
2024-06-03 23:30:32.198,115,28.4,43.1,38.1,30.8
2024-06-04 00:00:32.258,115,28.3,43.0,38.1,30.8
2024-06-04 00:30:31.581,115,28.2,43.0,38.2,30.8
2024-06-04 01:00:31.949,115,28.0,43.0,38.2,30.9
2024-06-04 01:30:32.379,115,27.9,43.0,38.2,30.9
2024-06-04 02:00:32.401,115,27.8,42.9,38.3,30.9
2024-06-04 02:30:32.430,115,27.7,42.9,38.2,30.9
2024-06-04 03:00:31.723,115,27.6,42.8,38.3,30.9
2024-06-04 03:30:31.835,115,27.5,42.8,38.3,30.9
2024-06-04 04:00:32.590,115,27.4,42.7,38.3,30.9
2024-06-04 04:30:32.600,115,27.4,42.7,38.3,30.9
2024-06-04 05:30:32.674,115,27.2,42.6,38.3,30.9
2024-06-04 06:00:32.859,115,27.0,42.6,38.3,30.9
2024-06-04 06:30:32.907,115,27.0,42.5,38.3,31.0
2024-06-04 07:00:32.961,115,27.0,42.5,38.3,31.0
2024-06-04 07:30:32.965,115,26.9,42.4,38.3,31.0
2024-06-04 08:00:33.023,115,26.8,42.4,38.3,31.0
2024-06-04 08:30:32.309,115,26.8,42.4,38.3,31.0
2024-06-04 09:00:33.020,115,26.8,42.3,38.3,31.0
2024-06-04 09:30:32.991,115,26.8,42.3,38.3,31.0
2024-06-04 10:00:33.010,115,26.8,42.3,38.3,31.0
2024-06-04 10:30:32.312,115,26.9,42.3,38.3,31.0
2024-06-04 11:00:33.002,115,27.0,42.3,38.2,31.0
2024-06-04 11:30:32.992,115,27.1,42.3,38.2,31.0
2024-06-04 12:00:32.354,115,27.2,42.4,38.2,31.0
2024-06-04 12:30:32.913,115,27.3,42.4,38.2,31.0
2024-06-04 13:00:32.281,115,27.5,42.5,38.2,31.0
2024-06-04 13:30:32.266,115,27.6,42.6,38.2,31.0
2024-06-04 14:00:33.035,115,27.8,42.6,38.2,31.0
2024-06-04 14:30:32.949,115,27.8,42.7,38.2,31.0
2024-06-04 15:00:32.956,115,27.9,42.8,38.3,31.0
2024-06-04 15:30:32.960,115,27.9,42.8,38.3,31.0
2024-06-04 16:00:32.967,115,27.9,42.9,38.3,31.0
2024-06-04 16:30:32.947,115,27.9,43.0,38.3,31.0
2024-06-04 17:00:32.956,115,27.9,43.0,38.3,31.0
2024-06-04 17:30:32.924,115,27.8,43.0,38.3,31.0
2024-06-04 18:00:32.950,115,27.8,43.1,38.3,31.0
2024-06-04 18:30:32.235,115,27.8,43.1,38.4,31.0
2024-06-04 19:00:32.929,115,27.7,43.2,38.4,31.1
2024-06-04 19:30:33.009,115,27.7,43.2,38.4,31.0
2024-06-04 20:00:32.481,115,27.6,43.2,38.4,31.0
2024-06-04 20:30:32.921,115,27.5,43.2,38.5,31.1
2024-06-04 21:00:32.253,115,27.5,43.2,38.5,31.1
2024-06-04 21:30:32.450,115,27.3,43.2,38.5,31.1
2024-06-04 22:00:32.932,115,27.3,43.2,38.5,31.1
2024-06-04 22:30:32.930,115,27.2,43.2,38.6,31.1
2024-06-04 23:00:32.955,115,27.1,43.2,38.6,31.1
2024-06-04 23:30:32.936,115,27.0,43.2,38.6,31.1
2024-06-05 00:00:32.896,115,26.9,43.2,38.6,31.1
2024-06-05 00:30:32.949,115,26.8,43.2,38.6,31.1
2024-06-05 01:00:32.961,115,26.7,43.2,38.6,31.1
2024-06-05 01:30:32.997,115,26.6,43.1,38.6,31.2
2024-06-05 02:00:32.374,115,26.5,43.1,38.7,31.2
2024-06-05 02:30:33.026,115,26.5,43.0,38.7,31.2
2024-06-05 03:00:33.075,115,26.4,43.0,38.7,31.2
2024-06-05 03:30:33.090,115,26.3,43.0,38.7,31.2
2024-06-05 04:00:33.133,115,26.3,43.0,38.7,31.2
2024-06-05 04:30:32.703,115,26.2,43.0,38.7,31.2
2024-06-05 05:00:33.160,115,26.2,42.9,38.7,31.2
2024-06-05 05:30:33.207,115,26.1,42.9,38.7,31.2
2024-06-05 06:00:33.284,115,26.0,42.8,38.7,31.2
2024-06-05 06:30:33.299,115,26.0,42.8,38.7,31.2
2024-06-05 07:00:33.313,115,25.9,42.8,38.7,31.2
2024-06-05 07:30:33.284,115,25.9,42.8,38.7,31.2
2024-06-05 08:00:33.343,115,25.9,42.7,38.7,31.3
2024-06-05 08:30:33.358,115,25.9,42.7,38.7,31.3
2024-06-05 09:00:33.387,115,25.9,42.7,38.7,31.3
2024-06-05 09:30:33.332,115,25.9,42.7,38.7,31.3
2024-06-05 10:30:33.324,115,30.5,45.6,40.6,32.2
2024-06-05 11:00:33.392,115,40.4,48.1,42.2,38.5
2024-06-05 11:30:33.378,115,38.2,48.1,42.2,38.5
2024-06-05 12:00:33.455,115,36.0,48.1,42.2,38.4
2024-06-05 12:30:33.498,115,34.1,47.4,42.4,38.3
2024-06-05 13:00:33.506,115,33.4,46.4,42.3,38.1
2024-06-05 13:30:33.515,115,33.0,45.0,42.2,37.9
2024-06-05 14:00:33.523,115,32.7,44.6,41.4,37.6
2024-06-05 14:30:33.551,115,33.0,44.5,41.2,36.5
2024-06-05 15:00:32.863,115,34.9,45.7,42.2,38.9
2024-06-05 15:30:33.558,115,34.2,45.3,41.9,38.4
2024-06-05 16:00:33.596,115,33.7,44.9,41.8,38.1
2024-06-05 16:30:33.555,115,33.3,44.7,41.6,37.0
2024-06-05 17:00:32.817,115,33.1,44.6,41.4,36.4
2024-06-05 17:30:33.555,115,32.8,44.5,41.2,35.9
2024-06-05 18:00:33.565,115,32.6,44.4,41.1,35.3
2024-06-05 18:30:33.553,115,32.4,44.4,41.0,34.6
2024-06-05 19:00:33.555,115,32.3,44.3,40.9,34.0
2024-06-05 19:30:33.556,115,32.1,44.3,40.7,33.7
2024-06-05 20:00:33.582,115,32.0,44.2,40.7,33.4
2024-06-05 20:30:33.569,115,31.8,44.2,40.6,33.1
2024-06-05 21:00:33.617,115,31.6,44.1,40.5,32.9
2024-06-05 21:30:33.616,115,31.5,44.1,40.5,32.7
2024-06-05 22:00:32.982,115,31.3,44.0,40.4,32.5
2024-06-05 22:30:33.277,115,31.2,43.9,40.3,32.3
2024-06-05 23:00:33.843,115,31.1,43.9,40.3,32.2
2024-06-05 23:30:33.898,115,30.9,43.9,40.3,32.2
2024-06-06 00:00:33.561,115,30.8,43.8,40.2,32.1
2024-06-06 00:30:34.095,115,30.8,43.7,40.1,32.0
2024-06-06 01:00:34.213,115,30.6,43.7,40.1,32.0
2024-06-06 01:30:34.254,115,30.5,43.6,40.1,32.0
2024-06-06 02:00:34.424,115,30.4,43.5,40.0,31.9
2024-06-06 02:30:34.532,115,30.3,43.5,39.9,31.9
2024-06-06 03:00:34.670,115,30.3,43.4,39.9,31.9
2024-06-06 03:30:34.689,115,30.2,43.4,39.9,31.9
2024-06-06 04:00:34.168,115,30.1,43.3,39.8,31.9
2024-06-06 04:30:34.911,115,30.1,43.3,39.8,31.8
2024-06-06 05:00:35.041,115,30.0,43.2,39.8,31.8
2024-06-06 05:30:35.051,115,30.0,43.2,39.7,31.8
2024-06-06 06:00:35.208,115,30.0,43.1,39.7,31.8
2024-06-06 06:30:35.195,115,29.9,43.1,39.6,31.8
2024-06-06 07:00:35.350,115,29.9,43.0,39.6,31.8
2024-06-06 07:30:35.364,115,29.8,43.0,39.5,31.8
2024-06-06 08:00:34.873,115,29.8,43.0,39.5,31.8
2024-06-06 08:30:35.312,115,29.7,43.0,39.5,31.8
2024-06-06 09:00:35.355,115,29.7,42.9,39.4,31.8
2024-06-06 09:30:34.900,115,29.7,42.9,39.4,31.8
2024-06-06 10:00:35.319,115,29.8,42.9,39.4,31.8
2024-06-06 10:30:35.297,115,29.8,42.9,39.3,31.8
2024-06-06 11:00:35.309,115,29.8,42.9,39.3,31.8
2024-06-06 11:30:35.294,115,29.8,42.9,39.3,31.8
2024-06-06 12:00:35.253,115,29.9,42.9,39.2,31.7
2024-06-06 12:30:35.226,115,29.9,42.9,39.2,31.7
2024-06-06 13:00:35.277,115,29.9,43.0,39.2,31.7
2024-06-06 13:30:35.277,115,29.9,43.0,39.2,31.7
2024-06-06 14:00:35.314,115,29.8,43.0,39.2,31.7
2024-06-06 14:30:35.264,115,29.8,43.0,39.2,31.7
2024-06-06 15:00:34.832,115,29.8,43.1,39.1,31.7
2024-06-06 15:30:34.818,115,29.9,43.1,39.1,31.7
2024-06-06 16:30:34.538,115,29.9,43.2,39.1,31.6
2024-06-06 17:00:35.287,115,29.9,43.3,39.1,31.6
2024-06-06 17:30:34.548,115,29.9,43.3,39.1,31.7
2024-06-06 18:00:35.281,115,29.8,43.4,39.1,31.7
2024-06-06 18:30:35.260,115,29.8,43.4,39.2,31.6
2024-06-06 19:00:35.276,115,29.8,43.5,39.2,31.7
2024-06-06 19:30:35.241,115,29.6,43.5,39.2,31.6
2024-06-06 20:00:34.580,115,29.5,43.5,39.2,31.6
2024-06-06 20:30:35.260,115,29.4,43.5,39.2,31.6
2024-06-06 21:00:35.273,115,29.3,43.5,39.2,31.6
2024-06-06 21:30:35.231,115,29.1,43.5,39.2,31.6
2024-06-06 22:00:35.389,115,29.0,43.5,39.2,31.6
2024-06-06 22:30:35.311,115,28.8,43.5,39.2,31.6
2024-06-06 23:00:34.750,115,28.7,43.5,39.2,31.6
2024-06-06 23:30:35.475,115,28.5,43.5,39.2,31.6
2024-06-07 00:00:35.121,115,28.4,43.5,39.2,31.6
2024-06-07 00:30:35.659,115,28.3,43.4,39.3,31.6
2024-06-07 01:00:35.797,115,28.2,43.3,39.2,31.6
2024-06-07 02:00:35.952,115,28.0,43.2,39.3,31.6
2024-06-07 02:30:36.069,115,27.8,43.2,39.3,31.7
2024-06-07 03:00:35.542,115,27.8,43.2,39.3,31.7
2024-06-07 03:30:36.297,115,27.6,43.1,39.2,31.7
2024-06-07 04:00:36.419,115,27.5,43.1,39.2,31.7
2024-06-07 04:30:35.853,115,27.4,43.0,39.2,31.7
2024-06-07 05:00:36.705,115,27.3,43.0,39.2,31.7
2024-06-07 05:30:36.132,115,27.3,42.9,39.2,31.6
2024-06-07 06:00:37.032,115,27.2,42.8,39.2,31.7
2024-06-07 06:30:37.200,115,27.1,42.8,39.2,31.7
2024-06-07 07:00:37.319,115,27.0,42.8,39.2,31.7
2024-06-07 07:30:37.304,115,26.9,42.7,39.2,31.7
2024-06-07 08:00:37.403,115,26.9,42.6,39.2,31.7
2024-06-07 08:30:37.378,115,26.8,42.6,39.1,31.7
2024-06-07 09:00:37.366,115,26.8,42.6,39.1,31.7
2024-06-07 09:30:36.684,115,26.8,42.6,39.1,31.7
2024-06-07 10:00:37.380,115,26.8,42.5,39.1,31.7
2024-06-07 10:30:37.372,115,26.9,42.5,39.1,31.7
2024-06-07 11:00:37.406,115,27.0,42.5,39.0,31.7
2024-06-07 11:30:37.377,115,27.1,42.6,39.0,31.7
2024-06-07 12:00:37.349,115,27.2,42.6,39.0,31.7
2024-06-07 12:30:37.382,115,27.3,42.6,39.0,31.7
2024-06-07 13:00:37.321,115,27.4,42.6,39.0,31.7
2024-06-07 13:30:37.371,115,27.5,42.7,39.0,31.7
2024-06-07 14:00:37.274,115,27.7,42.8,39.0,31.7
2024-06-07 14:30:37.321,115,27.8,42.8,39.0,31.7
2024-06-07 15:00:37.321,115,27.8,42.9,39.0,31.6
2024-06-07 15:30:37.319,115,28.0,43.0,39.0,31.7
2024-06-07 16:00:36.838,115,28.0,43.0,39.0,31.6
2024-06-07 16:30:37.329,115,28.1,43.1,39.0,31.6
2024-06-07 17:00:37.254,115,28.1,43.2,39.0,31.6
2024-06-07 17:30:37.287,115,28.1,43.3,39.0,31.6
2024-06-07 18:00:37.327,115,28.0,43.4,39.0,31.6
2024-06-07 18:30:37.313,115,28.0,43.4,39.1,31.6
2024-06-07 19:00:37.299,115,27.9,43.5,39.1,31.6
2024-06-07 19:30:37.291,115,27.8,43.5,39.1,31.6
2024-06-07 20:00:37.261,115,27.7,43.6,39.1,31.6
2024-06-07 20:30:37.317,115,27.6,43.6,39.2,31.6
2024-06-07 21:00:37.343,115,27.4,43.6,39.2,31.6
2024-06-07 21:30:37.368,115,27.3,43.6,39.2,31.6
2024-06-07 22:00:36.997,115,27.2,43.6,39.2,31.6
2024-06-07 22:30:36.785,115,27.1,43.6,39.2,31.6
2024-06-07 23:00:37.569,115,26.9,43.6,39.2,31.6
2024-06-07 23:30:37.662,115,26.8,43.5,39.3,31.7
2024-06-08 00:00:37.105,115,26.7,43.5,39.3,31.7
2024-06-08 00:30:37.433,115,26.6,43.5,39.3,31.7
2024-06-08 01:00:38.040,115,26.5,43.4,39.3,31.7
2024-06-08 01:30:38.186,115,26.3,43.4,39.3,31.7
2024-06-08 02:00:38.359,115,26.3,43.3,39.3,31.7
2024-06-08 02:30:38.050,115,26.2,43.3,39.3,31.7
2024-06-08 03:00:37.969,115,26.0,43.2,39.3,31.7
2024-06-08 03:30:38.082,115,26.0,43.2,39.3,31.7
2024-06-08 04:00:38.955,115,25.9,43.1,39.3,31.7
2024-06-08 04:30:39.090,115,25.8,43.1,39.3,31.7
2024-06-08 05:00:39.232,115,25.7,43.0,39.3,31.7
2024-06-08 05:30:39.309,115,25.7,43.0,39.3,31.7
2024-06-08 06:00:39.455,115,25.6,43.0,39.3,31.8
2024-06-08 06:30:39.630,115,25.5,42.9,39.3,31.8
2024-06-08 07:00:39.719,115,25.5,42.8,39.3,31.8
2024-06-08 07:30:39.380,115,25.4,42.8,39.3,31.7
2024-06-08 08:00:39.856,115,25.4,42.8,39.2,31.8
2024-06-08 08:30:39.204,115,25.4,42.8,39.2,31.8
2024-06-08 09:00:39.973,115,25.3,42.7,39.2,31.8
2024-06-08 09:30:40.006,115,25.3,42.7,39.2,31.8
2024-06-08 10:00:40.087,115,25.3,42.6,39.2,31.8
2024-06-08 10:30:40.103,115,25.3,42.6,39.2,31.8
2024-06-08 11:00:40.129,115,25.3,42.6,39.2,31.8
2024-06-08 11:30:39.707,115,25.3,42.6,39.2,31.8
2024-06-08 12:00:40.112,115,25.3,42.6,39.1,31.7
2024-06-08 12:30:39.469,115,25.3,42.6,39.1,31.8
2024-06-08 13:00:40.111,115,25.3,42.6,39.1,31.8
2024-06-08 13:30:40.156,115,25.4,42.6,39.1,31.8
2024-06-08 14:00:40.106,115,25.5,42.6,39.1,31.8
2024-06-08 14:30:39.405,115,25.6,42.7,39.1,31.8
2024-06-08 15:00:40.173,115,25.7,42.7,39.1,31.8
2024-06-08 15:30:40.150,115,25.8,42.7,39.1,31.7
2024-06-08 16:00:40.173,115,26.0,42.8,39.1,31.8
2024-06-08 16:30:40.159,115,26.1,42.8,39.1,31.8
2024-06-08 17:30:40.113,115,26.1,43.0,39.1,31.7
2024-06-08 18:00:40.149,115,26.1,43.0,39.1,31.7
2024-06-08 18:30:40.131,115,26.1,43.1,39.1,31.7
2024-06-08 19:00:39.694,115,26.0,43.1,39.1,31.7
2024-06-08 19:30:40.138,115,26.0,43.1,39.1,31.7
2024-06-08 20:30:40.064,115,25.8,43.2,39.1,31.7
2024-06-08 21:00:40.156,115,25.7,43.2,39.1,31.7
2024-06-08 21:30:39.719,115,25.7,43.2,39.2,31.7
2024-06-08 22:00:40.191,115,25.6,43.2,39.2,31.7
2024-06-08 22:30:40.221,115,25.5,43.2,39.2,31.7
2024-06-08 23:00:39.571,115,25.4,43.2,39.2,31.7
2024-06-08 23:30:40.395,115,25.3,43.2,39.2,31.7
2024-06-09 00:00:40.537,115,25.2,43.1,39.2,31.7
2024-06-09 00:30:40.583,115,25.2,43.1,39.2,31.7
2024-06-09 01:00:40.719,115,25.0,43.0,39.2,31.7
2024-06-09 01:30:40.821,115,25.0,43.0,39.2,31.8
2024-06-09 02:00:40.987,115,24.9,43.0,39.2,31.7
2024-06-09 02:30:41.140,115,24.8,42.9,39.2,31.7
2024-06-09 03:00:41.294,115,24.7,42.9,39.2,31.8
2024-06-09 03:30:40.731,115,24.6,42.9,39.2,31.8
2024-06-09 04:00:41.625,115,24.5,42.8,39.2,31.8
2024-06-09 04:30:41.815,115,24.4,42.8,39.2,31.8
2024-06-09 05:00:41.952,115,24.4,42.7,39.2,31.8
2024-06-09 05:30:42.205,115,24.3,42.7,39.2,31.8
2024-06-09 06:00:42.416,115,24.2,42.6,39.2,31.8
2024-06-09 06:30:42.576,115,24.1,42.6,39.2,31.8
2024-06-09 07:00:42.006,115,24.1,42.5,39.2,31.8
2024-06-09 07:30:42.727,115,24.0,42.4,39.2,31.8
2024-06-09 08:00:42.775,115,24.0,42.4,39.2,31.8
2024-06-09 08:30:42.083,115,24.0,42.4,39.2,31.8
2024-06-09 09:00:42.799,115,24.0,42.3,39.1,31.8
2024-06-09 09:30:42.705,115,24.0,42.3,39.1,31.8
2024-06-09 10:00:42.795,115,24.0,42.3,39.1,31.8
2024-06-09 10:30:42.769,115,24.1,42.3,39.1,31.8
2024-06-09 11:00:42.698,115,24.2,42.3,39.1,31.8
2024-06-09 11:30:42.322,115,24.3,42.3,39.1,31.8
2024-06-09 12:00:42.772,115,24.4,42.4,39.1,31.8
2024-06-09 12:30:42.747,115,24.5,42.4,39.1,31.8
2024-06-09 13:00:42.758,115,24.7,42.4,39.0,31.8
2024-06-09 13:30:42.744,115,24.8,42.5,39.0,31.8
2024-06-09 14:00:42.687,115,24.9,42.5,39.0,31.8
2024-06-09 14:30:42.746,115,25.0,42.6,39.0,31.8
2024-06-09 15:00:42.054,115,25.0,42.7,39.0,31.8
2024-06-09 15:30:42.736,115,25.1,42.7,39.0,31.8
2024-06-09 16:00:42.753,115,25.2,42.8,39.0,31.8
2024-06-09 16:30:42.730,115,25.2,42.8,39.0,31.8
2024-06-09 17:00:42.741,115,25.2,42.9,39.0,31.8
2024-06-09 17:30:42.251,115,25.1,43.0,39.1,31.8
2024-06-09 18:00:42.727,115,25.1,43.0,39.1,31.8
2024-06-09 18:30:42.643,115,25.1,43.0,39.1,31.8
2024-06-09 19:00:42.734,115,25.0,43.1,39.1,31.8
2024-06-09 19:30:42.639,115,24.9,43.1,39.1,31.8
2024-06-09 20:00:42.033,115,24.8,43.1,39.2,31.8
2024-06-09 20:30:42.722,115,24.7,43.1,39.2,31.8
2024-06-09 21:00:42.733,115,24.6,43.1,39.2,31.8
2024-06-09 21:30:42.749,115,24.5,43.1,39.2,31.8
2024-06-09 22:00:42.805,115,24.4,43.1,39.2,31.8
2024-06-09 22:30:42.834,115,24.3,43.1,39.2,31.8
2024-06-09 23:00:42.915,115,24.2,43.1,39.2,31.8
2024-06-09 23:30:42.951,115,24.1,43.0,39.2,31.8
2024-06-10 00:00:43.053,115,24.0,43.0,39.2,31.8
2024-06-10 00:30:43.040,115,23.9,43.0,39.2,31.8
2024-06-10 01:00:43.252,115,23.8,42.9,39.2,31.8
2024-06-10 01:30:43.369,115,23.7,42.9,39.3,31.8
2024-06-10 02:00:43.501,115,23.7,42.8,39.3,31.8
2024-06-10 02:30:43.569,115,23.5,42.8,39.3,31.8
2024-06-10 03:00:43.786,115,23.5,42.7,39.3,31.8
2024-06-10 03:30:43.521,115,23.4,42.7,39.3,31.8
2024-06-10 04:00:43.702,115,23.3,42.7,39.3,31.8
2024-06-10 04:30:44.318,115,23.2,42.6,39.3,31.8
2024-06-10 05:00:44.503,115,23.2,42.6,39.3,31.8
2024-06-10 05:30:44.686,115,23.1,42.5,39.3,31.8
2024-06-10 06:00:44.834,115,23.0,42.4,39.3,31.8
2024-06-10 06:30:44.991,115,23.0,42.4,39.3,31.8
2024-06-10 07:00:45.119,115,22.9,42.4,39.2,31.8
2024-06-10 07:30:45.243,115,22.9,42.3,39.2,31.8
2024-06-10 08:00:45.332,115,22.9,42.3,39.2,31.8
2024-06-10 08:30:45.514,115,22.8,42.2,39.2,31.8
2024-06-10 09:00:45.014,115,22.8,42.2,39.2,31.8
2024-06-10 09:30:45.779,115,22.7,42.1,39.2,31.8
2024-06-10 10:00:45.916,115,22.7,42.1,39.2,31.8
2024-06-10 10:30:45.588,115,22.7,42.1,39.1,31.8
2024-06-10 11:00:46.191,115,22.7,42.1,39.1,31.8
2024-06-10 11:30:46.337,115,22.7,42.1,39.1,31.8
2024-06-10 12:00:46.478,115,22.7,42.1,39.1,31.8
2024-06-10 12:30:46.533,115,22.7,42.0,39.1,31.8
2024-06-10 13:00:45.925,115,22.7,42.0,39.1,31.8
2024-06-10 13:30:46.190,115,22.7,42.0,39.1,31.8
2024-06-10 14:00:46.674,115,22.8,42.0,39.1,31.8
2024-06-10 14:30:46.673,115,22.9,42.0,39.0,31.8
2024-06-10 15:00:46.632,115,23.0,42.0,39.0,31.8
2024-06-10 15:30:46.699,115,23.2,42.0,39.0,31.8
2024-06-10 16:00:46.725,115,23.3,42.1,39.0,31.9
2024-06-10 16:30:46.307,115,23.4,42.1,39.0,31.8
2024-06-10 17:00:46.728,115,23.5,42.2,39.0,31.8
2024-06-10 17:30:46.746,115,23.6,42.3,39.0,31.8
2024-06-10 18:00:46.393,115,23.6,42.3,39.0,31.8
2024-06-10 18:30:46.855,115,23.6,42.3,39.0,31.8
2024-06-10 19:00:46.938,115,23.5,42.4,39.0,31.8
2024-06-10 19:30:46.932,115,23.5,42.4,39.0,31.8
2024-06-10 20:00:46.940,115,23.4,42.4,39.0,31.8
2024-06-10 20:30:47.003,115,23.3,42.4,39.0,31.8
2024-06-10 21:00:47.163,115,23.2,42.4,39.0,31.8
2024-06-10 21:30:47.352,115,23.1,42.4,39.0,31.8
2024-06-10 22:00:47.517,115,23.0,42.4,39.0,31.8
2024-06-10 22:30:47.636,115,23.0,42.4,39.0,31.8
2024-06-10 23:00:47.852,115,22.9,42.4,39.0,31.8
2024-06-10 23:30:48.063,115,22.7,42.3,39.0,31.8
2024-06-11 00:00:48.396,115,22.7,42.3,39.0,31.8
2024-06-11 00:30:48.180,115,22.6,42.2,39.1,31.8
2024-06-11 01:00:48.988,115,22.5,42.2,39.1,31.8
2024-06-11 01:30:49.233,115,22.4,42.1,39.1,31.8
2024-06-11 02:00:49.606,115,22.3,42.1,39.1,31.8
2024-06-11 02:30:49.939,115,22.3,42.0,39.1,31.8
2024-06-11 03:00:50.285,115,22.2,42.0,39.1,31.8
2024-06-11 03:30:50.608,115,22.1,41.9,39.1,31.8
2024-06-11 04:00:50.907,115,22.1,41.9,39.1,31.8
2024-06-11 04:30:51.204,115,22.0,41.8,39.0,31.8
2024-06-11 05:00:50.789,115,22.0,41.8,39.0,31.8
2024-06-11 05:30:51.917,115,21.9,41.7,39.0,31.8
2024-06-11 06:00:51.818,115,21.9,41.6,39.0,31.8
2024-06-11 06:30:51.902,115,21.8,41.6,39.0,31.8
2024-06-11 07:00:52.716,115,21.8,41.5,39.0,31.8
2024-06-11 07:30:52.846,115,21.7,41.5,39.0,31.8
2024-06-11 08:00:52.219,115,21.7,41.5,39.0,31.8
2024-06-11 08:30:52.906,115,21.7,41.4,39.0,31.8
2024-06-11 09:00:52.941,115,21.7,41.4,39.0,31.8
2024-06-11 09:30:52.895,115,21.7,41.4,39.0,31.8
2024-06-11 10:00:52.942,115,21.8,41.4,38.9,31.8
2024-06-11 10:30:52.901,115,21.9,41.4,38.9,31.8
2024-06-11 11:00:52.894,115,22.1,41.4,38.9,31.8
2024-06-11 11:30:52.891,115,22.2,41.4,38.9,31.8
2024-06-11 12:00:52.881,115,22.3,41.5,38.9,31.8
2024-06-11 12:30:52.872,115,22.5,41.5,38.8,31.8
2024-06-11 13:00:52.823,115,22.7,41.6,38.8,31.8
2024-06-11 13:30:52.875,115,22.8,41.7,38.8,31.8
2024-06-11 14:00:52.872,115,23.0,41.8,38.8,31.8
2024-06-11 14:30:52.801,115,23.2,41.9,38.8,31.8
2024-06-11 15:00:52.420,115,23.4,42.0,38.8,31.8
2024-06-11 15:30:52.850,115,23.6,42.1,38.8,31.8
2024-06-11 16:00:52.864,115,23.7,42.1,38.8,31.8
2024-06-11 16:30:52.154,115,23.9,42.2,38.8,31.8
2024-06-11 17:00:52.855,115,23.9,42.3,38.8,31.8
2024-06-11 17:30:52.832,115,24.0,42.4,38.8,31.8
2024-06-11 18:00:52.842,115,24.0,42.5,38.8,31.7
2024-06-11 18:30:52.394,115,24.0,42.6,38.9,31.7
2024-06-11 19:00:52.820,115,23.9,42.7,38.9,31.7
2024-06-11 19:30:52.748,115,23.8,42.7,38.9,31.7
2024-06-11 20:00:52.848,115,23.7,42.7,38.9,31.7
2024-06-11 20:30:52.838,115,23.7,42.8,39.0,31.7
2024-06-11 21:00:52.862,115,23.6,42.8,39.0,31.8
2024-06-11 21:30:52.911,115,23.5,42.8,39.0,31.8
2024-06-11 22:00:52.958,115,23.4,42.8,39.1,31.8
2024-06-11 22:30:53.010,115,23.3,42.8,39.1,31.8
2024-06-11 23:00:53.088,115,23.2,42.8,39.1,31.8
2024-06-11 23:30:52.718,115,23.1,42.8,39.1,31.8
2024-06-12 00:00:53.224,115,23.0,42.7,39.2,31.8
2024-06-12 00:30:53.377,115,22.9,42.7,39.2,31.8
2024-06-12 01:00:53.497,115,22.8,42.7,39.2,31.8
2024-06-12 01:30:53.601,115,22.7,42.6,39.2,31.8
2024-06-12 02:00:53.015,115,22.7,42.6,39.2,31.8
2024-06-12 02:30:53.816,115,22.6,42.5,39.2,31.8
2024-06-12 03:00:53.961,115,22.5,42.5,39.3,31.8
2024-06-12 03:30:54.074,115,22.4,42.5,39.3,31.8
2024-06-12 04:00:54.200,115,22.4,42.4,39.3,31.8
2024-06-12 04:30:54.329,115,22.3,42.4,39.3,31.8
2024-06-12 05:00:54.458,115,22.2,42.3,39.3,31.9
2024-06-12 05:30:54.127,115,22.2,42.3,39.3,31.9
2024-06-12 06:00:54.008,115,22.1,42.2,39.3,31.9
2024-06-12 06:30:54.775,115,22.0,42.2,39.3,31.9
2024-06-12 07:00:54.898,115,22.0,42.1,39.3,31.9
2024-06-12 07:30:54.917,115,22.0,42.1,39.2,31.9
2024-06-12 08:00:54.944,115,21.9,42.1,39.2,31.9
2024-06-12 08:30:54.956,115,21.9,42.0,39.2,31.9
2024-06-12 09:00:54.516,115,21.9,42.0,39.2,31.9
2024-06-12 09:30:54.518,115,21.9,42.0,39.2,31.9
2024-06-12 10:00:54.967,115,21.9,41.9,39.2,31.9
2024-06-12 10:30:54.899,115,22.0,41.9,39.2,31.9
2024-06-12 11:00:54.979,115,22.0,41.9,39.2,31.9
2024-06-12 11:30:54.254,115,22.1,41.9,39.2,31.9
2024-06-12 12:00:54.943,115,22.2,41.9,39.2,31.9
2024-06-12 12:30:54.189,115,22.3,42.0,39.2,31.9
2024-06-12 13:00:54.937,115,22.5,42.0,39.2,31.9
2024-06-12 13:30:54.932,115,22.7,42.1,39.2,31.9
2024-06-12 14:00:54.939,115,22.8,42.1,39.2,31.9
2024-06-12 14:30:54.836,115,23.0,42.2,39.2,31.9
2024-06-12 15:00:54.995,115,23.1,42.3,39.2,31.9
2024-06-12 15:30:54.896,115,23.2,42.3,39.2,31.9
2024-06-12 16:00:54.924,115,23.4,42.4,39.2,31.9
2024-06-12 16:30:54.945,115,23.4,42.4,39.2,31.9
2024-06-12 17:00:54.441,115,23.5,42.5,39.2,31.9
2024-06-12 17:30:54.878,115,23.5,42.6,39.2,31.9
2024-06-12 18:00:54.873,115,23.4,42.6,39.2,31.9
2024-06-12 18:30:54.179,115,23.4,42.7,39.2,31.9
2024-06-12 19:00:54.874,115,23.3,42.8,39.2,31.9
2024-06-12 19:30:54.877,115,23.2,42.8,39.3,31.9
2024-06-12 20:00:54.411,115,23.2,42.8,39.3,31.9
2024-06-12 20:30:54.823,115,23.1,42.8,39.3,31.9
2024-06-12 21:00:54.870,115,23.0,42.9,39.3,31.9
2024-06-12 21:30:54.792,115,22.9,42.9,39.4,31.9
2024-06-12 22:30:54.844,115,22.7,42.8,39.4,32.0
2024-06-12 23:00:54.872,115,22.6,42.8,39.4,32.0
2024-06-13 00:00:54.810,115,22.5,42.8,39.5,32.0
2024-06-13 00:30:54.901,115,22.4,42.8,39.5,32.0
2024-06-13 01:00:54.915,115,22.3,42.7,39.5,32.0
2024-06-13 01:30:54.940,115,22.2,42.7,39.5,32.0
2024-06-13 02:00:54.968,115,22.1,42.7,39.5,32.0
2024-06-13 02:30:54.980,115,22.0,42.6,39.6,32.0
2024-06-13 03:00:55.008,115,22.0,42.6,39.5,32.0
2024-06-13 03:30:54.588,115,22.0,42.5,39.6,32.0
2024-06-13 04:00:54.388,115,21.9,42.5,39.6,32.0
2024-06-13 04:30:55.115,115,21.8,42.5,39.6,32.0
2024-06-13 05:00:55.140,115,21.8,42.4,39.6,32.0
2024-06-13 05:30:55.170,115,21.7,42.4,39.6,32.1
2024-06-13 06:00:55.254,115,21.7,42.3,39.6,32.1
2024-06-13 06:30:55.296,115,21.6,42.3,39.6,32.1
2024-06-13 07:00:55.356,115,21.6,42.3,39.6,32.1
2024-06-13 07:30:54.620,115,21.6,42.2,39.6,32.1
2024-06-13 08:00:55.308,115,21.5,42.2,39.6,32.1
2024-06-13 08:30:55.307,115,21.5,42.2,39.5,32.1
2024-06-13 09:00:55.300,115,21.5,42.2,39.6,32.1
2024-06-13 09:30:54.843,115,21.5,42.1,39.5,32.1
2024-06-13 10:00:55.318,115,21.5,42.1,39.5,32.1
2024-06-13 11:00:55.290,115,21.7,42.1,39.5,32.1
2024-06-13 11:30:55.287,115,21.8,42.1,39.5,32.1
2024-06-13 12:00:55.289,115,22.0,42.1,39.5,32.2
2024-06-13 12:30:55.259,115,22.1,42.1,39.5,32.2
2024-06-13 13:00:55.256,115,22.3,42.1,39.5,32.2
2024-06-13 13:30:55.257,115,22.4,42.2,39.5,32.2
2024-06-13 14:00:55.169,115,22.5,42.3,39.5,32.2
2024-06-13 14:30:55.251,115,22.6,42.3,39.5,32.2
2024-06-13 15:00:54.788,115,22.7,42.3,39.5,32.2
2024-06-13 15:30:54.813,115,22.8,42.3,39.5,32.2
2024-06-13 16:00:55.239,115,22.9,42.4,39.5,32.2
2024-06-13 16:30:55.182,115,22.9,42.5,39.6,32.2
2024-06-13 17:00:55.228,115,22.9,42.5,39.5,32.2
2024-06-13 17:30:55.221,115,22.8,42.6,39.6,32.2
2024-06-13 18:00:55.223,115,22.8,42.6,39.6,32.2
2024-06-13 18:30:55.150,115,22.7,42.6,39.6,32.2
2024-06-13 19:00:55.211,115,22.7,42.6,39.6,32.2
2024-06-13 19:30:55.134,115,22.6,42.6,39.6,32.2
2024-06-13 20:00:55.131,115,22.5,42.7,39.6,32.2
2024-06-13 20:30:55.214,115,22.5,42.7,39.6,32.2
2024-06-13 21:00:55.177,115,22.4,42.7,39.7,32.2
2024-06-13 21:30:55.205,115,22.3,42.7,39.7,32.2
2024-06-13 22:00:54.527,115,22.2,42.7,39.7,32.2
2024-06-13 22:30:55.232,115,22.1,42.7,39.8,32.2
2024-06-13 23:00:55.278,115,29.6,46.8,43.0,39.8
2024-06-14 00:00:55.379,115,38.4,49.4,43.8,41.0
2024-06-14 00:30:55.410,115,38.6,49.6,43.8,41.0
2024-06-14 01:00:54.702,115,40.5,49.8,44.0,41.1
2024-06-14 01:30:55.031,115,39.4,49.8,44.3,41.1
2024-06-14 02:00:55.586,115,37.4,49.8,44.3,41.2
2024-06-14 02:30:55.540,115,35.1,49.5,44.3,41.2
2024-06-14 03:00:55.640,115,35.9,49.1,44.3,41.2
2024-06-14 03:30:55.697,115,36.4,49.4,44.4,41.3
2024-06-14 04:00:55.742,115,34.4,48.7,44.4,41.2
2024-06-14 04:30:55.706,115,33.9,47.9,44.3,41.2
2024-06-14 05:00:55.862,115,33.5,46.7,44.2,41.0
2024-06-14 05:30:55.893,115,33.2,46.2,43.5,40.6
2024-06-14 06:00:55.898,115,32.9,45.9,43.3,40.6
2024-06-14 06:30:56.018,115,32.8,45.8,43.3,40.3
2024-06-14 07:00:56.052,115,32.6,45.6,43.2,39.4
2024-06-14 07:30:56.055,115,32.5,45.5,43.0,38.4
2024-06-14 08:00:56.051,115,32.4,45.4,42.9,37.7
2024-06-14 08:30:56.056,115,32.3,45.3,42.8,37.1
2024-06-14 09:00:55.985,115,32.3,45.2,42.6,36.4
2024-06-14 09:30:56.044,115,32.2,45.2,42.6,35.8
2024-06-14 10:00:55.988,115,32.1,45.1,42.5,35.4
2024-06-14 10:30:56.005,115,32.1,45.0,42.4,35.2
2024-06-14 11:00:56.019,115,32.0,44.9,42.3,34.9
2024-06-14 11:30:56.025,115,32.0,44.9,42.2,34.6
2024-06-14 12:00:56.075,115,32.0,44.9,42.2,34.4
2024-06-14 12:30:55.992,115,31.9,44.9,42.2,34.2
2024-06-14 13:00:55.925,115,31.8,44.9,42.1,34.1
2024-06-14 13:30:56.005,115,31.6,44.8,42.0,33.9
2024-06-14 14:00:55.988,115,31.5,44.9,42.0,33.8
2024-06-14 14:30:56.056,115,31.3,44.9,41.9,33.7
2024-06-14 15:00:55.969,115,31.2,44.8,41.8,33.7
2024-06-14 15:30:55.292,115,31.1,44.8,41.8,33.6
2024-06-14 16:00:55.988,115,30.9,44.8,41.8,33.5
2024-06-14 17:00:55.960,115,30.7,44.8,41.6,33.5
2024-06-14 17:30:55.933,115,30.5,44.8,41.6,33.4
2024-06-14 18:00:55.960,115,30.4,44.8,41.6,33.4
2024-06-14 18:30:55.933,115,30.3,44.9,41.5,33.4
2024-06-14 19:00:55.956,115,30.1,44.9,41.5,33.4
2024-06-14 19:30:55.946,115,30.0,44.8,41.4,33.3
2024-06-14 20:00:55.950,115,29.8,44.8,41.4,33.3
2024-06-14 20:30:55.936,115,29.8,44.8,41.4,33.3
2024-06-14 21:00:55.966,115,29.6,44.8,41.3,33.3
2024-06-14 21:30:55.968,115,29.5,44.8,41.3,33.3
2024-06-14 22:00:55.943,115,29.4,44.8,41.3,33.3
2024-06-14 22:30:56.144,115,29.3,44.7,41.3,33.3
2024-06-14 23:00:56.099,115,29.2,44.7,41.3,33.3
2024-06-14 23:30:56.173,115,29.0,44.6,41.2,33.3
2024-06-15 00:00:56.266,115,29.0,44.6,41.2,33.3
2024-06-15 00:30:55.627,115,28.8,44.6,41.2,33.3
2024-06-15 01:00:55.736,115,28.8,44.5,41.2,33.3
2024-06-15 01:30:56.042,115,28.6,44.5,41.2,33.3
2024-06-15 02:00:56.528,115,28.5,44.4,41.1,33.3
2024-06-15 02:30:56.658,115,28.5,44.4,41.1,33.3
2024-06-15 03:00:56.818,115,28.3,44.3,41.1,33.3
2024-06-15 03:30:57.015,115,28.3,44.2,41.1,33.2
2024-06-15 04:00:56.612,115,28.2,44.2,41.1,33.3
2024-06-15 04:30:57.101,115,28.1,44.2,41.1,33.3
2024-06-15 05:00:56.854,115,28.0,44.1,41.0,33.2
2024-06-15 05:30:57.440,115,27.9,44.0,41.0,33.2
2024-06-15 06:00:57.589,115,27.9,44.0,40.9,33.2
2024-06-15 06:30:57.630,115,27.8,43.9,40.9,33.2
2024-06-15 07:00:57.779,115,27.7,43.9,40.9,33.2
2024-06-15 07:30:57.792,115,27.7,43.8,40.9,33.2
2024-06-15 08:00:57.368,115,27.6,43.8,40.8,33.2
2024-06-15 08:30:57.814,115,27.6,43.7,40.8,33.2
2024-06-15 09:00:57.811,115,27.5,43.7,40.8,33.2
2024-06-15 09:30:57.793,115,27.5,43.7,40.7,33.2
2024-06-15 10:00:57.747,115,27.5,43.6,40.7,33.1
2024-06-15 10:30:57.786,115,27.5,43.6,40.7,33.1
2024-06-15 11:00:57.743,115,27.5,43.5,40.7,33.1
2024-06-15 11:30:57.339,115,27.5,43.5,40.7,33.1
2024-06-15 12:00:57.767,115,27.6,43.5,40.6,33.1
2024-06-15 12:30:57.778,115,27.6,43.5,40.6,33.1
2024-06-15 13:00:57.778,115,27.7,43.5,40.6,33.1
2024-06-15 13:30:57.065,115,27.8,43.5,40.6,33.1
2024-06-15 14:00:57.790,115,27.9,43.6,40.5,33.1
2024-06-15 14:30:57.746,115,28.0,43.6,40.5,33.1
2024-06-15 15:00:57.756,115,28.0,43.6,40.5,33.1
2024-06-15 15:30:57.733,115,28.1,43.7,40.5,33.1
2024-06-15 16:00:57.737,115,28.1,43.7,40.5,33.0
2024-06-15 16:30:57.741,115,28.1,43.8,40.5,33.0
2024-06-15 17:00:57.665,115,28.0,43.8,40.5,33.0
2024-06-15 17:30:57.729,115,28.0,43.9,40.5,33.0
2024-06-15 18:00:57.270,115,27.9,43.9,40.5,33.0
2024-06-15 18:30:57.708,115,27.8,43.9,40.5,33.0
2024-06-15 19:00:57.713,115,27.6,44.0,40.5,33.0
2024-06-15 19:30:57.694,115,27.5,44.0,40.5,33.0
2024-06-15 20:00:57.017,115,27.4,44.1,40.5,33.0
2024-06-15 20:30:57.268,115,27.3,44.1,40.5,33.0
2024-06-15 21:00:57.745,115,27.2,44.1,40.5,33.0
2024-06-15 21:30:57.681,115,27.1,44.1,40.5,33.0
2024-06-15 22:00:57.723,115,27.0,44.2,40.6,33.0
2024-06-15 22:30:57.723,115,26.8,44.1,40.6,33.0
2024-06-15 23:00:57.289,115,26.7,44.1,40.6,33.0
2024-06-15 23:30:57.760,115,26.6,44.1,40.6,33.0
2024-06-16 00:00:57.833,115,26.5,44.1,40.6,33.0
2024-06-16 00:30:57.819,115,26.3,44.0,40.6,33.0
2024-06-16 01:00:57.811,115,26.3,44.0,40.6,33.0
2024-06-16 01:30:57.891,115,26.2,43.9,40.6,33.0
2024-06-16 02:00:57.949,115,26.1,43.9,40.6,33.0
2024-06-16 02:30:57.974,115,26.0,43.9,40.6,33.0
2024-06-16 03:00:58.030,115,25.9,43.8,40.6,33.0
2024-06-16 03:30:58.013,115,25.8,43.8,40.6,33.0
2024-06-16 04:00:58.144,115,25.7,43.7,40.6,33.0
2024-06-16 04:30:58.165,115,25.5,43.7,40.6,33.0
2024-06-16 05:00:58.236,115,25.5,43.7,40.6,33.0
2024-06-16 05:30:58.218,115,25.4,43.6,40.6,33.0
2024-06-16 06:00:58.403,115,25.3,43.5,40.6,33.0
2024-06-16 06:30:58.391,115,25.3,43.5,40.6,33.0
2024-06-16 07:00:58.399,115,25.2,43.4,40.6,33.0
2024-06-16 07:30:58.444,115,25.1,43.4,40.5,33.0
2024-06-16 08:00:58.570,115,25.0,43.3,40.5,33.0
2024-06-16 08:30:58.435,115,25.0,43.3,40.5,33.0
2024-06-16 09:00:57.790,115,25.0,43.2,40.5,33.0
2024-06-16 09:30:57.752,115,24.9,43.2,40.5,33.0
2024-06-16 10:00:58.442,115,24.9,43.1,40.5,33.0
2024-06-16 10:30:58.417,115,24.9,43.1,40.5,33.0
2024-06-16 11:00:58.515,115,25.0,43.0,40.5,33.0
2024-06-16 11:30:58.404,115,25.0,43.0,40.4,33.0
2024-06-16 12:00:58.468,115,25.1,43.0,40.4,33.0
2024-06-16 12:30:57.928,115,25.2,43.0,40.4,33.0
2024-06-16 13:00:58.439,115,25.4,43.0,40.4,33.0
2024-06-16 13:30:57.696,115,25.5,43.0,40.4,33.0
2024-06-16 14:00:58.396,115,25.6,43.0,40.4,33.0
2024-06-16 14:30:58.380,115,25.7,43.1,40.3,33.0
2024-06-16 15:00:58.378,115,25.8,43.1,40.3,32.9
2024-06-16 15:30:58.369,115,25.8,43.1,40.3,32.9
2024-06-16 16:00:58.401,115,25.9,43.2,40.3,32.9
2024-06-16 16:30:58.377,115,25.9,43.2,40.3,32.9
2024-06-16 17:00:58.395,115,25.8,43.2,40.3,32.9
2024-06-16 17:30:58.370,115,25.8,43.3,40.4,32.9
2024-06-16 18:00:58.428,115,25.7,43.3,40.4,32.9
2024-06-16 18:30:57.589,115,25.6,43.3,40.4,32.9
2024-06-16 19:00:58.293,115,25.5,43.4,40.4,32.9
2024-06-16 19:30:58.366,115,25.4,43.4,40.4,32.9
2024-06-16 20:00:58.291,115,25.3,43.4,40.4,32.9
2024-06-16 20:30:58.300,115,25.2,43.5,40.4,32.9
2024-06-16 21:00:57.919,115,25.2,43.5,40.4,32.9
2024-06-16 21:30:58.329,115,25.0,43.5,40.5,32.9
2024-06-16 22:00:58.328,115,25.0,43.6,40.5,32.9
2024-06-16 22:30:58.268,115,24.9,43.6,40.5,32.9
2024-06-16 23:00:58.327,115,24.8,43.6,40.5,32.9
2024-06-16 23:30:58.310,115,24.7,43.6,40.6,32.9
2024-06-17 00:00:58.304,115,24.6,43.5,40.6,32.9
2024-06-17 00:30:58.317,115,24.5,43.5,40.6,32.9
2024-06-17 01:00:58.395,115,24.4,43.5,40.6,33.0
2024-06-17 01:30:58.319,115,24.3,43.5,40.6,33.0
2024-06-17 02:00:58.675,115,24.3,43.5,40.6,33.0
2024-06-17 02:30:57.624,115,24.2,43.5,40.6,33.0
2024-06-17 03:00:58.322,115,24.1,43.4,40.6,33.0
2024-06-17 03:30:58.377,115,24.0,43.4,40.7,33.0
2024-06-17 04:00:58.382,115,24.0,43.4,40.7,33.0
2024-06-17 04:30:58.369,115,23.9,43.3,40.7,33.0
2024-06-17 05:00:58.371,115,23.8,43.3,40.7,33.0
2024-06-17 05:30:58.421,115,23.8,43.3,40.7,33.0
2024-06-17 06:00:58.488,115,23.7,43.2,40.7,33.0
2024-06-17 06:30:57.749,115,23.7,43.2,40.7,33.0
2024-06-17 07:00:58.013,115,23.6,43.2,40.7,33.0
2024-06-17 07:30:58.383,115,23.6,43.1,40.7,33.0
2024-06-17 08:00:58.513,115,23.5,43.1,40.7,33.1
2024-06-17 08:30:57.726,115,23.5,43.0,40.7,33.0
2024-06-17 09:00:58.454,115,23.5,43.0,40.7,33.1
2024-06-17 09:30:58.371,115,23.5,43.0,40.6,33.1
2024-06-17 10:00:58.461,115,23.4,42.9,40.6,33.1
2024-06-17 10:30:58.388,115,23.4,42.8,40.6,33.1
2024-06-17 11:00:58.441,115,23.5,42.8,40.6,33.1
2024-06-17 11:30:58.331,115,23.5,42.7,40.6,33.1
2024-06-17 12:00:58.413,115,23.7,42.7,40.6,33.1
2024-06-17 12:30:58.405,115,23.8,42.6,40.6,33.1
2024-06-17 13:00:58.437,115,23.9,42.6,40.6,33.1
2024-06-17 13:30:58.401,115,24.0,42.6,40.6,33.1
2024-06-17 14:00:58.408,115,24.1,42.5,40.6,33.1
2024-06-17 14:30:58.397,115,24.2,42.5,40.6,33.1
2024-06-17 15:00:58.431,115,24.3,42.5,40.5,33.1
2024-06-17 15:30:58.403,115,24.3,42.5,40.5,33.1
2024-06-17 16:00:58.398,115,24.3,42.5,40.5,33.1
2024-06-17 16:30:58.571,115,24.3,42.5,40.6,33.1
2024-06-17 17:00:58.395,115,24.2,42.5,40.5,33.1
2024-06-17 17:30:57.695,115,24.2,42.4,40.6,33.1
2024-06-17 18:00:58.342,115,24.1,42.4,40.6,33.1
2024-06-17 18:30:58.367,115,24.0,42.4,40.6,33.1
2024-06-17 19:00:58.316,115,23.9,42.4,40.6,33.1
2024-06-17 19:30:58.364,115,23.8,42.4,40.6,33.1
2024-06-17 20:00:58.298,115,23.7,42.4,40.6,33.1
2024-06-17 20:30:58.366,115,23.6,42.4,40.6,33.1
2024-06-17 21:00:57.918,115,23.6,42.4,40.7,33.1
2024-06-17 21:30:58.374,115,23.5,42.5,40.7,33.1
2024-06-17 22:00:58.328,115,23.4,42.5,40.7,33.1
2024-06-17 22:30:58.371,115,23.3,42.5,40.7,33.1
2024-06-17 23:00:58.293,115,23.2,42.5,40.7,33.1
2024-06-17 23:30:58.270,115,23.1,42.5,40.7,33.1
2024-06-18 00:00:58.408,115,23.0,42.4,40.8,33.1
2024-06-18 00:30:57.651,115,22.9,42.4,40.8,33.1
2024-06-18 01:00:58.410,115,22.8,42.3,40.8,33.1
2024-06-18 01:30:58.379,115,22.7,42.3,40.8,33.1
2024-06-18 02:00:58.382,115,22.6,42.3,40.8,33.1
2024-06-18 02:30:58.281,115,22.6,42.3,40.8,33.2
2024-06-18 03:00:58.380,115,22.5,42.2,40.8,33.2
2024-06-18 03:30:57.593,115,22.4,42.2,40.8,33.2
2024-06-18 04:00:58.337,115,22.4,42.1,40.8,33.2
2024-06-18 04:30:57.919,115,22.2,42.1,40.8,33.2
2024-06-18 05:00:58.402,115,22.2,42.1,40.8,33.2
2024-06-18 05:30:58.413,115,22.1,42.0,40.8,33.2
2024-06-18 06:00:58.433,115,22.1,42.0,40.8,33.2
2024-06-18 06:30:58.387,115,22.0,42.0,40.8,33.2
2024-06-18 07:00:58.011,115,22.0,41.9,40.8,33.2
2024-06-18 07:30:58.399,115,21.9,41.9,40.8,33.2
2024-06-18 08:00:58.506,115,21.9,41.8,40.8,33.2
2024-06-18 08:30:58.503,115,21.8,41.8,40.8,33.2
2024-06-18 09:00:58.456,115,21.8,41.7,40.8,33.2
2024-06-18 09:30:58.534,115,21.8,41.7,40.8,33.2
2024-06-18 10:00:58.563,115,21.7,41.7,40.8,33.2
2024-06-18 10:30:58.532,115,21.7,41.6,40.8,33.2
2024-06-18 11:30:58.532,115,21.7,41.5,40.7,33.2
2024-06-18 12:00:58.542,115,21.7,41.5,40.7,33.3
2024-06-18 12:30:58.511,115,21.7,41.4,40.7,33.2
2024-06-18 13:00:58.116,115,21.8,41.3,40.7,33.2
2024-06-18 13:30:58.434,115,21.9,41.3,40.7,33.2
2024-06-18 14:00:58.483,115,22.0,41.2,40.7,33.2
2024-06-18 14:30:58.431,115,22.1,41.1,40.6,33.2
2024-06-18 15:00:58.515,115,22.2,41.0,40.6,33.2
2024-06-18 15:30:57.702,115,22.3,41.0,40.6,33.2
2024-06-18 16:00:58.505,115,22.4,40.9,40.6,33.2
2024-06-18 16:30:58.479,115,22.4,40.9,40.6,33.2
2024-06-18 17:00:58.516,115,22.4,40.9,40.6,33.2
2024-06-18 17:30:58.466,115,22.4,40.9,40.6,33.2
2024-06-18 18:00:58.367,115,22.4,40.9,40.6,33.2
2024-06-18 18:30:58.393,115,22.3,40.9,40.6,33.2
2024-06-18 19:00:58.023,115,22.2,40.9,40.6,33.2
2024-06-18 19:30:58.453,115,22.2,40.9,40.6,33.2
2024-06-18 20:00:58.459,115,22.1,40.9,40.5,33.1
2024-06-18 20:30:58.424,115,22.0,40.9,40.6,33.2
2024-06-18 21:00:58.446,115,22.0,40.9,40.6,33.2
2024-06-18 21:30:58.376,115,21.9,40.9,40.6,33.2
2024-06-18 22:00:58.434,115,21.8,40.9,40.6,33.2
2024-06-18 22:30:58.480,115,21.7,40.9,40.6,33.2
2024-06-18 23:00:58.392,115,21.7,40.9,40.6,33.2
2024-06-18 23:30:58.506,115,21.6,40.9,40.6,33.2
2024-06-19 00:00:58.585,115,21.5,40.9,40.6,33.2
2024-06-19 00:30:57.767,115,21.4,40.8,40.6,33.2
2024-06-19 01:00:58.460,115,21.4,40.8,40.6,33.2
2024-06-19 01:30:58.455,115,21.3,40.8,40.6,33.2
2024-06-19 02:00:58.473,115,21.2,40.7,40.6,33.2
2024-06-19 02:30:58.473,115,21.2,40.7,40.6,33.2
2024-06-19 03:00:58.044,115,21.1,40.7,40.6,33.2
2024-06-19 03:30:58.479,115,21.1,40.7,40.6,33.2
2024-06-19 04:00:58.514,115,21.0,40.6,40.6,33.2
2024-06-19 04:30:58.478,115,21.0,40.6,40.6,33.2
2024-06-19 05:00:58.545,115,20.9,40.6,40.6,33.2
2024-06-19 05:30:58.520,115,20.9,40.5,40.6,33.2
2024-06-19 06:00:58.566,115,20.9,40.5,40.6,33.2
2024-06-19 06:30:58.571,115,20.8,40.5,40.6,33.3
2024-06-19 07:00:58.678,115,20.8,40.5,40.6,33.2
2024-06-19 07:30:58.589,115,20.8,40.4,40.6,33.2
2024-06-19 08:00:58.589,115,20.7,40.4,40.6,33.2
2024-06-19 08:30:58.574,115,20.7,40.3,40.5,33.2
2024-06-19 09:00:58.545,115,20.7,40.3,40.6,33.2
2024-06-19 09:30:58.607,115,20.7,40.2,40.6,33.2
2024-06-19 10:00:58.158,115,20.7,40.2,40.5,33.2
2024-06-19 10:30:58.499,115,20.8,40.2,40.5,33.2
2024-06-19 11:00:58.501,115,20.8,40.0,40.5,33.2
2024-06-19 11:30:58.557,115,20.9,40.0,40.5,33.2
2024-06-19 12:00:57.873,115,21.0,39.9,40.5,33.2
2024-06-19 12:30:58.534,115,21.1,39.8,40.5,33.2
2024-06-19 13:00:58.576,115,21.2,39.7,40.5,33.2
2024-06-19 13:30:58.551,115,21.3,39.7,40.4,33.2
2024-06-19 14:00:58.881,115,21.4,39.6,40.4,33.2
2024-06-19 14:30:57.845,115,21.4,39.5,40.4,33.2
2024-06-19 15:00:58.559,115,21.6,39.5,40.4,33.2
2024-06-19 15:30:58.513,115,21.7,39.4,40.4,33.2
2024-06-19 16:00:58.557,115,21.8,39.4,40.3,33.1
2024-06-19 16:30:58.535,115,21.9,39.3,40.3,33.1
2024-06-19 17:00:57.840,115,21.9,39.3,40.3,33.1
2024-06-19 17:30:58.530,115,21.9,39.2,40.3,33.1
2024-06-19 18:00:58.546,115,21.8,39.3,40.3,33.1
2024-06-19 18:30:58.494,115,21.8,39.2,40.3,33.1
2024-06-19 19:00:58.525,115,21.7,39.2,40.3,33.1
2024-06-19 19:30:58.512,115,21.6,39.2,40.3,33.1
2024-06-19 20:00:58.515,115,21.6,39.1,40.3,33.1
2024-06-19 20:30:58.508,115,21.4,39.2,40.3,33.1
2024-06-19 21:00:58.508,115,21.4,39.2,40.3,33.1
2024-06-19 21:30:57.813,115,21.3,39.2,40.3,33.1
2024-06-19 22:00:58.476,115,21.2,39.2,40.4,33.1
2024-06-19 22:30:58.512,115,21.1,39.2,40.4,33.1
2024-06-19 23:00:58.563,115,21.0,39.2,40.4,33.1
2024-06-19 23:30:58.519,115,20.9,39.2,40.4,33.1
2024-06-20 00:00:58.474,115,20.9,39.2,40.4,33.1
2024-06-20 00:30:58.525,115,20.8,39.2,40.4,33.1
2024-06-20 01:00:58.670,115,20.7,39.1,40.5,33.2
2024-06-20 01:30:58.529,115,20.7,39.1,40.4,33.2
2024-06-20 02:00:58.110,115,20.6,39.1,40.5,33.2
2024-06-20 02:30:58.469,115,20.5,39.1,40.5,33.2
2024-06-20 03:00:58.538,115,20.4,39.0,40.5,33.2
2024-06-20 03:30:58.561,115,20.4,39.0,40.5,33.2
2024-06-20 04:00:58.562,115,20.3,38.9,40.5,33.2
2024-06-20 04:30:58.591,115,20.2,38.9,40.5,33.2
2024-06-20 05:00:58.562,115,20.2,38.8,40.5,33.2
2024-06-20 05:30:58.639,115,20.1,38.8,40.5,33.2
2024-06-20 06:00:58.710,115,20.1,38.8,40.5,33.2
2024-06-20 06:30:58.691,115,20.0,38.8,40.5,33.2
2024-06-20 07:00:58.712,115,20.0,38.7,40.5,33.2
2024-06-20 07:30:58.687,115,20.0,38.6,40.5,33.2
2024-06-20 08:00:58.028,115,19.9,38.6,40.5,33.2
2024-06-20 08:30:58.685,115,19.9,38.5,40.4,33.2
2024-06-20 09:00:57.986,115,19.9,38.4,40.4,33.2
2024-06-20 09:30:58.671,115,19.9,38.3,40.4,33.2
2024-06-20 10:00:58.655,115,19.9,38.2,40.4,33.2
2024-06-20 11:00:58.646,115,20.0,38.1,40.3,33.2
2024-06-20 11:30:58.593,115,20.1,37.9,40.3,33.2
2024-06-20 12:00:58.654,115,20.2,37.9,40.3,33.2
2024-06-20 12:30:58.613,115,20.4,37.8,40.2,33.2
2024-06-20 13:00:58.670,115,20.5,37.7,40.2,33.2
2024-06-20 13:30:58.666,115,20.6,37.7,40.1,33.1
2024-06-20 14:00:58.670,115,20.8,37.6,40.1,33.1
2024-06-20 14:30:58.660,115,20.9,37.6,40.1,33.1
2024-06-20 15:00:58.802,115,21.0,37.5,40.1,33.1
2024-06-20 15:30:58.655,115,21.1,37.4,40.1,33.1
2024-06-20 16:00:58.684,115,21.2,37.4,40.0,33.1
2024-06-20 16:30:58.670,115,21.2,37.4,40.0,33.1
2024-06-20 17:00:58.656,115,21.2,37.3,40.0,33.1
2024-06-20 17:30:58.626,115,21.2,37.2,39.9,33.1
2024-06-20 18:00:58.762,115,21.2,37.2,39.9,33.1
2024-06-20 18:30:58.630,115,21.2,37.2,39.9,33.1
2024-06-20 19:00:58.644,115,21.1,37.1,39.9,33.0
2024-06-20 19:30:58.572,115,21.0,37.1,39.9,33.1
2024-06-20 20:00:58.635,115,20.9,37.1,39.9,33.1
2024-06-20 20:30:58.630,115,20.8,37.1,39.9,33.0
2024-06-20 21:00:58.641,115,20.7,37.1,39.9,33.1
2024-06-20 21:30:58.195,115,20.6,37.2,40.0,33.1
2024-06-20 22:00:58.670,115,20.5,37.1,40.0,33.1
2024-06-20 22:30:57.866,115,20.4,37.2,40.0,33.1
2024-06-20 23:00:58.666,115,20.4,37.1,40.0,33.1
2024-06-20 23:30:58.651,115,20.3,37.1,40.1,33.1
2024-06-21 00:00:58.681,115,20.2,37.1,40.1,33.1
2024-06-21 01:00:58.686,115,20.0,37.0,40.1,33.1
2024-06-21 01:30:58.689,115,19.9,37.0,40.1,33.1
2024-06-21 02:00:58.689,115,19.9,37.0,40.1,33.1
2024-06-21 02:30:58.707,115,19.8,36.9,40.1,33.1
2024-06-21 03:00:58.039,115,19.7,36.8,40.1,33.2
2024-06-21 03:30:58.755,115,19.7,36.8,40.1,33.2
2024-06-21 04:00:58.837,115,19.6,36.8,40.1,33.2
2024-06-21 04:30:58.754,115,19.5,36.7,40.1,33.2
2024-06-21 05:00:58.796,115,19.5,36.7,40.1,33.2
2024-06-21 05:30:58.422,115,19.4,36.6,40.1,33.2
2024-06-21 06:00:58.936,115,19.4,36.6,40.1,33.2
2024-06-21 06:30:58.964,115,19.3,36.5,40.1,33.2
2024-06-21 07:00:58.929,115,19.3,36.5,40.1,33.2
2024-06-21 07:30:58.972,115,19.2,36.5,40.1,33.2
2024-06-21 08:00:58.921,115,19.2,36.4,40.1,33.2
2024-06-21 08:30:58.903,115,19.2,36.3,40.1,33.2
2024-06-21 09:00:59.032,115,19.2,36.3,40.1,33.2
2024-06-21 09:30:58.895,115,19.2,36.2,40.1,33.2
2024-06-21 10:00:58.995,115,19.2,36.0,40.0,33.2
2024-06-21 11:00:58.952,115,19.3,35.9,39.9,33.2
2024-06-21 11:30:58.965,115,19.4,35.8,39.8,33.2
2024-06-21 12:00:58.978,115,19.5,35.7,39.8,33.2
2024-06-21 12:30:58.970,115,19.7,35.6,39.7,33.1
2024-06-21 13:00:58.523,115,19.8,35.6,39.6,33.1
2024-06-21 13:30:58.961,115,19.9,35.5,39.6,33.1
2024-06-21 14:00:58.970,115,20.1,35.5,39.5,33.1
2024-06-21 14:30:58.498,115,20.2,35.4,39.5,33.1
2024-06-21 15:00:58.963,115,20.3,35.4,39.4,33.1
2024-06-21 15:30:58.961,115,20.4,35.3,39.4,33.1
2024-06-21 16:00:58.956,115,20.4,35.3,39.3,33.0
2024-06-21 16:30:58.961,115,20.4,35.2,39.2,33.0
2024-06-21 17:00:58.947,115,20.4,35.2,39.2,33.0
2024-06-21 17:30:58.494,115,20.4,35.1,39.1,33.0
2024-06-21 18:00:58.984,115,20.4,35.1,39.1,32.9
2024-06-21 18:30:58.949,115,20.4,35.1,39.0,32.9
2024-06-21 19:00:58.239,115,20.3,35.0,39.0,32.9
2024-06-21 19:30:58.870,115,20.2,35.0,39.0,32.9
2024-06-21 20:00:58.936,115,20.2,35.0,39.0,32.9
2024-06-21 20:30:58.856,115,20.1,35.0,39.0,32.9
2024-06-21 21:00:58.941,115,19.9,35.0,39.0,32.9
2024-06-21 21:30:58.851,115,19.9,35.0,39.1,32.9
2024-06-21 22:00:58.959,115,19.8,35.1,39.1,32.9
2024-06-21 22:30:58.919,115,19.7,35.0,39.1,33.0
2024-06-21 23:00:58.495,115,19.6,34.9,39.2,32.9
2024-06-21 23:30:58.179,115,19.5,34.9,39.2,33.0
2024-06-22 00:00:58.980,115,19.4,34.9,39.2,33.0
2024-06-22 00:30:58.961,115,19.4,34.9,39.2,33.0
2024-06-22 01:00:58.269,115,19.3,34.9,39.2,33.0
2024-06-22 01:30:58.980,115,19.2,34.8,39.2,33.0
2024-06-22 02:00:58.942,115,19.2,34.8,39.3,33.0
2024-06-22 03:00:59.019,115,19.0,34.7,39.3,33.0
2024-06-22 03:30:59.046,115,19.0,34.7,39.3,33.0
2024-06-22 04:00:59.121,115,18.9,34.6,39.3,33.0
2024-06-22 04:30:59.081,115,18.9,34.6,39.3,33.0
2024-06-22 05:00:58.676,115,18.8,34.6,39.3,33.0
2024-06-22 05:30:59.076,115,18.8,34.5,39.3,33.0
2024-06-22 06:00:59.167,115,18.7,34.5,39.3,33.0
2024-06-22 06:30:59.176,115,18.7,34.4,39.3,33.1
2024-06-22 07:00:59.193,115,18.7,34.4,39.3,33.0
2024-06-22 07:30:58.741,115,18.6,34.4,39.3,33.0
2024-06-22 08:00:59.207,115,18.6,34.3,39.2,33.0
2024-06-22 08:30:59.186,115,18.6,34.2,39.2,33.0
2024-06-22 09:00:59.169,115,18.6,34.2,39.2,33.0
2024-06-22 09:30:59.175,115,18.6,34.1,39.1,33.0
2024-06-22 10:00:58.399,115,18.6,34.0,39.1,33.0
2024-06-22 10:30:59.090,115,18.6,33.9,39.0,33.0
2024-06-22 11:00:59.218,115,18.7,33.9,38.9,33.0
2024-06-22 11:30:59.162,115,18.8,33.8,38.8,32.9
2024-06-22 12:00:59.119,115,18.9,33.7,38.7,32.9
2024-06-22 12:30:59.156,115,19.0,33.6,38.6,32.9
2024-06-22 13:00:59.144,115,19.2,33.6,38.5,32.9
2024-06-22 13:30:59.144,115,19.2,33.5,38.4,32.8
2024-06-22 14:00:59.152,115,19.3,33.5,38.3,32.8
2024-06-22 14:30:58.451,115,19.4,33.4,38.2,32.8
2024-06-22 15:00:59.086,115,19.4,33.4,38.1,32.8
2024-06-22 15:30:59.083,115,19.5,33.3,38.1,32.7
2024-06-22 16:00:59.114,115,19.5,33.2,37.9,32.7
2024-06-22 16:30:59.069,115,19.5,33.2,37.9,32.7
2024-06-22 17:00:59.128,115,19.5,33.2,37.8,32.7
2024-06-22 17:30:58.677,115,19.4,33.2,37.7,32.7
2024-06-22 18:30:58.365,115,19.4,33.1,37.7,32.6
2024-06-22 19:00:58.478,115,19.3,33.1,37.7,32.6
2024-06-22 19:30:59.107,115,19.2,33.1,37.7,32.6
2024-06-22 20:00:59.102,115,19.2,33.1,37.7,32.6
2024-06-22 20:30:59.088,115,19.2,33.1,37.7,32.6
2024-06-22 21:00:58.665,115,19.0,33.1,37.7,32.6
2024-06-22 21:30:59.080,115,19.0,33.1,37.8,32.6
2024-06-22 22:00:59.103,115,18.9,33.1,37.8,32.6
2024-06-22 22:30:59.080,115,18.8,33.1,37.9,32.6
2024-06-22 23:00:59.093,115,18.8,33.0,37.9,32.6
2024-06-22 23:30:59.047,115,18.7,33.0,37.9,32.6
2024-06-23 00:00:59.103,115,18.6,33.0,37.9,32.6
2024-06-23 00:30:58.387,115,18.6,33.0,37.9,32.7
2024-06-23 01:00:59.107,115,18.5,33.0,38.0,32.7
2024-06-23 01:30:59.044,115,18.4,32.9,38.0,32.7
2024-06-23 02:00:59.139,115,18.4,32.9,38.0,32.7
2024-06-23 02:30:59.034,115,18.4,32.9,38.0,32.7
2024-06-23 03:00:59.096,115,18.3,32.9,38.0,32.7
2024-06-23 03:30:59.107,115,19.3,32.9,38.1,32.7
2024-06-23 04:00:59.118,115,26.0,34.7,38.1,32.7
2024-06-23 04:30:59.130,115,27.0,35.5,41.8,36.6
2024-06-23 05:00:58.391,115,29.9,36.9,41.8,35.6
2024-06-23 05:30:59.157,115,28.4,36.6,42.8,37.5
2024-06-23 06:00:59.203,115,26.8,35.4,41.5,36.2
2024-06-23 06:30:59.144,115,26.1,34.9,40.4,35.1
2024-06-23 07:00:58.810,115,25.6,34.6,39.9,34.2
2024-06-23 07:30:59.231,115,25.3,34.5,39.6,33.7
2024-06-23 08:00:59.286,115,25.0,34.4,39.4,33.3
2024-06-23 08:30:59.265,115,24.8,34.3,39.2,33.1
2024-06-23 09:00:59.338,115,24.7,34.2,39.1,33.0
2024-06-23 09:30:59.265,115,24.5,34.2,39.0,32.9
2024-06-23 10:00:59.298,115,24.4,34.1,38.9,32.9
2024-06-23 10:30:59.220,115,24.3,34.0,38.8,32.9
2024-06-23 11:00:59.514,115,24.1,33.9,38.7,32.9
2024-06-23 11:30:59.286,115,24.0,33.7,38.6,32.8
2024-06-23 12:00:59.307,115,23.9,33.6,38.4,32.8
2024-06-23 12:30:59.254,115,23.7,33.5,38.3,32.8
2024-06-23 13:00:59.275,115,23.6,33.4,38.2,32.7
2024-06-23 13:30:59.248,115,23.6,33.3,38.0,32.7
2024-06-23 14:00:59.258,115,23.5,33.2,37.9,32.6
2024-06-23 14:30:59.246,115,23.5,33.0,37.7,32.6
2024-06-23 15:00:58.542,115,23.4,33.0,37.6,32.5
2024-06-23 15:30:59.234,115,23.3,32.9,37.5,32.5
2024-06-23 16:00:59.243,115,23.2,32.8,37.3,32.5
2024-06-23 16:30:59.233,115,23.2,32.7,37.2,32.5
2024-06-23 17:00:59.214,115,23.0,32.6,37.0,32.4
2024-06-23 17:30:59.158,115,22.9,32.5,36.9,32.4
2024-06-23 18:00:59.235,115,22.8,32.5,36.8,32.4
2024-06-23 18:30:59.165,115,22.7,32.4,36.7,32.3
2024-06-23 19:00:58.772,115,22.6,32.4,36.6,32.3
2024-06-23 19:30:59.217,115,22.4,32.3,36.6,32.3
2024-06-23 20:00:59.220,115,22.3,32.3,36.6,32.3
2024-06-23 20:30:59.208,115,22.2,32.3,36.6,32.3
2024-06-23 21:00:59.226,115,22.0,32.3,36.6,32.3
2024-06-23 21:30:59.235,115,22.0,32.3,36.6,32.3
2024-06-23 22:00:59.269,115,21.8,32.2,36.7,32.3
2024-06-23 22:30:59.367,115,21.8,32.2,36.7,32.3
2024-06-23 23:00:59.519,115,21.7,32.2,36.7,32.3
2024-06-23 23:30:59.468,115,21.6,32.1,36.8,32.3
2024-06-24 00:00:59.533,115,21.5,32.1,36.8,32.3
2024-06-24 00:30:59.606,115,21.4,32.1,36.8,32.3
2024-06-24 01:00:58.991,115,21.3,32.0,36.8,32.3
2024-06-24 01:30:59.077,115,21.2,32.0,36.8,32.3
2024-06-24 02:00:59.807,115,21.2,31.9,36.8,32.3
2024-06-24 02:30:59.503,115,21.1,31.9,36.9,32.3
2024-06-24 03:00:59.980,115,21.0,31.8,36.9,32.3
2024-06-24 03:31:00.148,115,21.0,31.8,36.9,32.3
2024-06-24 04:01:00.277,115,20.9,31.8,36.9,32.3
2024-06-24 04:31:00.375,115,20.9,31.7,36.9,32.3
2024-06-24 05:01:00.471,115,20.8,31.7,36.9,32.3
2024-06-24 05:31:00.557,115,20.7,31.6,36.9,32.3
2024-06-24 06:01:00.667,115,20.7,31.6,36.9,32.3
2024-06-24 06:31:00.779,115,20.7,31.6,36.9,32.3
2024-06-24 07:01:00.826,115,20.6,31.5,36.9,32.3
2024-06-24 07:31:00.853,115,20.6,31.5,36.8,32.3
2024-06-24 08:01:00.150,115,20.6,31.4,36.8,32.3
2024-06-24 08:31:00.840,115,20.6,31.4,36.8,32.3
2024-06-24 09:01:00.134,115,20.6,31.4,36.8,32.3
2024-06-24 09:31:00.825,115,20.6,31.3,36.8,32.3
2024-06-24 10:01:00.849,115,20.6,31.3,36.7,32.2
2024-06-24 10:31:00.814,115,20.7,31.2,36.5,32.2
2024-06-24 11:01:00.824,115,20.7,31.1,36.4,32.2
2024-06-24 11:31:00.806,115,20.7,31.0,36.2,32.2
2024-06-24 12:01:00.824,115,20.8,30.9,36.0,32.1
2024-06-24 12:31:00.813,115,21.0,30.9,35.8,32.1
2024-06-24 13:01:00.818,115,21.2,30.8,35.6,32.0
2024-06-24 13:31:00.745,115,21.4,30.8,35.4,32.0
2024-06-24 14:01:00.802,115,21.6,30.7,35.1,32.0
2024-06-24 14:31:00.390,115,21.7,30.7,34.9,31.9
2024-06-24 15:01:00.097,115,21.9,30.7,34.7,31.9
2024-06-24 15:31:00.702,115,22.0,30.7,34.5,31.8
2024-06-24 16:01:00.801,115,22.1,30.7,34.3,31.8
2024-06-24 16:31:00.784,115,22.1,30.6,34.2,31.7
2024-06-24 17:01:00.798,115,22.0,30.6,34.0,31.7
2024-06-24 17:31:00.720,115,22.0,30.6,33.9,31.7
2024-06-24 18:01:00.783,115,22.0,30.6,33.8,31.6
2024-06-24 18:31:00.793,115,22.0,30.6,33.6,31.6
2024-06-24 19:01:00.774,115,21.9,30.6,33.6,31.6
2024-06-24 19:31:00.705,115,21.8,30.6,33.5,31.6
2024-06-24 20:01:00.857,115,21.7,30.6,33.5,31.6
2024-06-24 20:31:00.766,115,21.6,30.6,33.6,31.6
2024-06-24 21:01:00.758,115,21.5,30.7,33.6,31.6
2024-06-24 21:31:00.758,115,21.4,30.7,33.7,31.6
2024-06-24 22:01:00.783,115,21.4,30.7,33.8,31.6
2024-06-24 22:31:00.711,115,21.2,30.7,33.8,31.6
2024-06-24 23:01:00.779,115,21.2,30.6,33.9,31.6
2024-06-24 23:31:00.788,115,21.1,30.6,34.0,31.6
2024-06-25 00:01:00.806,115,21.0,30.6,34.0,31.6
2024-06-25 00:31:00.830,115,20.9,30.6,34.1,31.6
2024-06-25 01:01:00.857,115,20.8,30.5,34.1,31.6
2024-06-25 01:31:00.886,115,20.7,30.5,34.1,31.6
2024-06-25 02:01:00.923,115,20.7,30.5,34.2,31.6
2024-06-25 02:31:00.937,115,20.6,30.5,34.3,31.6
2024-06-25 03:01:00.545,115,20.5,30.5,34.3,31.6
2024-06-25 03:31:00.983,115,20.5,30.4,34.3,31.6
2024-06-25 04:01:00.996,115,20.4,30.4,34.3,31.6
2024-06-25 04:31:01.050,115,20.4,30.4,34.4,31.6
2024-06-25 05:01:01.022,115,20.4,30.3,34.4,31.7
2024-06-25 05:31:01.083,115,20.3,30.3,34.4,31.7
2024-06-25 06:01:01.117,115,20.2,30.3,34.4,31.7
2024-06-25 06:31:01.111,115,20.2,30.2,34.4,31.7
2024-06-25 07:01:01.141,115,20.1,30.2,34.4,31.7
2024-06-25 07:31:01.144,115,20.1,30.2,34.4,31.7
2024-06-25 08:01:00.689,115,20.1,30.1,34.4,31.7
2024-06-25 08:31:01.142,115,20.1,30.1,34.3,31.6
2024-06-25 09:31:01.052,115,20.0,29.9,34.0,31.6
2024-06-25 10:31:01.108,115,20.0,29.9,33.8,31.6
2024-06-25 11:01:00.468,115,20.0,29.8,33.8,31.5
2024-06-25 11:31:01.137,115,20.0,29.8,33.8,31.5
2024-06-25 12:01:01.150,115,20.0,29.8,33.8,31.5
2024-06-25 12:31:01.094,115,20.0,29.8,33.8,31.5
2024-06-25 13:01:01.179,115,20.0,29.8,33.8,31.5
2024-06-25 13:31:01.159,115,20.0,29.7,33.8,31.5
2024-06-25 14:01:01.195,115,20.0,29.8,33.8,31.5
2024-06-25 14:31:01.208,115,20.0,29.7,33.8,31.4
2024-06-25 15:31:01.216,115,19.9,29.7,33.8,31.4
2024-06-25 16:01:01.202,115,19.9,29.6,33.6,31.4
2024-06-25 16:31:01.174,115,19.9,29.5,33.5,31.4
2024-06-25 17:01:01.236,115,19.9,29.5,33.6,31.4
2024-06-25 17:31:01.245,115,19.9,29.5,33.5,31.4
2024-06-25 18:01:01.241,115,19.9,29.5,33.4,31.4
2024-06-25 18:31:01.246,115,20.0,29.5,33.4,31.4
2024-06-25 19:01:01.229,115,19.9,29.5,33.4,31.4
2024-06-25 19:31:01.188,115,20.0,29.5,33.4,31.4
2024-06-25 20:31:01.207,115,20.0,29.5,33.4,31.3
2024-06-25 21:01:01.239,115,19.9,29.5,33.4,31.3
2024-06-25 21:31:01.246,115,19.9,29.5,33.5,31.3
2024-06-25 22:01:01.291,115,19.9,29.4,33.5,31.3
2024-06-25 23:01:01.326,115,19.8,29.4,33.5,31.3
2024-06-25 23:31:00.647,115,19.8,29.4,33.6,31.3
2024-06-26 00:01:01.385,115,19.7,29.4,33.6,31.3
2024-06-26 00:31:01.321,115,19.7,29.4,33.6,31.3
2024-06-26 01:01:01.418,115,19.7,29.3,33.6,31.3
2024-06-26 01:31:01.436,115,19.7,29.3,33.6,31.3
2024-06-26 02:01:01.025,115,19.6,29.3,33.6,31.3
2024-06-26 02:31:01.492,115,19.6,29.3,33.6,31.3
2024-06-26 03:01:01.551,115,19.6,29.3,33.6,31.3
2024-06-26 03:31:01.530,115,19.6,29.3,33.6,31.3
2024-06-26 04:01:00.965,115,19.5,29.3,33.6,31.3
2024-06-26 04:31:01.242,115,19.5,29.2,33.7,31.3
2024-06-26 05:01:01.750,115,19.5,29.2,33.7,31.3
2024-06-26 05:31:01.808,115,19.5,29.2,33.7,31.3
2024-06-26 06:01:01.848,115,19.4,29.2,33.7,31.3
2024-06-26 06:31:01.888,115,19.4,29.1,33.7,31.3
2024-06-26 07:01:01.913,115,19.4,29.1,33.7,31.3
2024-06-26 07:31:01.957,115,19.4,29.1,33.6,31.3
2024-06-26 08:01:01.964,115,19.4,29.1,33.6,31.3
2024-06-26 08:31:01.309,115,19.4,29.1,33.7,31.3
2024-06-26 09:01:02.054,115,19.5,29.1,33.7,31.3
2024-06-26 09:31:02.014,115,19.6,29.1,33.7,31.3
2024-06-26 10:01:02.072,115,19.7,29.1,33.6,31.3
2024-06-26 10:31:02.086,115,19.7,29.1,33.6,31.3
2024-06-26 11:01:02.113,115,19.7,29.1,33.6,31.3
2024-06-26 11:31:01.399,115,19.8,29.1,33.6,31.3
2024-06-26 12:01:02.114,115,19.9,29.1,33.6,31.3
2024-06-26 12:31:02.031,115,20.0,29.1,33.6,31.3
2024-06-26 13:01:02.137,115,20.1,29.1,33.6,31.3
2024-06-26 13:31:02.113,115,20.1,29.1,33.6,31.3
2024-06-26 14:01:01.393,115,20.2,29.1,33.5,31.3
2024-06-26 14:31:02.113,115,20.2,29.1,33.5,31.3
2024-06-26 15:31:02.095,115,20.2,29.1,33.3,31.2
2024-06-26 16:01:02.131,115,20.2,29.1,33.2,31.2
2024-06-26 16:31:02.116,115,20.2,29.1,33.1,31.2
2024-06-26 17:01:02.114,115,20.2,29.0,32.9,31.1
2024-06-26 17:31:01.398,115,20.3,29.0,32.6,31.1
2024-06-26 18:01:01.665,115,20.3,29.0,32.4,31.0
2024-06-26 18:31:02.022,115,20.4,29.0,32.2,31.0
2024-06-26 19:01:02.117,115,20.4,29.0,32.2,31.0
2024-06-26 19:31:02.089,115,20.4,29.0,32.1,31.0
2024-06-26 20:01:02.086,115,20.4,29.1,32.1,31.0
2024-06-26 20:31:02.089,115,20.4,29.1,32.2,31.0
2024-06-26 21:01:01.401,115,20.4,29.1,32.3,31.0
2024-06-26 21:31:02.110,115,20.3,29.1,32.4,31.0
2024-06-26 22:01:02.145,115,20.3,29.1,32.4,31.0
2024-06-26 22:31:02.163,115,20.2,29.1,32.5,31.1
2024-06-26 23:01:02.223,115,20.2,29.1,32.6,31.1
2024-06-26 23:31:02.193,115,20.1,29.1,32.6,31.1
2024-06-27 00:31:02.374,115,20.0,29.1,32.7,31.1
2024-06-27 01:01:02.468,115,20.0,29.1,32.7,31.1
2024-06-27 01:31:01.842,115,19.9,29.0,32.7,31.2
2024-06-27 02:01:02.187,115,19.9,29.0,32.8,31.2
2024-06-27 02:31:02.245,115,19.9,29.0,32.8,31.2
2024-06-27 03:01:02.825,115,19.9,29.0,32.8,31.2
2024-06-27 03:31:02.904,115,19.8,28.9,32.8,31.2
2024-06-27 04:01:02.322,115,19.8,28.9,32.9,31.2
2024-06-27 04:31:03.105,115,19.7,28.9,32.9,31.2
2024-06-27 05:31:03.247,115,19.7,28.8,32.9,31.2
2024-06-27 06:01:03.454,115,19.6,28.8,32.9,31.2
2024-06-27 06:31:02.806,115,19.6,28.8,32.9,31.2
2024-06-27 07:01:03.642,115,19.6,28.8,32.9,31.2
2024-06-27 07:31:03.687,115,19.5,28.7,32.9,31.2
2024-06-27 08:01:03.702,115,19.5,28.7,32.9,31.3
2024-06-27 08:31:03.245,115,19.5,28.7,32.9,31.3
2024-06-27 09:01:03.705,115,19.5,28.7,32.8,31.2
2024-06-27 09:31:02.998,115,19.5,28.6,32.7,31.2
2024-06-27 10:01:03.700,115,19.5,28.6,32.4,31.2
2024-06-27 10:31:03.690,115,19.5,28.6,32.1,31.1
2024-06-27 11:01:03.688,115,19.5,28.5,31.9,31.1
2024-06-27 11:31:03.216,115,19.6,28.5,31.6,31.0
2024-06-27 12:01:03.607,115,19.6,28.5,31.4,31.0
2024-06-27 12:31:03.670,115,19.7,28.4,31.1,31.0
2024-06-27 13:01:03.671,115,19.8,28.4,30.8,30.9
2024-06-27 13:31:03.666,115,20.0,28.4,30.6,30.8
2024-06-27 14:01:02.976,115,20.2,28.5,30.3,30.8
2024-06-27 14:31:03.672,115,20.4,28.5,30.1,30.8
2024-06-27 15:01:03.658,115,20.7,28.5,29.8,30.7
2024-06-27 15:31:03.642,115,20.8,28.6,29.6,30.6
2024-06-27 16:01:03.697,115,21.0,28.6,29.3,30.6
2024-06-27 16:31:02.942,115,21.0,28.6,29.1,30.5
2024-06-27 17:01:03.668,115,21.0,28.6,28.9,30.5
2024-06-27 17:31:02.866,115,21.1,28.6,28.8,30.4
2024-06-27 18:01:03.651,115,21.0,28.7,28.7,30.4
2024-06-27 18:31:03.665,115,20.9,28.7,28.6,30.4
2024-06-27 19:01:03.600,115,20.9,28.8,28.6,30.4
2024-06-27 19:31:02.944,115,20.8,28.8,28.6,30.4
2024-06-27 20:01:03.651,115,20.7,28.8,28.6,30.3
2024-06-27 20:31:03.664,115,20.7,28.8,28.7,30.4
2024-06-27 21:01:03.723,115,20.6,28.8,28.8,30.4
2024-06-27 21:31:03.768,115,20.4,28.8,28.9,30.4
2024-06-27 22:01:03.873,115,20.4,28.8,29.0,30.4
2024-06-27 22:31:03.957,115,20.3,28.8,29.1,30.4
2024-06-27 23:01:04.083,115,20.2,28.8,29.1,30.5
2024-06-27 23:31:04.202,115,20.1,28.7,29.2,30.5
2024-06-28 00:01:04.288,115,20.0,28.7,29.3,30.5
2024-06-28 00:31:04.408,115,20.0,28.7,29.3,30.5
2024-06-28 01:01:04.540,115,19.9,28.6,29.4,30.5
2024-06-28 01:31:04.646,115,19.8,28.6,29.4,30.6
2024-06-28 02:01:04.695,115,19.8,28.6,29.5,30.6
2024-06-28 02:31:04.868,115,19.7,28.6,29.5,30.6
2024-06-28 03:01:04.970,115,19.7,28.5,29.6,30.6
2024-06-28 03:31:04.371,115,19.6,28.5,29.6,30.6
2024-06-28 04:01:05.145,115,19.6,28.5,29.6,30.6
2024-06-28 04:31:05.234,115,19.6,28.5,29.6,30.6
2024-06-28 05:01:05.221,115,19.5,28.4,29.6,30.6
2024-06-28 05:31:05.385,115,19.5,28.4,29.7,30.6
2024-06-28 06:01:05.480,115,19.4,28.4,29.7,30.6
2024-06-28 06:31:05.571,115,19.4,28.4,29.7,30.6
2024-06-28 07:01:05.642,115,19.4,28.4,29.7,30.7
2024-06-28 07:31:05.634,115,19.4,28.3,29.7,30.7
2024-06-28 08:01:05.734,115,19.4,28.3,29.6,30.7
2024-06-28 08:31:05.698,115,19.4,28.3,29.6,30.6
2024-06-28 09:31:04.980,115,19.3,28.2,29.3,30.6
2024-06-28 10:01:05.074,115,19.4,28.2,29.2,30.6
2024-06-28 10:31:05.762,115,19.3,28.2,29.1,30.6
2024-06-28 11:01:05.781,115,19.3,28.2,29.1,30.5
2024-06-28 11:31:05.761,115,19.4,28.2,29.0,30.5
2024-06-28 12:01:05.762,115,19.4,28.2,28.8,30.5
2024-06-28 12:31:05.751,115,19.4,28.1,28.7,30.4
2024-06-28 13:01:05.766,115,19.5,28.1,28.6,30.4
2024-06-28 13:31:05.746,115,19.5,28.1,28.4,30.4
2024-06-28 14:01:05.749,115,19.6,28.1,28.2,30.3
2024-06-28 14:31:05.738,115,19.6,28.1,28.1,30.2
2024-06-28 15:01:05.739,115,19.7,28.1,28.0,30.2
2024-06-28 15:31:05.736,115,19.7,28.1,27.8,30.2
2024-06-28 16:01:05.730,115,19.7,28.1,27.7,30.1
2024-06-28 16:31:05.728,115,19.7,28.1,27.5,30.0
2024-06-28 17:01:05.698,115,19.8,28.1,27.4,29.9
2024-06-28 17:31:05.640,115,19.8,28.1,27.3,29.9
2024-06-28 18:01:05.724,115,19.8,28.2,27.3,29.9
2024-06-28 18:31:05.701,115,19.8,28.2,27.3,29.9
2024-06-28 19:31:05.680,115,19.8,28.2,27.4,29.9
2024-06-28 20:01:05.038,115,19.7,28.3,27.5,29.9
2024-06-28 20:31:04.999,115,19.7,28.2,27.6,29.9
2024-06-28 21:01:05.025,115,19.7,28.3,27.6,29.9
2024-06-28 21:31:05.717,115,19.7,28.3,27.7,29.9
2024-06-28 22:01:05.661,115,19.6,28.3,27.7,30.0
2024-06-28 22:31:05.666,115,19.6,28.2,27.8,30.0
2024-06-28 23:01:05.279,115,19.5,28.2,27.8,30.0
2024-06-28 23:31:05.726,115,19.5,28.3,27.8,30.0
2024-06-29 00:01:05.732,115,19.5,28.2,27.9,30.0
2024-06-29 00:31:05.748,115,19.5,28.2,27.9,30.0
2024-06-29 01:01:05.035,115,19.5,28.2,27.9,30.0
2024-06-29 01:31:05.680,115,19.5,28.2,27.9,30.0
2024-06-29 02:01:05.744,115,19.4,28.2,28.0,30.0
2024-06-29 02:31:05.730,115,19.5,28.2,28.0,30.1
2024-06-29 03:01:05.758,115,19.4,28.2,28.0,30.1
2024-06-29 03:31:05.029,115,19.4,28.2,28.0,30.1
2024-06-29 04:01:05.672,115,19.4,28.2,28.0,30.1
2024-06-29 04:31:05.745,115,19.4,28.2,28.1,30.1
2024-06-29 05:01:05.028,115,19.4,28.2,28.0,30.1
2024-06-29 05:31:05.749,115,20.6,28.3,28.1,30.1
2024-06-29 06:01:05.754,115,22.5,28.3,28.1,30.1
2024-06-29 06:31:05.681,115,22.4,28.3,28.1,30.1
2024-06-29 07:01:05.754,115,29.1,33.9,39.9,40.5
2024-06-29 07:31:05.758,115,27.0,31.6,34.5,38.2
2024-06-29 08:01:05.778,115,26.5,30.9,33.6,35.7
2024-06-29 08:31:05.743,115,30.3,37.1,46.0,39.6
2024-06-29 09:01:05.792,115,27.9,34.3,44.4,39.9
2024-06-29 09:31:05.771,115,27.2,33.3,41.9,40.0
2024-06-29 10:01:05.790,115,26.8,32.9,40.3,39.8
2024-06-29 10:31:05.356,115,26.4,32.5,38.3,39.3
2024-06-29 11:01:05.771,115,26.2,32.3,37.5,37.3
2024-06-29 11:31:05.744,115,26.0,32.2,36.9,35.7
2024-06-29 12:01:05.084,115,25.9,32.1,36.7,34.7
2024-06-29 12:31:05.705,115,25.9,32.0,36.1,34.0
2024-06-29 13:01:05.716,115,25.8,31.9,35.6,33.5
2024-06-29 13:31:05.756,115,25.7,31.9,35.3,33.2
2024-06-29 14:01:05.700,115,25.7,31.8,35.0,32.9
2024-06-29 14:31:05.753,115,25.6,31.7,34.7,32.7
2024-06-29 15:01:05.752,115,25.5,31.7,34.5,32.6
2024-06-29 15:31:05.735,115,25.4,31.7,34.4,32.5
2024-06-29 16:01:05.695,115,25.3,31.7,34.3,32.5
2024-06-29 16:31:05.308,115,25.2,31.7,34.0,32.3
2024-06-29 17:01:05.746,115,25.2,31.6,34.0,32.3
2024-06-29 17:31:05.732,115,25.1,31.6,33.9,32.2
2024-06-29 18:01:05.067,115,25.1,31.6,33.7,32.1
2024-06-29 18:31:05.738,115,25.0,31.6,33.7,32.1
2024-06-29 19:31:05.707,115,24.9,31.6,33.8,32.0
2024-06-29 20:01:05.738,115,24.8,31.6,33.9,32.1
2024-06-29 20:31:05.725,115,24.9,31.6,34.0,32.1
2024-06-29 21:01:05.738,115,24.9,31.6,34.1,32.1
2024-06-29 21:31:05.731,115,24.8,31.6,34.1,32.1
2024-06-29 22:01:05.751,115,24.7,31.6,34.2,32.1
2024-06-29 22:31:05.774,115,24.6,31.6,34.3,32.2
2024-06-29 23:01:05.791,115,24.6,31.5,34.3,32.2
2024-06-29 23:31:05.832,115,24.5,31.5,34.4,32.2
2024-06-30 00:01:05.867,115,24.4,31.5,34.5,32.2
2024-06-30 00:31:05.846,115,24.3,31.5,34.5,32.2
2024-06-30 01:01:05.497,115,24.3,31.4,34.5,32.2
2024-06-30 01:31:05.962,115,24.2,31.4,34.6,32.2
2024-06-30 02:01:06.001,115,24.2,31.4,34.6,32.2
2024-06-30 03:01:06.081,115,24.1,31.4,34.7,32.2
2024-06-30 03:31:06.072,115,24.0,31.4,34.7,32.3
2024-06-30 04:01:06.198,115,24.0,31.3,34.7,32.3
2024-06-30 05:01:06.320,115,23.9,31.3,34.7,32.3
2024-06-30 05:31:06.409,115,23.8,31.2,34.8,32.3
2024-06-30 06:01:06.517,115,23.7,31.2,34.8,32.3
2024-06-30 06:31:06.588,115,23.7,31.2,34.8,32.3
2024-06-30 07:01:06.662,115,23.6,31.2,34.8,32.3
2024-06-30 07:31:06.679,115,23.6,31.1,34.8,32.3
2024-06-30 08:01:06.703,115,23.5,31.1,34.8,32.3
2024-06-30 08:31:06.648,115,23.5,31.1,34.8,32.3
2024-06-30 09:01:06.690,115,23.5,31.0,34.7,32.3
2024-06-30 09:31:06.791,115,23.4,31.0,34.7,32.2
2024-06-30 10:01:06.150,115,23.3,30.9,34.5,32.2
2024-06-30 10:31:06.825,115,23.3,30.9,34.4,32.2
2024-06-30 11:01:06.844,115,23.3,30.8,34.1,32.1
2024-06-30 11:31:06.137,115,23.2,30.7,33.9,32.0
2024-06-30 12:01:06.789,115,23.2,30.6,33.7,31.9
2024-06-30 12:31:06.055,115,23.2,30.5,33.5,31.8
2024-06-30 13:01:06.833,115,23.1,30.5,33.3,31.7
2024-06-30 13:31:06.840,115,23.1,30.4,33.2,31.6
2024-06-30 14:01:06.820,115,23.2,30.3,32.9,31.5
2024-06-30 14:31:06.817,115,23.1,30.2,32.7,31.4
2024-06-30 15:01:06.775,115,23.1,30.2,32.5,31.3
2024-06-30 15:31:06.820,115,23.0,30.1,32.3,31.2
2024-06-30 16:01:06.829,115,23.0,30.0,32.2,31.2
2024-06-30 16:31:06.817,115,22.9,30.0,32.0,31.1
2024-06-30 17:01:06.819,115,22.8,30.0,31.9,31.0
2024-06-30 17:31:06.840,115,22.7,29.9,31.8,30.9
2024-06-30 18:01:06.875,115,22.6,29.8,31.7,30.9
2024-06-30 18:31:06.870,115,22.5,29.8,31.6,30.8
2024-06-30 19:01:06.871,115,22.4,29.8,31.6,30.8
2024-06-30 19:31:06.237,115,22.3,29.7,31.6,30.8
2024-06-30 20:01:06.988,115,22.2,29.7,31.7,30.8
2024-06-30 20:31:07.052,115,22.1,29.7,31.8,30.8
2024-06-30 21:01:07.141,115,22.0,29.7,31.9,30.9
2024-06-30 21:31:06.568,115,22.0,29.6,31.9,30.9
2024-06-30 22:01:07.447,115,21.9,29.6,32.0,30.9
2024-06-30 22:31:07.606,115,21.8,29.6,32.1,31.0
2024-06-30 23:01:07.833,115,21.7,29.5,32.2,31.0
2024-06-30 23:31:08.059,115,21.7,29.5,32.2,31.0
2024-07-01 00:01:08.263,115,21.6,29.5,32.3,31.0
2024-07-01 00:31:08.573,115,21.5,29.4,32.3,31.0
2024-07-01 01:01:08.848,115,21.4,29.4,32.4,31.0
2024-07-01 01:31:09.052,115,21.4,29.4,32.4,31.0
2024-07-01 02:01:09.391,115,21.3,29.3,32.4,31.1
2024-07-01 02:31:09.627,115,21.2,29.3,32.5,31.1
2024-07-01 03:01:09.453,115,21.2,29.3,32.5,31.1
2024-07-01 03:31:10.176,115,21.2,29.2,32.5,31.1
2024-07-01 04:01:10.457,115,21.1,29.2,32.5,31.1
2024-07-01 04:31:10.736,115,21.0,29.1,32.5,31.1
2024-07-01 05:01:11.008,115,21.0,29.1,32.6,31.1
2024-07-01 05:31:11.221,115,20.9,29.1,32.6,31.1
2024-07-01 06:01:11.573,115,20.9,29.0,32.6,31.1
2024-07-01 06:31:11.134,115,20.9,29.0,32.6,31.1
2024-07-01 07:01:11.600,115,20.8,29.0,32.6,31.1
2024-07-01 07:31:12.002,115,20.8,28.9,32.6,31.1
2024-07-01 08:31:12.143,115,20.8,28.8,32.6,31.1
2024-07-01 09:01:11.794,115,20.8,28.8,32.5,31.1
2024-07-01 09:31:11.505,115,20.8,28.8,32.4,31.0
2024-07-01 10:01:12.200,115,20.8,28.8,32.3,31.0
2024-07-01 10:31:12.194,115,20.8,28.7,32.1,30.9
2024-07-01 11:01:12.192,115,20.8,28.7,31.9,30.8
2024-07-01 11:31:12.151,115,20.9,28.6,31.7,30.7
2024-07-01 12:01:12.181,115,20.9,28.6,31.4,30.6
2024-07-01 12:31:11.406,115,20.9,28.5,31.2,30.6
2024-07-01 13:01:12.200,115,21.0,28.5,31.0,30.4
2024-07-01 13:31:11.576,115,21.1,28.5,30.8,30.4
2024-07-01 14:01:12.193,115,21.2,28.5,30.6,30.2
2024-07-01 14:31:12.088,115,21.3,28.5,30.4,30.2
2024-07-01 15:01:12.107,115,21.4,28.5,30.2,30.1
2024-07-01 15:31:12.139,115,21.5,28.6,30.1,30.0
2024-07-01 16:31:12.132,115,21.6,28.6,29.8,29.9
2024-07-01 17:01:12.158,115,21.5,28.6,29.7,29.8
2024-07-01 17:31:12.139,115,21.5,28.6,29.7,29.8
2024-07-01 18:01:12.173,115,21.4,28.6,29.7,29.8
2024-07-01 19:01:12.142,115,21.4,28.6,29.6,29.7
2024-07-01 19:31:12.152,115,21.3,28.6,29.6,29.7
2024-07-01 20:01:12.172,115,21.2,28.6,29.7,29.7
2024-07-01 20:31:12.198,115,21.2,28.6,29.8,29.7
2024-07-01 21:01:12.261,115,21.1,28.6,29.8,29.8
2024-07-01 21:31:12.385,115,21.1,28.6,29.9,29.8
2024-07-01 22:01:12.050,115,21.0,28.6,30.0,29.9
2024-07-01 23:01:12.730,115,20.9,28.6,30.1,29.9
2024-07-01 23:31:12.824,115,20.8,28.6,30.2,29.9
2024-07-02 00:01:12.592,115,20.7,28.6,30.2,29.9
2024-07-02 00:31:13.166,115,20.7,28.5,30.3,29.9
2024-07-02 01:01:13.306,115,20.6,28.5,30.3,29.9
2024-07-02 01:31:13.467,115,20.6,28.5,30.4,30.0
2024-07-02 02:01:13.580,115,20.5,28.4,30.4,30.0
2024-07-02 02:31:13.241,115,20.5,28.4,30.4,30.0
2024-07-02 03:01:13.352,115,20.4,28.4,30.5,30.0
2024-07-02 03:31:13.910,115,20.4,28.4,30.5,30.0
2024-07-02 04:01:14.037,115,20.4,28.4,30.5,30.0
2024-07-02 04:31:14.119,115,20.4,28.3,30.5,30.0
2024-07-02 05:01:13.638,115,20.3,28.3,30.5,30.0
2024-07-02 05:31:14.053,115,20.3,28.3,30.5,30.0
2024-07-02 06:01:14.622,115,20.3,28.3,30.6,30.0
2024-07-02 06:31:14.717,115,20.2,28.2,30.6,30.0
2024-07-02 07:01:14.920,115,20.2,28.2,30.6,30.0
2024-07-02 07:31:14.970,115,20.2,28.2,30.6,30.1
2024-07-02 08:01:14.995,115,20.2,28.2,30.6,30.0
2024-07-02 08:31:15.005,115,20.2,28.1,30.5,30.0
2024-07-02 09:01:15.002,115,20.1,28.1,30.4,29.9
2024-07-02 09:31:14.951,115,20.1,28.1,30.1,29.9
2024-07-02 10:01:14.999,115,20.1,28.0,30.0,29.8
2024-07-02 11:31:14.961,115,20.2,27.9,29.4,29.5
2024-07-02 12:01:14.991,115,20.2,27.9,29.2,29.4
2024-07-02 12:31:14.978,115,20.3,27.9,28.9,29.3
2024-07-02 13:01:14.973,115,20.3,27.9,28.8,29.2
2024-07-02 13:31:14.966,115,20.4,27.9,28.7,29.1
2024-07-02 14:01:14.960,115,20.5,27.9,28.5,29.0
2024-07-02 14:31:14.954,115,20.6,27.9,28.3,28.9
2024-07-02 15:01:14.959,115,20.7,27.9,28.2,28.8
2024-07-02 15:31:14.908,115,20.7,27.9,28.0,28.7
2024-07-02 16:01:14.916,115,20.8,27.9,27.8,28.6
2024-07-02 16:31:14.946,115,20.8,27.9,27.6,28.5
2024-07-02 17:01:14.969,115,20.8,27.9,27.6,28.5
2024-07-02 17:31:14.924,115,20.9,28.0,27.5,28.4
2024-07-02 18:01:14.893,115,20.8,28.0,27.4,28.4
2024-07-02 18:31:14.931,115,20.8,28.0,27.4,28.3
2024-07-02 19:01:14.498,115,20.8,28.0,27.4,28.3
2024-07-02 21:01:14.459,115,20.6,28.1,27.6,28.4
2024-07-02 21:31:14.944,115,20.6,28.1,27.7,28.4
2024-07-03 00:31:15.025,115,20.2,28.0,28.0,28.5
2024-07-03 01:01:15.042,115,20.2,28.0,28.1,28.5
2024-07-03 01:31:14.631,115,20.2,28.0,28.1,28.6
2024-07-03 02:01:15.096,115,20.1,27.9,28.1,28.6
2024-07-03 02:31:14.667,115,20.1,27.9,28.1,28.6
2024-07-03 03:01:15.149,115,20.1,27.9,28.2,28.6
2024-07-03 03:31:15.192,115,20.0,27.9,28.2,28.6
2024-07-03 04:01:15.208,115,20.0,27.9,28.2,28.6
2024-07-03 04:31:14.788,115,19.9,27.9,28.3,28.6
2024-07-03 05:01:15.254,115,19.9,27.9,28.3,28.6
2024-07-03 05:31:15.285,115,19.9,27.9,28.3,28.7
2024-07-03 06:01:15.294,115,19.9,27.9,28.3,28.7
2024-07-03 06:31:15.313,115,19.8,27.8,28.3,28.7
2024-07-03 07:01:15.320,115,19.8,27.8,28.3,28.7
2024-07-03 07:31:15.334,115,19.8,27.8,28.3,28.6
2024-07-03 08:01:15.296,115,19.8,27.8,28.3,28.6
2024-07-03 08:31:15.306,115,19.8,27.8,28.2,28.6
2024-07-03 09:01:15.389,115,19.8,27.7,28.2,28.6
2024-07-03 09:31:15.273,115,19.8,27.7,28.1,28.5
2024-07-03 10:01:15.386,115,19.7,27.7,28.1,28.5
2024-07-03 10:31:14.891,115,19.8,27.7,28.0,28.5
2024-07-03 11:01:15.326,115,19.8,27.7,27.9,28.4
2024-07-03 11:31:14.643,115,19.8,27.7,27.7,28.3
2024-07-03 12:01:15.315,115,19.8,27.7,27.6,28.3
2024-07-03 12:31:15.303,115,19.9,27.7,27.5,28.3
2024-07-03 13:01:15.321,115,19.9,27.6,27.4,28.2
2024-07-03 13:31:15.315,115,19.9,27.6,27.2,28.1
2024-07-03 14:01:15.339,115,19.9,27.6,27.2,28.0
2024-07-03 14:31:15.314,115,19.9,27.6,27.0,27.9
2024-07-03 15:01:15.323,115,19.9,27.6,27.0,27.9
2024-07-03 15:31:15.307,115,19.9,27.6,26.9,27.9
2024-07-03 16:01:15.300,115,19.9,27.6,26.8,27.8
2024-07-03 16:31:15.288,115,19.9,27.6,26.8,27.8
2024-07-03 17:01:15.292,115,19.9,27.6,26.7,27.7
2024-07-03 17:31:15.281,115,19.9,27.6,26.6,27.6
2024-07-03 18:01:15.275,115,19.9,27.5,26.5,27.5
2024-07-03 18:31:15.289,115,19.9,27.6,26.5,27.4
2024-07-03 19:01:14.861,115,19.9,27.6,26.4,27.4
2024-07-03 19:31:15.292,115,19.9,27.6,26.5,27.4
2024-07-03 20:01:15.291,115,19.9,27.6,26.5,27.4
2024-07-03 20:31:14.827,115,19.8,27.6,26.6,27.5
2024-07-03 21:01:15.280,115,19.8,27.6,26.7,27.5
2024-07-03 21:31:14.822,115,19.8,27.6,26.7,27.6
2024-07-03 22:01:15.212,115,19.8,27.6,26.8,27.6
2024-07-03 22:31:15.280,115,19.7,27.6,26.8,27.6
2024-07-03 23:01:15.291,115,19.7,27.6,26.9,27.7
2024-07-03 23:31:15.303,115,19.7,27.6,26.9,27.7
2024-07-04 00:01:15.305,115,19.6,27.6,27.0,27.7
2024-07-04 00:31:15.343,115,19.6,27.6,27.0,27.7
2024-07-04 01:01:15.332,115,19.6,27.5,27.1,27.7
2024-07-04 01:31:15.269,115,19.6,27.5,27.1,27.7
2024-07-04 02:01:15.361,115,19.5,27.5,27.1,27.7
2024-07-04 02:31:15.376,115,19.5,27.5,27.2,27.7
2024-07-04 03:01:14.709,115,19.5,27.5,27.2,27.8
2024-07-04 03:31:15.394,115,19.5,27.5,27.2,27.8
2024-07-04 04:01:15.385,115,19.5,27.5,27.2,27.8
2024-07-04 04:31:15.411,115,19.4,27.5,27.3,27.8
2024-07-04 05:01:15.469,115,19.4,27.5,27.3,27.8
2024-07-04 05:31:15.024,115,19.4,27.5,27.3,27.8
2024-07-04 06:01:14.735,115,19.4,27.5,27.3,27.8
2024-07-04 06:31:15.443,115,19.4,27.4,27.3,27.9
2024-07-04 07:01:15.554,115,19.3,27.4,27.4,27.9
2024-07-04 08:01:15.481,115,19.3,27.4,27.4,27.9
2024-07-04 08:31:15.567,115,19.3,27.4,27.4,27.9
2024-07-04 09:01:15.564,115,19.3,27.4,27.4,27.9
2024-07-04 09:31:15.575,115,19.3,27.4,27.4,27.9
2024-07-04 10:01:14.908,115,19.3,27.4,27.5,27.9
2024-07-04 10:31:14.885,115,19.4,27.4,27.5,28.0
2024-07-04 11:01:15.607,115,19.4,27.5,27.5,28.0
2024-07-04 12:01:15.573,115,19.5,27.4,27.4,27.9
2024-07-04 13:01:15.588,115,19.5,27.4,27.4,27.9
2024-07-04 13:31:14.902,115,19.5,27.4,27.4,27.9
2024-07-04 14:01:15.593,115,19.5,27.4,27.4,27.8
2024-07-04 14:31:15.582,115,19.5,27.4,27.4,27.8
2024-07-04 15:01:15.600,115,19.6,27.4,27.4,27.9
2024-07-04 15:31:15.133,115,19.6,27.4,27.4,27.9
2024-07-04 16:01:15.143,115,19.6,27.4,27.4,27.9
2024-07-04 16:31:15.596,115,19.7,27.4,27.4,27.9
2024-07-04 17:01:15.165,115,19.7,27.4,27.4,27.9
2024-07-04 17:31:15.593,115,19.7,27.4,27.4,27.8
2024-07-04 18:01:15.598,115,19.7,27.4,27.4,27.8
2024-07-04 18:31:15.577,115,19.7,27.4,27.4,27.8
2024-07-04 19:01:14.891,115,19.7,27.4,27.4,27.8
2024-07-04 19:31:15.595,115,19.7,27.4,27.3,27.7
2024-07-04 20:01:15.582,115,19.7,27.4,27.3,27.7
2024-07-04 20:31:15.150,115,19.6,27.4,27.3,27.8
2024-07-04 21:01:15.594,115,19.6,27.4,27.4,27.8
2024-07-04 21:31:15.628,115,19.6,27.4,27.4,27.8
2024-07-04 22:01:14.934,115,19.6,27.4,27.4,27.8
2024-07-04 22:31:15.264,115,19.6,27.4,27.4,27.8
2024-07-04 23:31:15.739,115,19.5,27.4,27.4,27.9
2024-07-05 00:01:15.217,115,19.5,27.4,27.5,27.9
2024-07-05 00:31:15.973,115,19.4,27.4,27.5,27.9
2024-07-05 01:01:16.063,115,19.4,27.4,27.5,27.9
2024-07-05 01:31:16.123,115,19.4,27.4,27.5,27.9
2024-07-05 02:01:16.191,115,19.4,27.3,27.5,27.9
2024-07-05 02:31:16.300,115,19.3,27.3,27.5,27.9
2024-07-05 03:01:16.334,115,19.3,27.3,27.6,27.9
2024-07-05 03:31:16.471,115,19.3,27.3,27.6,28.0
2024-07-05 04:31:16.603,115,19.3,27.3,27.6,27.9
2024-07-05 05:01:16.714,115,19.2,27.2,27.6,28.0
2024-07-05 05:31:16.804,115,19.2,27.2,27.6,28.0
2024-07-05 06:01:16.876,115,19.2,27.2,27.6,28.0
2024-07-05 06:31:16.531,115,19.2,27.2,27.6,28.0
2024-07-05 07:01:16.358,115,19.2,27.2,27.6,28.0
2024-07-05 07:31:16.635,115,19.2,27.2,27.6,28.0
2024-07-05 08:01:17.122,115,19.2,27.2,27.6,28.0
2024-07-05 08:31:16.699,115,19.2,27.2,27.6,27.9
2024-07-05 09:01:16.499,115,19.2,27.1,27.5,27.9
2024-07-05 09:31:17.219,115,19.2,27.1,27.5,27.9
2024-07-05 10:01:17.195,115,19.3,27.1,27.6,27.9
2024-07-05 10:31:17.266,115,19.4,27.2,27.5,27.9
2024-07-05 11:01:17.306,115,20.4,27.2,27.6,27.9
2024-07-05 11:31:17.236,115,20.7,27.2,27.5,27.9
2024-07-05 12:01:17.328,115,20.7,27.3,27.5,27.9
2024-07-05 13:01:17.298,115,20.8,27.3,27.5,27.9
2024-07-05 13:31:17.327,115,20.8,27.3,27.5,27.9
2024-07-05 14:01:17.325,115,20.8,27.3,27.4,27.9
2024-07-05 14:31:17.324,115,20.9,27.3,27.3,27.7
2024-07-05 15:01:17.334,115,20.9,27.3,27.0,27.5
2024-07-05 15:31:16.611,115,20.9,27.2,26.9,27.4
2024-07-05 16:01:16.859,115,20.9,27.2,26.7,27.2
2024-07-05 16:31:17.279,115,20.9,27.2,26.5,27.1
2024-07-05 17:01:17.267,115,20.9,27.2,26.4,27.0
2024-07-05 17:31:17.291,115,20.8,27.2,26.2,26.9
2024-07-05 18:01:17.296,115,20.8,27.2,26.2,26.9
2024-07-05 18:31:16.858,115,20.7,27.3,26.1,26.9
2024-07-05 19:01:17.320,115,20.7,27.3,26.2,26.9
2024-07-05 19:31:17.303,115,20.6,27.3,26.2,26.9
2024-07-05 20:01:17.238,115,20.5,27.3,26.3,26.9
2024-07-05 20:31:17.282,115,20.5,27.3,26.3,26.9
2024-07-05 21:01:17.309,115,20.4,27.3,26.3,27.0
2024-07-05 22:01:17.356,115,20.3,27.3,26.4,27.0
2024-07-05 22:31:17.408,115,20.3,27.3,26.5,27.0
2024-07-05 23:01:17.472,115,20.2,27.3,26.5,27.0
2024-07-05 23:31:17.528,115,20.2,27.3,26.5,27.0
2024-07-06 00:01:17.606,115,20.1,27.3,26.6,27.1
2024-07-06 00:31:17.652,115,20.1,27.2,26.6,27.1
2024-07-06 01:01:17.299,115,20.0,27.2,26.6,27.1
2024-07-06 01:31:17.829,115,20.0,27.2,26.6,27.1
2024-07-06 02:01:17.865,115,19.9,27.2,26.6,27.1
2024-07-06 02:31:17.309,115,19.9,27.2,26.6,27.1
2024-07-06 03:01:18.116,115,19.9,27.2,26.7,27.1
2024-07-06 03:31:18.211,115,19.9,27.2,26.7,27.1
2024-07-06 04:01:18.327,115,19.8,27.1,26.7,27.1
2024-07-06 04:31:18.393,115,19.8,27.1,26.7,27.2
2024-07-06 05:01:18.094,115,19.8,27.1,26.7,27.2
2024-07-06 05:31:18.629,115,19.7,27.1,26.7,27.2
2024-07-06 06:01:18.305,115,19.7,27.0,26.7,27.2
2024-07-06 06:31:18.870,115,19.7,27.0,26.7,27.2
2024-07-06 07:31:18.915,115,19.7,27.0,26.7,27.2
2024-07-06 08:01:18.957,115,19.7,27.0,26.7,27.2
2024-07-06 09:01:18.926,115,19.7,26.9,26.7,27.1
2024-07-06 09:31:18.941,115,19.7,26.9,26.7,27.1
2024-07-06 10:01:18.914,115,19.7,26.9,26.6,27.0
2024-07-06 10:31:18.905,115,19.7,26.9,26.5,26.9
2024-07-06 11:01:18.937,115,19.7,26.9,26.3,26.8
2024-07-06 11:31:19.205,115,19.7,26.8,26.2,26.8
2024-07-06 12:01:18.914,115,19.7,26.8,26.0,26.6
2024-07-06 13:01:18.871,115,19.7,26.8,25.8,26.4
2024-07-06 13:31:18.885,115,19.8,26.8,25.7,26.4
2024-07-06 14:01:18.903,115,19.8,26.7,25.5,26.3
2024-07-06 14:31:18.880,115,19.8,26.7,25.4,26.2
2024-07-06 15:01:18.905,115,19.8,26.7,25.3,26.1
2024-07-06 15:31:18.895,115,19.9,26.7,25.1,26.0
2024-07-06 16:01:18.814,115,19.9,26.7,25.1,25.9
2024-07-06 17:01:18.774,115,19.9,26.7,24.8,25.7
2024-07-06 17:31:18.793,115,19.8,26.7,24.8,25.6
2024-07-06 18:01:18.849,115,19.8,26.7,24.8,25.6
2024-07-06 18:31:18.812,115,19.7,26.7,24.7,25.5
2024-07-06 19:01:18.799,115,19.7,26.7,24.7,25.5
2024-07-06 20:01:18.143,115,19.6,26.7,24.8,25.5
2024-07-06 20:31:18.859,115,19.6,26.7,24.9,25.5
2024-07-06 21:01:18.805,115,19.6,26.7,24.9,25.6
2024-07-06 21:31:18.887,115,19.5,26.7,25.0,25.6
2024-07-06 22:01:18.938,115,19.5,26.7,25.0,25.6
2024-07-06 22:31:18.999,115,19.4,26.7,25.1,25.6
2024-07-06 23:01:19.027,115,19.4,26.7,25.1,25.7
2024-07-06 23:31:18.675,115,19.4,26.7,25.1,25.6
2024-07-07 00:01:19.212,115,19.3,26.7,25.2,25.7
2024-07-07 00:31:18.830,115,19.3,26.6,25.2,25.7
2024-07-07 01:01:18.929,115,19.2,26.6,25.2,25.7
2024-07-07 01:31:19.451,115,19.2,26.6,25.3,25.7
2024-07-07 02:01:19.548,115,19.2,26.6,25.3,25.8
2024-07-07 02:31:18.923,115,19.1,26.6,25.3,25.8
2024-07-07 03:01:19.729,115,19.1,26.5,25.3,25.8
2024-07-07 03:31:19.012,115,19.1,26.5,25.3,25.8
2024-07-07 04:01:19.838,115,19.0,26.5,25.3,25.8
2024-07-07 04:31:20.005,115,19.0,26.5,25.3,25.8
2024-07-07 05:01:20.150,115,18.9,26.5,25.3,25.8
2024-07-07 05:31:19.803,115,18.9,26.5,25.3,25.8
2024-07-07 06:01:20.388,115,18.9,26.4,25.3,25.8
2024-07-07 06:31:20.460,115,18.9,26.4,25.3,25.8
2024-07-07 07:01:20.537,115,18.8,26.4,25.4,25.8
2024-07-07 07:31:20.546,115,18.8,26.4,25.4,25.8
2024-07-07 08:01:20.591,115,18.8,26.4,25.4,25.8
2024-07-07 08:31:20.567,115,18.8,26.3,25.3,25.8
2024-07-07 09:01:20.536,115,18.8,26.3,25.3,25.8
2024-07-07 09:31:20.537,115,18.8,26.3,25.3,25.8
2024-07-07 10:01:20.542,115,18.9,26.3,25.2,25.7
2024-07-07 10:31:20.536,115,18.9,26.3,25.1,25.6
2024-07-07 11:01:20.074,115,18.9,26.3,24.9,25.4
2024-07-07 11:31:20.530,115,18.9,26.3,24.7,25.3
2024-07-07 12:01:20.527,115,19.0,26.2,24.5,25.1
2024-07-07 12:31:20.451,115,19.0,26.2,24.4,25.1
2024-07-07 13:01:20.077,115,19.0,26.2,24.3,24.9
2024-07-07 13:31:20.533,115,19.1,26.2,24.2,24.9
2024-07-07 14:01:20.093,115,19.1,26.2,24.1,24.7
2024-07-07 14:31:20.518,115,19.1,26.2,24.0,24.6
2024-07-07 15:01:20.500,115,19.1,26.2,23.9,24.5
2024-07-07 15:31:20.500,115,19.1,26.2,23.8,24.3
2024-07-07 16:01:20.531,115,19.1,26.1,23.7,24.1
2024-07-07 16:31:20.487,115,19.2,26.1,23.6,23.9
2024-07-07 17:01:19.805,115,19.2,26.1,23.5,23.8
2024-07-07 17:31:20.488,115,19.2,26.1,23.5,23.6
2024-07-07 18:01:19.748,115,19.2,26.1,23.4,23.5
2024-07-07 18:31:20.482,115,19.2,26.1,23.4,23.4
2024-07-07 19:01:20.492,115,19.1,26.2,23.4,23.3
2024-07-07 19:31:20.422,115,19.1,26.1,23.4,23.3
2024-07-07 20:01:20.463,115,19.1,26.1,23.5,23.4
2024-07-07 20:31:20.731,115,19.0,26.2,23.6,23.4
2024-07-07 21:01:20.496,115,19.0,26.2,23.6,23.5
2024-07-07 21:31:20.495,115,19.0,26.2,23.7,23.5
2024-07-07 22:01:20.499,115,19.0,26.2,23.7,23.5
2024-07-07 22:31:20.539,115,18.9,26.1,23.8,23.5
2024-07-07 23:01:20.559,115,18.9,26.2,23.8,23.5
2024-07-07 23:31:20.613,115,18.8,26.1,23.8,23.6
2024-07-08 00:01:20.614,115,18.8,26.1,23.8,23.6
2024-07-08 00:31:20.702,115,18.8,26.1,23.9,23.6
2024-07-08 01:01:20.734,115,18.7,26.1,23.9,23.6
2024-07-08 01:31:20.781,115,18.7,26.1,23.9,23.6
2024-07-08 02:01:20.128,115,18.7,26.1,24.0,23.7
2024-07-08 02:31:20.836,115,18.7,26.1,24.0,23.7
2024-07-08 03:01:20.868,115,18.7,26.0,24.0,23.7
2024-07-08 03:31:20.874,115,18.6,26.0,24.0,23.7
2024-07-08 04:01:21.028,115,18.6,26.0,24.0,23.7
2024-07-08 04:31:21.064,115,18.6,26.0,24.0,23.7
2024-07-08 05:01:20.678,115,18.5,26.0,24.0,23.7
2024-07-08 05:31:21.190,115,18.5,26.0,24.0,23.7
2024-07-08 06:01:21.199,115,18.5,26.0,24.0,23.7
2024-07-08 06:31:21.410,115,18.4,25.9,24.0,23.7
2024-07-08 07:01:21.439,115,18.4,25.9,24.1,23.7
2024-07-08 07:31:21.466,115,18.4,25.9,24.1,23.7
2024-07-08 08:01:21.488,115,18.4,25.9,24.1,23.7
2024-07-08 08:31:21.490,115,18.4,25.9,24.1,23.7
2024-07-08 09:01:21.548,115,18.4,25.9,24.1,23.7
2024-07-08 09:31:21.485,115,18.4,25.9,24.0,23.7
2024-07-08 10:01:21.510,115,18.4,25.8,23.9,23.6
2024-07-08 10:31:21.470,115,18.4,25.8,23.7,23.4
2024-07-08 11:01:21.507,115,18.5,25.8,23.6,23.2
2024-07-08 11:31:21.458,115,18.5,25.8,23.4,23.0
2024-07-08 12:01:21.472,115,18.5,25.8,23.3,22.8
2024-07-08 12:31:21.440,115,18.6,25.8,23.1,22.6
2024-07-08 13:01:21.467,115,18.6,25.7,23.0,22.3
2024-07-08 13:31:20.744,115,18.7,25.7,22.9,22.2
2024-07-08 14:01:21.463,115,18.8,25.7,22.8,21.9
2024-07-08 14:31:21.449,115,18.8,25.8,22.7,21.7
2024-07-08 15:01:21.450,115,18.8,25.7,22.6,21.6
2024-07-08 15:31:20.746,115,18.8,25.7,22.5,21.3
2024-07-08 16:01:21.379,115,18.9,25.7,22.5,21.2
2024-07-08 16:31:21.442,115,18.8,25.7,22.5,21.1
2024-07-08 17:01:21.436,115,18.8,25.7,22.5,21.1
2024-07-08 17:31:20.727,115,18.8,25.8,22.5,21.1
2024-07-08 18:01:21.458,115,18.8,25.8,22.6,21.2
2024-07-08 18:31:21.421,115,18.8,25.8,22.6,21.2
2024-07-08 19:01:20.680,115,18.8,25.8,22.7,21.2
2024-07-08 19:31:21.439,115,18.8,25.8,22.7,21.2
2024-07-08 20:01:21.460,115,18.8,25.8,22.7,21.3
2024-07-08 20:31:21.428,115,18.7,25.8,22.8,21.3
2024-07-08 21:01:21.440,115,18.7,25.8,22.8,21.3
2024-07-08 21:31:20.744,115,18.7,25.8,22.9,21.4
2024-07-08 22:01:21.473,115,18.7,25.8,22.9,21.4
2024-07-08 22:31:21.461,115,18.7,25.8,22.9,21.4
2024-07-08 23:01:21.496,115,18.6,25.8,22.9,21.4
2024-07-08 23:31:21.474,115,18.6,25.8,23.0,21.4
2024-07-09 00:01:20.811,115,18.6,25.8,23.0,21.4
2024-07-09 00:31:21.486,115,18.5,25.8,23.0,21.4
2024-07-09 01:01:21.564,115,18.5,25.8,23.0,21.5
2024-07-09 01:31:21.563,115,18.5,25.7,23.1,21.5
2024-07-09 02:01:21.625,115,18.4,25.8,23.1,21.5
2024-07-09 02:31:21.620,115,18.4,25.7,23.1,21.5
2024-07-09 03:01:21.648,115,18.4,25.7,23.1,21.5
2024-07-09 03:31:21.669,115,18.4,25.7,23.1,21.5
2024-07-09 04:01:21.729,115,18.4,25.7,23.1,21.5
2024-07-09 04:31:21.756,115,18.4,25.7,23.1,21.6
2024-07-09 05:01:21.752,115,18.3,25.7,23.1,21.6
2024-07-09 05:31:21.808,115,18.4,25.7,23.1,21.6
2024-07-09 06:01:21.823,115,18.3,25.7,23.1,21.6
2024-07-09 06:31:21.892,115,18.3,25.6,23.1,21.6
2024-07-09 07:01:21.995,115,18.3,25.6,23.1,21.6
2024-07-09 07:31:21.503,115,18.3,25.6,23.2,21.6
2024-07-09 08:01:21.995,115,18.3,25.6,23.2,21.6
2024-07-09 08:31:21.944,115,18.3,25.6,23.2,21.6
2024-07-09 09:31:22.029,115,18.3,25.6,23.2,21.7
2024-07-09 10:01:22.064,115,18.3,25.6,23.2,21.6
2024-07-09 10:31:22.090,115,18.3,25.6,23.1,21.6
2024-07-09 11:01:22.080,115,18.3,25.6,23.2,21.6
2024-07-09 11:31:22.066,115,18.3,25.6,23.2,21.6
2024-07-09 12:01:21.382,115,18.3,25.6,23.2,21.7
2024-07-09 12:31:22.088,115,18.4,25.6,23.2,21.6
2024-07-09 13:01:22.065,115,18.4,25.6,23.2,21.6
2024-07-09 13:31:22.068,115,18.4,25.6,23.2,21.7
2024-07-09 14:01:22.061,115,18.4,25.6,23.2,21.6
2024-07-09 14:31:22.109,115,18.4,25.6,23.1,21.6
2024-07-09 15:01:22.274,115,18.5,25.6,23.1,21.6
2024-07-09 15:31:21.998,115,18.5,25.6,23.1,21.6
2024-07-09 16:01:22.127,115,18.5,25.6,23.2,21.7
2024-07-09 16:31:21.422,115,18.7,25.7,23.3,21.7
2024-07-09 17:01:22.182,115,21.0,26.4,24.0,21.9
2024-07-09 17:31:21.509,115,22.5,26.0,28.2,23.3
2024-07-09 18:01:22.233,115,23.2,25.9,27.1,23.4
2024-07-09 18:31:22.295,115,23.4,26.5,26.9,23.5
2024-07-09 19:01:21.927,115,24.3,27.1,29.7,23.7
2024-07-09 19:31:22.415,115,27.4,32.8,36.6,35.5
2024-07-09 20:01:22.457,115,30.9,39.1,46.1,40.6
2024-07-09 20:31:22.508,115,30.8,37.5,45.9,41.5
2024-07-09 21:01:22.590,115,31.8,40.7,46.9,41.9
2024-07-09 21:31:22.576,115,34.9,50.0,47.3,42.2
2024-07-09 22:01:22.005,115,35.5,50.5,47.7,42.5
2024-07-09 22:31:22.731,115,38.7,50.5,47.9,42.7
2024-07-09 23:01:22.789,115,39.5,50.4,47.9,42.9
2024-07-09 23:31:22.837,115,45.6,50.5,48.0,43.1
2024-07-10 00:01:22.949,115,40.6,50.4,48.0,43.3
2024-07-10 00:31:22.960,115,37.8,50.4,48.0,43.4
2024-07-10 01:31:22.366,115,34.8,50.3,48.0,43.5
2024-07-10 02:01:23.131,115,38.7,50.4,48.0,43.6
2024-07-10 02:31:23.187,115,42.3,50.4,48.2,43.7
2024-07-10 03:01:22.853,115,43.3,50.4,48.2,43.8
2024-07-10 03:31:22.601,115,42.1,50.4,48.2,43.9
2024-07-10 04:01:23.395,115,40.0,50.4,48.2,43.9
2024-07-10 04:31:23.430,115,45.2,50.5,48.3,44.0
2024-07-10 05:01:23.523,115,46.2,50.5,48.3,44.1
2024-07-10 05:31:23.603,115,47.1,50.5,48.4,44.2
2024-07-10 06:01:22.985,115,47.2,50.5,48.4,44.3
2024-07-10 06:31:23.760,115,47.2,50.5,48.4,44.3
2024-07-10 07:01:23.838,115,47.2,50.5,48.4,44.3
2024-07-10 07:31:23.208,115,47.2,50.5,48.4,44.3
2024-07-10 08:01:23.511,115,47.2,50.5,48.4,44.3
2024-07-10 08:31:24.032,115,47.1,50.5,48.4,44.3
2024-07-10 09:01:23.987,115,47.1,50.4,48.4,44.3
2024-07-10 09:31:24.095,115,47.1,50.5,48.4,44.4
2024-07-10 10:01:24.089,115,47.0,50.4,48.4,44.4
2024-07-10 10:31:24.138,115,46.3,50.4,48.4,44.4
2024-07-10 11:01:24.136,115,46.2,50.4,48.4,44.4
2024-07-10 11:31:24.145,115,44.5,50.4,48.4,44.4
2024-07-10 12:01:23.448,115,44.0,50.4,48.4,44.4
2024-07-10 12:31:24.125,115,43.5,50.4,48.4,44.3
2024-07-10 13:01:23.434,115,41.6,50.3,48.4,44.4
2024-07-10 13:31:23.670,115,39.2,50.3,48.4,44.3
2024-07-10 14:01:24.135,115,38.9,50.3,48.4,44.3
2024-07-10 14:31:23.420,115,38.4,50.4,48.4,44.3
2024-07-10 15:01:24.101,115,36.8,50.3,48.4,44.3
2024-07-10 15:31:23.410,115,35.9,50.4,48.4,44.3
2024-07-10 16:01:23.389,115,35.1,50.3,48.4,44.3
2024-07-10 17:01:24.067,115,34.3,50.1,48.3,44.2
2024-07-10 17:31:23.668,115,34.2,49.9,48.3,44.2
2024-07-10 18:01:24.084,115,34.2,49.7,48.3,44.2
2024-07-10 18:31:24.114,115,34.1,49.5,48.3,44.2
2024-07-10 19:01:23.420,115,34.1,49.2,48.2,44.2
2024-07-10 19:31:24.085,115,34.0,47.9,48.3,44.2
2024-07-10 20:01:24.088,115,34.0,46.9,48.3,44.2
2024-07-10 20:31:24.078,115,33.9,47.0,48.0,44.1
2024-07-10 21:01:24.036,115,33.9,46.9,47.9,44.1
2024-07-10 21:31:24.101,115,33.8,47.0,47.8,44.1
2024-07-10 22:01:24.154,115,33.8,46.9,47.7,44.1
2024-07-10 22:31:23.513,115,33.7,47.0,47.6,44.1
2024-07-10 23:01:23.738,115,33.7,46.9,47.3,44.0
2024-07-10 23:31:23.565,115,33.6,46.9,47.3,44.0
2024-07-11 00:01:24.303,115,33.6,46.9,47.3,44.0
2024-07-11 00:31:24.288,115,33.5,46.8,47.3,43.8
2024-07-11 01:01:24.374,115,33.4,46.8,47.3,43.7
2024-07-11 01:31:24.437,115,33.4,46.7,47.3,43.6
2024-07-11 02:01:24.494,115,33.4,46.7,47.2,43.5
2024-07-11 02:31:24.542,115,33.3,46.7,47.2,43.3
2024-07-11 03:01:24.636,115,33.3,46.7,47.1,42.9
2024-07-11 03:31:23.997,115,33.3,46.6,47.1,42.7
2024-07-11 04:01:24.752,115,33.2,46.7,47.1,42.5
2024-07-11 04:31:24.760,115,33.1,46.6,47.1,42.5
2024-07-11 05:01:24.909,115,33.1,46.5,47.0,42.3
2024-07-11 05:31:24.959,115,33.1,46.5,47.0,42.2
2024-07-11 06:01:24.567,115,33.1,46.5,46.7,42.2
2024-07-11 06:31:25.091,115,33.0,46.5,46.7,42.2
2024-07-11 07:01:25.155,115,33.0,46.5,46.7,42.2
2024-07-11 07:31:25.208,115,33.0,46.5,46.6,42.2
2024-07-11 08:01:25.192,115,33.0,46.4,46.6,42.1
2024-07-11 08:31:24.498,115,32.9,46.4,46.5,42.1
2024-07-11 09:01:25.194,115,32.9,46.4,46.5,42.1
2024-07-11 09:31:25.137,115,32.9,46.4,46.4,42.1
2024-07-11 10:01:25.177,115,32.9,46.3,46.2,42.1
2024-07-11 10:31:25.183,115,32.8,46.3,45.6,42.1
2024-07-11 11:01:25.193,115,32.8,46.2,45.4,41.9
2024-07-11 11:31:25.171,115,32.8,46.0,45.0,41.2
2024-07-11 12:01:25.168,115,32.8,46.0,44.5,41.0
2024-07-11 12:31:25.179,115,32.8,45.9,44.2,40.8
2024-07-11 13:01:25.175,115,32.7,45.7,43.8,40.4
2024-07-11 13:31:25.152,115,32.7,45.5,43.5,39.8
2024-07-11 14:01:25.158,115,32.6,45.3,43.0,38.9
2024-07-11 14:31:25.166,115,32.6,45.2,42.8,38.6
2024-07-11 15:01:24.720,115,32.6,45.2,42.7,38.5
2024-07-11 15:31:24.481,115,32.6,45.2,42.7,38.4
2024-07-11 16:01:25.238,115,34.1,45.3,42.7,38.3
2024-07-11 16:31:25.112,115,34.3,46.3,42.6,38.3
2024-07-11 17:31:25.157,115,34.4,47.1,42.3,38.1
2024-07-11 18:01:25.191,115,34.4,47.1,42.1,37.8
2024-07-11 18:31:25.169,115,34.4,47.0,42.0,37.7
2024-07-11 19:01:25.199,115,34.3,47.0,42.0,37.7
2024-07-11 19:31:25.188,115,34.3,47.1,42.0,37.7
2024-07-11 20:01:25.155,115,34.2,47.1,42.0,37.6
2024-07-11 20:31:25.107,115,34.2,47.1,41.9,37.7
2024-07-11 21:01:25.211,115,34.1,47.0,42.0,37.7
2024-07-11 21:31:24.747,115,34.1,47.0,42.0,37.7
2024-07-11 22:01:25.267,115,34.1,47.0,42.0,37.7
2024-07-11 22:31:25.299,115,34.1,47.0,42.0,37.7
2024-07-11 23:01:25.397,115,34.1,47.0,42.0,37.7
2024-07-11 23:31:25.421,115,34.0,47.0,42.0,37.7
2024-07-12 00:01:25.470,115,34.0,47.0,42.0,37.8
2024-07-12 00:31:25.104,115,33.9,46.9,42.0,37.8
2024-07-12 01:01:25.603,115,33.8,46.9,42.0,37.8
2024-07-12 01:31:25.702,115,33.8,46.8,42.0,37.8
2024-07-12 02:01:25.083,115,33.8,46.8,42.0,37.8
2024-07-12 02:31:25.804,115,33.7,46.8,42.1,37.8
2024-07-12 03:01:25.931,115,33.6,46.7,42.0,37.8
2024-07-12 03:31:26.040,115,33.6,46.7,42.1,37.8
2024-07-12 04:31:26.214,115,33.5,46.7,42.1,37.8
2024-07-12 05:01:26.258,115,33.5,46.6,42.1,37.8
2024-07-12 05:31:26.373,115,33.4,46.6,42.1,37.8
2024-07-12 06:01:25.749,115,33.4,46.6,42.1,37.8
2024-07-12 06:31:26.710,115,33.4,46.5,42.1,37.8
2024-07-12 07:01:26.633,115,33.3,46.5,42.1,37.8
2024-07-12 07:31:26.611,115,33.3,46.5,42.1,37.8
2024-07-12 08:01:26.748,115,33.3,46.5,42.0,37.8
2024-07-12 08:31:26.749,115,33.3,46.4,42.1,37.8
2024-07-12 09:31:26.776,115,33.3,46.3,42.0,37.8
2024-07-12 10:01:26.803,115,33.3,46.3,42.0,37.8
2024-07-12 10:31:26.097,115,33.3,46.3,42.0,37.8
2024-07-12 11:01:26.795,115,33.3,46.3,42.0,37.8
2024-07-12 11:31:26.782,115,33.3,46.2,41.8,37.6
2024-07-12 12:01:26.098,115,33.2,46.1,41.6,37.3
2024-07-12 12:31:26.783,115,33.2,46.0,41.4,37.2
2024-07-12 13:01:26.776,115,33.2,45.9,41.3,37.1
2024-07-12 13:31:26.786,115,33.2,45.8,41.1,36.8
2024-07-12 14:01:26.802,115,33.2,45.7,40.9,36.6
2024-07-12 14:31:26.778,115,33.2,45.6,40.7,36.4
2024-07-12 15:01:26.777,115,33.1,45.6,40.6,36.3
2024-07-12 15:31:26.784,115,33.1,45.6,40.5,36.1
2024-07-12 16:01:26.767,115,33.1,45.5,40.5,36.0
2024-07-12 16:31:26.773,115,33.0,45.5,40.4,35.9
2024-07-12 17:01:26.782,115,32.9,45.5,40.4,35.9
2024-07-12 17:31:26.765,115,32.9,45.5,40.4,35.9
2024-07-12 18:01:26.015,115,32.8,45.5,40.5,35.9
2024-07-12 19:01:26.307,115,32.7,45.5,40.5,35.9
2024-07-12 19:31:26.786,115,32.7,45.5,40.6,36.0
2024-07-12 20:01:26.705,115,32.7,45.6,40.6,36.0
2024-07-12 20:31:26.759,115,32.6,45.6,40.7,36.1
2024-07-12 21:01:26.690,115,32.6,45.6,40.7,36.2
2024-07-12 21:31:26.795,115,32.6,45.7,40.8,36.2
2024-07-12 22:01:26.756,115,32.5,45.7,40.8,36.2
2024-07-12 22:31:26.780,115,32.5,45.7,40.9,36.3
2024-07-12 23:01:26.456,115,32.4,45.7,40.9,36.3
2024-07-12 23:31:26.894,115,32.3,45.7,40.9,36.3
2024-07-13 00:01:26.933,115,32.3,45.7,41.0,36.3
2024-07-13 00:31:27.061,115,32.3,45.7,41.0,36.4
2024-07-13 01:01:27.150,115,32.2,45.7,41.0,36.4
2024-07-13 01:31:27.109,115,32.2,45.7,41.1,36.4
2024-07-13 02:01:27.236,115,32.1,45.6,41.1,36.4
2024-07-13 02:31:27.306,115,32.1,45.6,41.1,36.5
2024-07-13 03:01:27.413,115,32.1,45.6,41.1,36.5
2024-07-13 03:31:27.451,115,32.0,45.6,41.2,36.5
2024-07-13 04:01:27.478,115,32.0,45.6,41.2,36.5
2024-07-13 04:31:27.607,115,32.0,45.6,41.2,36.5
2024-07-13 05:01:27.274,115,31.9,45.6,41.2,36.5
2024-07-13 05:31:27.894,115,31.9,45.6,41.2,36.5
2024-07-13 06:01:27.873,115,31.8,45.5,41.2,36.5
2024-07-13 06:31:27.910,115,31.8,45.5,41.2,36.5
2024-07-13 07:01:28.033,115,31.8,45.5,41.2,36.6
2024-07-13 07:31:28.038,115,31.7,45.5,41.3,36.6
2024-07-13 08:01:27.319,115,31.7,45.5,41.3,36.6
2024-07-13 08:31:28.030,115,31.7,45.4,41.3,36.6
2024-07-13 09:01:27.561,115,31.7,45.4,41.3,36.6
2024-07-13 09:31:28.025,115,31.7,45.4,41.2,36.6
2024-07-13 10:01:28.032,115,31.7,45.4,41.2,36.5
2024-07-13 10:31:28.042,115,31.8,45.3,41.1,36.4
2024-07-13 11:01:28.103,115,31.7,45.3,40.9,36.3
2024-07-13 11:31:28.025,115,31.7,45.2,40.8,36.1
2024-07-13 12:01:27.394,115,31.7,45.1,40.7,36.0
2024-07-13 12:31:28.040,115,31.7,45.1,40.5,35.9
2024-07-13 13:01:28.057,115,31.7,45.1,40.4,35.7
2024-07-13 13:31:27.596,115,31.7,45.0,40.3,35.6
2024-07-13 14:01:28.016,115,31.7,45.0,40.2,35.5
2024-07-13 14:31:27.958,115,31.6,45.0,40.2,35.4
2024-07-13 15:01:28.199,115,31.6,44.9,40.1,35.4
2024-07-13 15:31:28.016,115,31.5,44.9,40.1,35.2
2024-07-13 16:01:28.061,115,31.5,44.9,40.0,35.1
2024-07-13 16:31:28.196,115,31.4,44.9,39.9,35.0
2024-07-13 17:01:28.039,115,31.3,44.8,39.9,35.0
2024-07-13 17:31:28.009,115,31.2,44.8,39.8,34.9
2024-07-13 18:01:28.020,115,31.1,44.8,39.9,34.9
2024-07-13 18:31:27.939,115,31.1,44.8,39.9,34.9
2024-07-13 19:01:28.035,115,31.0,44.8,39.9,34.9
2024-07-13 19:31:28.190,115,31.0,44.9,40.0,35.0
2024-07-13 20:01:27.300,115,30.9,44.9,40.1,35.0
2024-07-13 20:31:27.990,115,30.9,44.9,40.2,35.1
2024-07-13 21:01:28.022,115,30.9,45.0,40.2,35.2
2024-07-13 21:31:28.021,115,30.8,45.0,40.3,35.2
2024-07-13 22:01:28.015,115,30.8,45.0,40.3,35.3
2024-07-13 22:31:27.310,115,30.8,45.0,40.4,35.3
2024-07-13 23:01:27.960,115,30.8,45.0,40.5,35.4
2024-07-13 23:31:28.016,115,30.7,45.1,40.5,35.4
2024-07-14 00:01:27.969,115,30.7,45.1,40.5,35.4
2024-07-14 00:31:28.047,115,30.6,45.1,40.5,35.4
2024-07-14 01:01:28.060,115,30.6,45.0,40.6,35.5
2024-07-14 01:31:28.061,115,30.6,45.0,40.6,35.5
2024-07-14 02:01:28.080,115,30.6,45.1,40.6,35.5
2024-07-14 02:31:28.077,115,30.5,45.0,40.7,35.5
2024-07-14 03:01:28.084,115,30.5,45.0,40.7,35.6
2024-07-14 03:31:28.095,115,30.5,45.0,40.7,35.6
2024-07-14 04:01:27.677,115,30.5,45.0,40.7,35.6
2024-07-14 04:31:28.134,115,30.5,45.0,40.7,35.6
2024-07-14 05:01:28.139,115,30.4,45.0,40.7,35.6
2024-07-14 05:31:28.154,115,30.4,45.0,40.8,35.6
2024-07-14 06:01:28.121,115,30.4,45.0,40.8,35.6
2024-07-14 06:31:28.215,115,30.3,45.0,40.8,35.6
2024-07-14 07:31:28.223,115,30.3,45.0,40.8,35.6
2024-07-14 08:01:28.244,115,30.3,45.0,40.8,35.7
2024-07-14 08:31:28.192,115,30.3,45.0,40.8,35.7
2024-07-14 09:01:28.254,115,30.3,44.9,40.8,35.7
2024-07-14 09:31:28.221,115,30.3,44.9,40.8,35.6
2024-07-14 10:01:28.255,115,30.2,44.9,40.7,35.5
2024-07-14 10:31:28.169,115,30.2,44.9,40.6,35.4
2024-07-14 11:01:28.232,115,30.1,44.8,40.5,35.3
2024-07-14 11:31:28.215,115,30.1,44.7,40.4,35.2
2024-07-14 12:01:27.771,115,30.1,44.7,40.4,35.2
2024-07-14 12:31:28.214,115,45.4,48.9,46.4,36.9
2024-07-14 13:01:28.262,115,41.7,48.9,47.3,39.6
2024-07-14 13:31:28.231,115,39.6,48.8,47.5,40.2
2024-07-14 14:01:27.609,115,38.4,48.6,47.4,40.1
2024-07-14 14:31:28.285,115,37.4,48.4,47.3,40.0
2024-07-14 15:01:28.299,115,37.1,48.1,47.3,40.0
2024-07-14 15:31:28.279,115,36.7,48.0,47.1,39.7
2024-07-14 16:01:28.245,115,36.5,47.8,47.0,39.4
2024-07-14 17:01:28.195,115,36.1,47.7,46.9,39.1
2024-07-14 17:31:28.271,115,35.9,47.7,46.9,39.3
2024-07-14 18:01:28.265,115,35.8,47.7,46.9,39.2
2024-07-14 18:31:28.216,115,35.6,47.6,46.8,38.9
2024-07-14 19:01:27.828,115,35.6,47.6,46.6,38.6
2024-07-14 19:31:28.273,115,35.5,47.6,46.6,38.5
2024-07-14 20:01:28.272,115,35.5,47.6,46.6,38.5
2024-07-14 21:01:28.240,115,35.4,47.6,46.6,38.8
2024-07-14 21:31:28.270,115,35.4,47.6,46.6,38.9
2024-07-14 22:01:27.561,115,35.4,47.6,46.5,38.9
2024-07-14 22:31:28.261,115,35.3,47.6,46.6,38.8
2024-07-14 23:01:27.575,115,35.2,47.6,46.7,39.1
2024-07-14 23:31:28.244,115,35.2,47.6,46.7,39.2
2024-07-15 00:01:28.294,115,35.2,47.6,46.7,39.4
2024-07-15 00:31:28.195,115,35.1,47.6,46.7,39.5
2024-07-15 01:01:28.276,115,35.1,47.6,46.7,39.6
2024-07-15 01:31:28.204,115,35.1,47.6,46.7,39.6
2024-07-15 02:01:28.262,115,35.0,47.5,46.7,39.5
2024-07-15 02:31:28.280,115,35.0,47.5,46.7,39.4
2024-07-15 03:01:28.258,115,34.9,47.5,46.6,39.3
2024-07-15 03:31:28.223,115,34.9,47.4,46.5,39.0
2024-07-15 04:01:28.275,115,45.1,48.9,46.9,39.4
2024-07-15 04:31:28.381,115,45.6,48.9,46.9,40.2
2024-07-15 05:01:28.419,115,45.3,48.9,47.0,40.4
2024-07-15 05:31:28.464,115,44.1,48.9,47.0,40.5
2024-07-15 06:01:27.833,115,42.3,48.9,47.1,40.6
2024-07-15 06:31:28.583,115,41.2,48.8,47.1,40.6
2024-07-15 07:01:28.642,115,39.1,48.8,47.2,40.6
2024-07-15 07:31:28.658,115,38.8,48.8,47.2,40.7
2024-07-15 08:01:28.692,115,38.2,48.8,47.2,40.7
2024-07-15 08:31:28.619,115,38.0,48.7,47.2,40.6
2024-07-15 09:01:28.675,115,37.8,48.7,47.3,40.6
2024-07-15 09:31:28.692,115,37.4,48.7,47.2,40.6
2024-07-15 10:01:28.782,115,37.0,48.6,47.2,40.6
2024-07-15 10:31:28.675,115,36.7,48.6,47.2,40.6
2024-07-15 11:01:28.673,115,36.5,48.5,47.2,40.5
2024-07-15 11:31:28.665,115,36.4,48.4,47.1,40.4
2024-07-15 12:01:28.235,115,36.2,48.3,47.0,40.2
2024-07-15 12:31:28.610,115,36.1,48.2,47.0,40.0
2024-07-15 13:01:28.664,115,35.9,47.9,46.8,39.8
2024-07-15 13:31:28.648,115,35.9,47.7,46.6,39.5
2024-07-15 14:01:28.668,115,35.8,47.6,46.3,39.3
2024-07-15 14:31:28.652,115,35.7,47.5,46.1,39.0
2024-07-15 15:01:28.223,115,35.6,47.4,45.9,38.9
2024-07-15 15:31:28.641,115,35.5,47.3,45.7,38.8
2024-07-15 16:01:28.659,115,35.4,47.2,45.4,38.7
2024-07-15 16:31:27.966,115,35.4,47.1,45.1,38.6
2024-07-15 17:01:28.651,115,35.3,47.1,44.8,38.5
2024-07-15 17:31:28.640,115,35.3,47.0,44.2,38.3
2024-07-15 18:01:28.178,115,35.2,47.0,43.8,38.1
2024-07-15 19:01:28.178,115,35.1,47.0,43.2,37.9
2024-07-15 19:31:28.651,115,35.1,47.0,43.0,37.8
2024-07-15 20:01:28.626,115,35.1,47.0,43.0,37.7
2024-07-15 20:31:28.569,115,35.1,47.0,43.0,37.8
2024-07-15 21:01:28.635,115,35.1,47.1,43.0,37.8
2024-07-15 21:31:28.639,115,35.1,47.1,43.0,37.8
2024-07-15 22:01:28.185,115,35.0,47.1,43.1,37.9
2024-07-15 22:31:28.638,115,35.0,47.2,43.1,37.9
2024-07-15 23:01:28.625,115,35.0,47.1,43.1,37.9
2024-07-15 23:31:27.937,115,34.9,47.2,43.1,37.9
2024-07-16 00:01:28.635,115,45.6,48.7,43.3,37.9
2024-07-16 05:31:28.950,115,39.3,49.1,47.4,40.8
2024-07-16 06:01:29.000,115,39.0,49.1,47.4,40.8
2024-07-16 06:31:29.151,115,38.9,49.1,47.3,40.8
2024-07-16 07:01:29.260,115,38.7,49.1,47.3,40.8
2024-07-16 07:31:29.300,115,38.3,49.1,47.3,40.9
2024-07-16 08:01:29.369,115,38.1,49.0,47.3,40.9
2024-07-16 08:31:28.643,115,38.0,49.0,47.3,40.9
2024-07-16 09:01:29.397,115,37.9,48.9,47.3,40.9
2024-07-16 09:31:29.388,115,37.7,48.8,47.3,40.9
2024-07-16 10:01:29.386,115,37.6,48.8,47.1,40.9
2024-07-16 10:31:29.372,115,36.8,48.7,47.1,40.8
2024-07-16 11:01:29.386,115,36.5,48.6,46.9,40.8
2024-07-16 11:31:29.369,115,36.3,48.4,46.8,40.6
2024-07-16 12:01:29.379,115,36.1,48.3,46.4,40.5
2024-07-16 12:31:29.374,115,35.9,48.1,46.0,40.3
2024-07-16 13:01:29.306,115,35.8,47.9,45.4,40.0
2024-07-16 13:31:29.361,115,35.7,47.7,45.0,39.7
2024-07-16 14:01:28.658,115,35.5,47.5,44.6,39.2
2024-07-16 14:31:29.371,115,35.4,47.4,44.1,38.9
2024-07-16 15:01:29.397,115,35.4,47.4,43.8,38.9
2024-07-16 15:31:29.282,115,35.3,47.4,43.6,38.8
2024-07-16 16:01:29.366,115,35.2,47.3,43.4,38.7
2024-07-16 16:31:29.370,115,35.2,47.3,43.3,38.6
2024-07-16 17:01:29.334,115,35.1,47.2,43.1,38.4
2024-07-16 17:31:29.266,115,35.0,47.2,43.0,38.3
2024-07-16 18:01:28.642,115,35.0,47.2,43.1,38.3
2024-07-16 18:31:28.880,115,35.0,47.2,43.1,38.3
2024-07-16 19:01:29.333,115,34.9,47.2,43.1,38.3
2024-07-16 19:31:29.369,115,34.9,47.2,43.2,38.3
2024-07-16 20:01:29.395,115,34.9,47.2,43.2,38.4
2024-07-16 20:31:29.357,115,34.9,47.2,43.3,38.4
2024-07-16 21:01:29.366,115,34.9,47.2,43.3,38.4
2024-07-16 21:31:28.894,115,34.8,47.2,43.4,38.5
2024-07-16 22:01:29.388,115,34.8,47.2,43.5,38.5
2024-07-16 22:31:28.679,115,34.8,47.2,43.5,38.5
2024-07-16 23:31:28.674,115,34.7,47.2,43.6,38.5
2024-07-17 00:01:29.404,115,34.6,47.2,43.6,38.5
2024-07-17 00:31:29.413,115,34.6,47.2,43.6,38.5
2024-07-17 01:01:29.401,115,34.6,47.2,43.7,38.6
2024-07-17 01:31:29.016,115,34.6,47.1,43.7,38.6
2024-07-17 02:01:29.500,115,34.5,47.1,43.7,38.6
2024-07-17 02:31:29.519,115,34.5,47.1,43.7,38.6
2024-07-17 03:01:29.114,115,34.4,47.1,43.7,38.6
2024-07-17 03:31:29.601,115,34.4,47.1,43.8,38.6
2024-07-17 04:01:29.571,115,34.4,47.0,43.8,38.6
2024-07-17 04:31:29.655,115,34.4,47.0,43.8,38.6
2024-07-17 05:01:29.703,115,34.4,47.0,43.8,38.7
2024-07-17 05:31:29.736,115,34.3,46.9,43.8,38.6
2024-07-17 06:01:29.771,115,34.3,46.9,43.8,38.6
2024-07-17 06:31:29.815,115,34.3,46.8,43.8,38.6
2024-07-17 07:01:29.177,115,34.3,46.8,43.8,38.6
2024-07-17 07:31:29.901,115,34.3,46.8,43.8,38.6
2024-07-17 08:01:29.888,115,34.3,46.8,43.8,38.6
2024-07-17 08:31:29.869,115,34.2,46.7,43.8,38.6
2024-07-17 09:01:29.912,115,34.2,46.7,43.7,38.6
2024-07-17 09:31:29.909,115,34.2,46.7,43.7,38.6
2024-07-17 10:01:29.932,115,34.2,46.7,43.7,38.6
2024-07-17 10:31:29.900,115,34.2,46.7,43.7,38.6
2024-07-17 11:01:29.891,115,34.1,46.6,43.6,38.5
2024-07-17 11:31:29.887,115,34.1,46.5,43.3,38.2
2024-07-17 12:01:29.908,115,34.0,46.3,42.8,37.9
2024-07-17 12:31:29.880,115,33.9,46.2,42.5,37.7
2024-07-17 13:01:29.845,115,33.8,46.1,42.2,37.6
2024-07-17 13:31:29.432,115,33.8,46.0,42.1,37.5
2024-07-17 14:01:29.892,115,33.7,46.0,41.9,37.3
2024-07-17 14:31:29.896,115,33.7,45.9,41.9,37.4
2024-07-17 15:01:29.916,115,33.6,45.9,41.8,37.1
2024-07-17 15:31:29.818,115,33.5,45.8,41.8,37.0
2024-07-17 16:01:29.888,115,33.4,45.8,41.7,36.8
2024-07-17 16:31:29.884,115,33.3,45.7,41.6,36.8
2024-07-17 17:01:29.892,115,33.2,45.7,41.6,36.7
2024-07-17 17:31:29.865,115,33.1,45.6,41.6,36.7
2024-07-17 18:01:29.876,115,33.1,45.7,41.6,36.7
2024-07-17 18:31:29.874,115,33.0,45.6,41.6,36.8
2024-07-17 19:01:29.453,115,32.9,45.6,41.7,36.8
2024-07-17 19:31:29.822,115,32.9,45.7,41.7,36.9
2024-07-17 20:01:29.830,115,32.8,45.7,41.8,37.0
2024-07-17 20:31:29.861,115,32.8,45.7,41.8,37.0
2024-07-17 21:01:29.930,115,32.7,45.7,41.8,37.1
2024-07-17 21:31:29.935,115,32.7,45.7,41.9,37.1
2024-07-17 22:01:30.051,115,32.6,45.7,41.9,37.2
2024-07-17 22:31:29.671,115,32.6,45.7,41.9,37.2
2024-07-17 23:01:29.533,115,32.5,45.7,42.0,37.3
2024-07-17 23:31:30.303,115,32.5,45.7,42.0,37.3
2024-07-18 00:01:30.446,115,32.4,45.7,42.0,37.3
2024-07-18 00:31:30.553,115,32.3,45.7,42.0,37.3
2024-07-18 01:01:30.692,115,32.3,45.6,42.0,37.4
2024-07-18 01:31:30.824,115,32.2,45.6,42.1,37.4
2024-07-18 02:31:31.076,115,32.1,45.6,42.1,37.4
2024-07-18 03:01:31.259,115,32.1,45.6,42.1,37.4
2024-07-18 03:31:31.314,115,32.0,45.6,42.1,37.4
2024-07-18 04:01:31.554,115,32.1,45.5,42.1,37.5
2024-07-18 04:31:31.702,115,32.3,45.5,42.1,37.5
2024-07-18 05:01:31.890,115,31.9,45.5,42.2,37.5
2024-07-18 05:31:32.040,115,32.0,45.5,42.1,37.5
2024-07-18 06:01:32.177,115,32.0,45.4,42.1,37.5
2024-07-18 06:31:32.388,115,31.9,45.4,42.2,37.5
2024-07-18 07:01:32.462,115,31.9,45.4,42.1,37.5
2024-07-18 07:31:32.556,115,31.8,45.4,42.1,37.5
2024-07-18 08:01:32.603,115,31.8,45.3,42.1,37.5
2024-07-18 08:31:32.580,115,31.7,45.3,42.1,37.5
2024-07-18 09:01:32.531,115,31.7,45.3,42.1,37.5
2024-07-18 09:31:32.583,115,31.6,45.2,42.1,37.4
2024-07-18 10:01:31.898,115,31.6,45.2,42.0,37.3
2024-07-18 10:31:32.569,115,31.4,45.1,41.8,37.2
2024-07-18 11:01:32.602,115,31.4,45.1,41.7,37.0
2024-07-18 11:31:32.567,115,31.3,45.0,41.6,36.9
2024-07-18 12:01:32.605,115,31.2,45.0,41.4,36.8
2024-07-18 12:31:32.508,115,31.1,44.9,41.3,36.6
2024-07-18 13:01:32.589,115,31.0,44.9,41.3,36.6
2024-07-18 13:31:32.566,115,30.9,44.8,41.2,36.5
2024-07-18 14:01:32.562,115,30.8,44.7,41.1,36.4
2024-07-18 14:31:32.576,115,30.9,44.7,41.0,36.3
2024-07-18 15:01:32.575,115,30.9,44.6,41.0,36.2
2024-07-18 15:31:32.545,115,30.9,44.6,41.0,36.2
2024-07-18 16:01:32.553,115,31.0,44.6,41.0,36.2
2024-07-18 16:31:32.114,115,30.8,44.6,40.9,36.2
2024-07-18 17:01:32.553,115,30.8,44.6,41.0,36.2
2024-07-18 17:31:32.549,115,30.7,44.6,41.0,36.2
2024-07-18 18:01:32.476,115,30.6,44.6,41.0,36.2
2024-07-18 18:31:32.569,115,30.5,44.6,41.0,36.3
2024-07-18 19:01:32.577,115,30.5,44.6,41.1,36.3
2024-07-18 19:31:32.537,115,30.4,44.6,41.1,36.4
2024-07-18 20:01:32.616,115,30.4,44.6,41.1,36.4
2024-07-18 20:31:32.636,115,30.3,44.6,41.2,36.4
2024-07-18 21:01:32.689,115,30.3,44.6,41.2,36.5
2024-07-18 21:31:32.818,115,30.2,44.6,41.3,36.5
2024-07-18 22:01:32.955,115,30.2,44.6,41.3,36.6
2024-07-18 22:31:33.088,115,30.2,44.6,41.3,36.6
2024-07-18 23:01:33.278,115,30.1,44.6,41.3,36.6
2024-07-18 23:31:33.400,115,30.0,44.6,41.3,36.7
2024-07-19 00:01:33.639,115,30.0,44.6,41.4,36.7
2024-07-19 00:31:33.793,115,29.9,44.6,41.4,36.7
2024-07-19 01:01:33.338,115,29.9,44.6,41.4,36.7
2024-07-19 01:31:34.137,115,29.8,44.6,41.4,36.7
2024-07-19 02:01:34.416,115,29.8,44.6,41.4,36.8
2024-07-19 02:31:34.520,115,29.7,44.5,41.5,36.8
2024-07-19 03:01:34.786,115,29.7,44.5,41.5,36.8
2024-07-19 03:31:34.995,115,29.7,44.5,41.5,36.8
2024-07-19 04:01:35.221,115,29.6,44.5,41.5,36.8
2024-07-19 04:31:35.437,115,29.5,44.5,41.5,36.8
2024-07-19 05:01:35.638,115,29.5,44.4,41.5,36.8
2024-07-19 05:31:35.857,115,29.5,44.4,41.5,36.8
2024-07-19 06:01:36.099,115,29.4,44.4,41.5,36.8
2024-07-19 06:31:36.297,115,29.4,44.4,41.5,36.8
2024-07-19 07:01:36.010,115,29.3,44.4,41.5,36.8
2024-07-19 07:31:36.083,115,29.3,44.3,41.5,36.8
2024-07-19 08:01:36.548,115,29.3,44.3,41.5,36.8
2024-07-19 08:31:36.539,115,29.3,44.3,41.5,36.8
2024-07-19 09:01:36.549,115,29.3,44.3,41.5,36.8
2024-07-19 09:31:36.525,115,29.3,44.3,41.4,36.8
2024-07-19 10:01:36.531,115,29.3,44.3,41.4,36.8
2024-07-19 10:31:36.522,115,29.3,44.2,41.3,36.6
2024-07-19 11:01:36.530,115,29.2,44.2,41.2,36.5
2024-07-19 11:31:36.080,115,29.2,44.1,41.0,36.3
2024-07-19 12:01:35.820,115,29.1,44.0,40.9,36.2
2024-07-19 12:31:36.462,115,29.0,44.0,40.8,36.1
2024-07-19 13:01:36.518,115,29.0,44.0,40.8,36.1
2024-07-19 13:31:36.513,115,29.0,44.0,40.7,36.0
2024-07-19 14:01:36.072,115,28.9,43.9,40.7,35.9
2024-07-19 14:31:36.485,115,28.8,43.9,40.6,35.9
2024-07-19 15:01:36.507,115,28.8,43.9,40.5,35.8
2024-07-19 15:31:36.064,115,28.7,43.9,40.5,35.7
2024-07-19 16:31:36.469,115,28.6,43.9,40.5,35.6
2024-07-19 17:31:36.019,115,28.5,43.9,40.4,35.6
2024-07-19 18:01:36.497,115,28.4,43.8,40.4,35.6
2024-07-19 18:31:36.490,115,28.4,43.8,40.5,35.6
2024-07-19 19:01:36.494,115,28.3,43.9,40.5,35.6
2024-07-19 19:31:36.490,115,28.3,43.9,40.5,35.7
2024-07-19 20:01:36.502,115,28.3,43.9,40.5,35.7
2024-07-19 20:31:35.796,115,28.2,43.9,40.6,35.8
2024-07-19 21:01:36.459,115,28.2,43.9,40.7,35.8
2024-07-19 21:31:36.571,115,28.2,43.9,40.7,35.9
2024-07-19 22:01:36.622,115,28.2,44.0,40.7,35.9
2024-07-19 22:31:36.740,115,28.1,44.0,40.7,36.0
2024-07-19 23:01:36.926,115,28.1,44.0,40.8,36.0
2024-07-19 23:31:36.978,115,28.1,44.0,40.8,36.0
2024-07-20 00:01:37.192,115,28.0,44.0,40.8,36.0
2024-07-20 00:31:37.373,115,28.0,44.0,40.9,36.0
2024-07-20 01:01:36.763,115,27.9,44.0,40.9,36.1
2024-07-20 01:31:37.598,115,27.9,44.0,40.9,36.1
2024-07-20 02:01:37.736,115,27.8,44.0,40.9,36.1
2024-07-20 02:31:37.862,115,27.8,44.0,40.9,36.1
2024-07-20 03:01:38.031,115,27.8,44.0,40.9,36.1
2024-07-20 03:31:38.170,115,27.7,43.9,40.9,36.1
2024-07-20 04:01:38.258,115,27.7,43.9,41.0,36.1
2024-07-20 04:31:38.435,115,27.6,43.9,41.0,36.2
2024-07-20 05:01:38.683,115,27.6,43.9,41.0,36.2
2024-07-20 05:31:38.083,115,27.6,43.9,41.0,36.2
2024-07-20 06:01:39.001,115,27.5,43.9,41.0,36.2
2024-07-20 06:31:39.183,115,27.5,43.9,41.0,36.2
2024-07-20 07:01:39.338,115,27.5,43.9,41.0,36.2
2024-07-20 07:31:39.417,115,27.4,43.8,41.0,36.2
2024-07-20 08:31:39.412,115,27.4,43.8,41.0,36.2
2024-07-20 09:01:39.462,115,27.4,43.8,41.0,36.2
2024-07-20 09:31:39.425,115,27.4,43.8,41.0,36.2
2024-07-20 10:01:39.443,115,27.4,43.8,41.0,36.2
2024-07-20 10:31:39.416,115,27.4,43.7,40.9,36.0
2024-07-20 11:31:38.963,115,27.3,43.7,40.6,35.7
2024-07-20 12:01:39.448,115,27.3,43.7,40.6,35.7
2024-07-20 12:31:39.429,115,27.3,43.6,40.5,35.6
2024-07-20 13:01:39.420,115,27.3,43.6,40.5,35.6
2024-07-20 13:31:38.697,115,27.2,43.6,40.3,35.4
2024-07-20 14:01:38.974,115,27.2,43.5,40.2,35.2
2024-07-20 14:31:39.427,115,27.1,43.5,40.1,35.0
2024-07-20 15:01:39.416,115,27.0,43.4,40.0,34.9
2024-07-20 15:31:39.380,115,27.0,43.4,39.9,34.8
2024-07-20 16:01:39.408,115,26.9,43.4,39.9,34.8
2024-07-20 16:31:39.416,115,26.9,43.4,39.9,34.8
2024-07-20 17:01:39.408,115,26.8,43.4,39.9,34.8
2024-07-20 18:01:38.704,115,26.7,43.4,39.9,34.8
2024-07-20 18:31:39.400,115,26.7,43.3,39.9,34.8
2024-07-20 19:01:38.953,115,26.6,43.4,40.0,34.8
2024-07-20 19:31:39.373,115,26.6,43.4,40.0,34.9
2024-07-20 20:01:39.410,115,26.6,43.4,40.1,35.0
2024-07-20 20:31:38.975,115,26.5,43.5,40.1,35.0
2024-07-20 21:01:39.428,115,26.5,43.5,40.2,35.1
2024-07-20 21:31:39.501,115,26.5,43.5,40.2,35.1
2024-07-20 22:01:39.543,115,26.5,43.5,40.3,35.2
2024-07-20 22:31:39.698,115,26.4,43.5,40.3,35.2
2024-07-20 23:01:39.813,115,26.4,43.5,40.4,35.2
2024-07-20 23:31:39.888,115,26.3,43.5,40.4,35.3
2024-07-21 00:01:40.002,115,26.3,43.5,40.5,35.3
2024-07-21 00:31:40.037,115,26.3,43.5,40.5,35.3
2024-07-21 01:01:40.189,115,26.2,43.5,40.5,35.4
2024-07-21 01:31:40.288,115,26.2,43.5,40.5,35.4
2024-07-21 02:01:40.433,115,26.2,43.5,40.5,35.4
2024-07-21 02:31:40.449,115,26.1,43.5,40.5,35.4
2024-07-21 03:01:40.650,115,26.1,43.5,40.6,35.4
2024-07-21 03:31:40.700,115,26.0,43.5,40.6,35.4
2024-07-21 04:01:40.872,115,26.0,43.5,40.6,35.4
2024-07-21 04:31:40.927,115,26.0,43.5,40.6,35.4
2024-07-21 05:01:41.097,115,26.0,43.5,40.6,35.4
2024-07-21 05:31:40.756,115,25.9,43.5,40.6,35.5
2024-07-21 06:01:41.322,115,25.9,43.5,40.6,35.5
2024-07-21 06:31:41.437,115,25.9,43.5,40.6,35.5
2024-07-21 07:01:41.556,115,25.9,43.4,40.7,35.5
2024-07-21 07:31:41.644,115,25.8,43.5,40.7,35.5
2024-07-21 08:01:41.732,115,25.8,43.5,40.6,35.5
2024-07-21 08:31:41.104,115,25.8,43.4,40.6,35.5
2024-07-21 09:01:41.840,115,25.8,43.4,40.7,35.5
2024-07-21 09:31:41.810,115,25.7,43.4,40.7,35.5
2024-07-21 10:01:41.764,115,25.8,43.4,40.7,35.5
2024-07-21 10:31:41.816,115,25.7,43.4,40.7,35.5
2024-07-21 11:01:41.835,115,25.7,43.4,40.6,35.4
2024-07-21 11:31:41.818,115,25.7,43.3,40.5,35.2
2024-07-21 12:31:41.779,115,25.6,43.2,40.2,34.9
2024-07-21 13:01:41.809,115,25.6,43.2,40.1,34.8
2024-07-21 13:31:41.792,115,25.5,43.1,40.0,34.7
2024-07-21 14:01:41.775,115,25.5,43.1,39.9,34.6
2024-07-21 14:31:41.785,115,25.5,43.0,39.8,34.5
2024-07-21 15:01:41.802,115,25.4,43.0,39.7,34.3
2024-07-21 15:31:41.803,115,25.3,42.9,39.6,34.2
2024-07-21 16:01:41.790,115,25.3,42.9,39.4,34.1
2024-07-21 16:31:41.716,115,25.2,42.8,39.4,34.0
2024-07-21 17:01:41.333,115,25.1,42.8,39.3,33.9
2024-07-21 17:31:41.097,115,25.1,42.8,39.3,33.8
2024-07-21 18:01:41.788,115,25.1,42.8,39.3,33.9
2024-07-21 18:31:41.780,115,25.0,42.8,39.4,33.9
2024-07-21 19:01:42.074,115,25.0,42.8,39.4,33.9
2024-07-21 19:31:41.786,115,25.0,42.8,39.4,34.0
2024-07-21 20:01:41.812,115,25.0,42.8,39.5,34.0
2024-07-21 20:31:41.798,115,24.9,42.8,39.6,34.1
2024-07-21 21:01:41.818,115,24.9,42.8,39.6,34.2
2024-07-21 21:31:41.883,115,24.9,42.9,39.7,34.3
2024-07-21 22:01:41.254,115,24.8,42.9,39.8,34.3
2024-07-21 22:31:41.306,115,24.8,42.9,39.8,34.3
2024-07-21 23:01:42.108,115,24.7,42.9,39.9,34.4
2024-07-21 23:31:42.174,115,24.7,43.0,39.9,34.4
2024-07-22 00:01:42.206,115,24.7,42.9,39.9,34.4
2024-07-22 00:31:41.628,115,24.7,43.0,40.0,34.5
2024-07-22 01:01:42.427,115,24.7,43.0,40.0,34.5
2024-07-22 02:01:42.567,115,24.6,43.0,40.1,34.5
2024-07-22 02:31:42.649,115,24.6,43.0,40.1,34.5
2024-07-22 03:01:42.729,115,24.6,43.0,40.1,34.6
2024-07-22 03:31:42.830,115,24.5,43.0,40.1,34.6
2024-07-22 04:01:42.978,115,24.5,42.9,40.1,34.6
2024-07-22 04:31:43.002,115,24.5,42.9,40.1,34.6
2024-07-22 05:01:43.098,115,24.5,42.9,40.2,34.6
2024-07-22 05:31:43.205,115,24.4,42.9,40.2,34.6
2024-07-22 06:01:42.611,115,24.4,42.9,40.2,34.6
2024-07-22 06:31:43.409,115,24.4,42.9,40.2,34.6
2024-07-22 07:01:42.833,115,24.3,42.9,40.2,34.7
2024-07-22 07:31:43.612,115,24.3,42.9,40.2,34.7
2024-07-22 08:01:43.621,115,24.3,42.9,40.2,34.7
2024-07-22 08:31:43.650,115,24.3,42.9,40.2,34.7
2024-07-22 09:01:43.651,115,24.3,42.9,40.3,34.7
2024-07-22 09:31:43.647,115,24.2,42.8,40.3,34.7
2024-07-22 10:01:43.646,115,24.3,42.8,40.2,34.6
2024-07-22 11:01:43.627,115,24.2,42.8,40.1,34.4
2024-07-22 11:31:42.939,115,24.2,42.7,39.9,34.2
2024-07-22 12:01:43.609,115,24.2,42.6,39.7,34.0
2024-07-22 12:31:43.650,115,24.1,42.5,39.5,33.8
2024-07-22 13:01:43.664,115,24.1,42.4,39.3,33.6
2024-07-22 13:31:43.223,115,24.1,42.3,39.1,33.4
2024-07-22 14:01:43.667,115,24.0,42.2,38.9,33.1
2024-07-22 14:31:43.654,115,24.0,42.1,38.8,32.9
2024-07-22 15:01:43.609,115,24.0,42.0,38.6,32.8
2024-07-22 15:31:43.639,115,23.9,41.9,38.6,32.7
2024-07-22 16:01:43.648,115,23.9,41.9,38.5,32.6
2024-07-22 17:01:43.621,115,23.8,41.7,38.4,32.5
2024-07-22 17:31:42.953,115,23.8,41.7,38.4,32.4
2024-07-22 18:01:42.959,115,23.7,41.7,38.4,32.4
2024-07-22 18:31:42.939,115,23.7,41.7,38.5,32.4
2024-07-22 19:01:45.395,115,23.7,41.7,38.6,32.5
2024-07-22 19:31:43.658,115,23.7,41.7,38.6,32.6
2024-07-22 20:01:43.668,115,23.7,41.8,38.7,32.7
2024-07-22 20:31:43.639,115,23.7,41.8,38.8,32.7
2024-07-22 21:01:43.593,115,23.7,41.9,38.9,32.8
2024-07-22 21:31:43.681,115,23.6,41.9,38.9,32.9
2024-07-22 22:01:43.765,115,23.6,41.9,39.0,32.9
2024-07-22 23:01:43.863,115,23.5,41.9,39.1,33.0
2024-07-22 23:31:43.953,115,23.5,42.0,39.1,33.1
2024-07-23 00:01:44.044,115,23.5,42.0,39.2,33.1
2024-07-23 00:31:43.411,115,23.4,42.0,39.2,33.1
2024-07-23 01:01:43.752,115,23.4,42.0,39.2,33.1
2024-07-23 01:31:44.312,115,23.3,42.0,39.3,33.2
2024-07-23 02:01:44.412,115,23.3,42.0,39.3,33.2
2024-07-23 02:31:43.781,115,23.3,42.0,39.3,33.2
2024-07-23 03:01:44.605,115,23.2,41.9,39.4,33.3
2024-07-23 03:31:44.677,115,23.2,41.9,39.4,33.3
2024-07-23 04:01:44.804,115,23.2,41.9,39.4,33.3
2024-07-23 04:31:44.841,115,23.2,41.9,39.4,33.3
2024-07-23 05:01:45.006,115,23.1,41.9,39.4,33.3
2024-07-23 05:31:45.133,115,23.1,41.9,39.4,33.3
2024-07-23 06:01:45.278,115,23.1,41.9,39.5,33.3
2024-07-23 06:31:45.385,115,23.0,41.9,39.5,33.4
2024-07-23 07:01:45.486,115,23.0,41.9,39.5,33.4
2024-07-23 07:31:44.845,115,23.0,41.9,39.5,33.4
2024-07-23 08:01:45.510,115,23.0,41.9,39.6,33.4
2024-07-23 08:31:45.549,115,23.0,41.9,39.6,33.4
2024-07-23 09:01:45.611,115,23.0,41.8,39.6,33.4
2024-07-23 09:31:45.548,115,23.0,41.8,39.6,33.4
2024-07-23 10:01:45.555,115,23.0,41.8,39.6,33.4
2024-07-23 10:31:45.490,115,23.0,41.8,39.5,33.3
2024-07-23 11:01:45.117,115,23.0,41.7,39.4,33.1
2024-07-23 11:31:45.533,115,23.0,41.6,39.3,33.0
2024-07-23 12:01:45.100,115,23.0,41.5,39.1,32.8
2024-07-23 12:31:45.540,115,23.0,41.4,38.9,32.6
2024-07-23 13:01:45.555,115,23.0,41.4,38.7,32.4
2024-07-23 13:31:45.519,115,23.0,41.2,38.6,32.3
2024-07-23 14:01:45.092,115,22.9,41.1,38.3,32.0
2024-07-23 14:31:44.824,115,22.9,40.9,38.2,31.9
2024-07-23 15:31:45.502,115,22.9,40.8,37.9,31.6
2024-07-23 16:01:45.550,115,22.8,40.7,37.9,31.5
2024-07-23 16:31:45.518,115,22.8,40.7,37.8,31.5
2024-07-23 17:01:45.482,115,22.8,40.6,37.8,31.4
2024-07-23 17:31:45.522,115,22.8,40.6,37.9,31.5
2024-07-23 18:01:45.518,115,22.8,40.7,37.9,31.5
2024-07-23 18:31:44.806,115,22.8,40.6,37.9,31.5
2024-07-23 19:01:45.064,115,22.8,40.6,37.9,31.5
2024-07-23 19:31:45.510,115,22.7,40.6,38.0,31.5
2024-07-23 20:01:45.516,115,22.7,40.7,38.1,31.6
2024-07-23 20:31:45.506,115,22.7,40.7,38.1,31.6
2024-07-23 21:01:44.828,115,22.7,40.7,38.2,31.7
2024-07-23 21:31:44.850,115,22.7,40.8,38.3,31.8
2024-07-23 22:01:45.563,115,22.6,40.8,38.3,31.8
2024-07-23 22:31:45.628,115,22.6,40.8,38.4,31.9
2024-07-23 23:01:45.705,115,22.6,40.8,38.5,31.9
2024-07-23 23:31:45.683,115,22.5,40.9,38.6,32.0
2024-07-24 00:01:45.704,115,22.5,40.9,38.6,32.0
2024-07-24 00:31:45.116,115,22.5,40.9,38.6,32.0
2024-07-24 01:01:45.835,115,22.5,40.9,38.7,32.1
2024-07-24 01:31:45.903,115,22.5,40.9,38.7,32.1
2024-07-24 02:01:45.963,115,22.4,40.9,38.8,32.1
2024-07-24 02:31:46.014,115,22.4,40.9,38.8,32.1
2024-07-24 03:01:46.092,115,22.4,40.9,38.8,32.2
2024-07-24 03:31:46.138,115,22.3,40.9,38.8,32.2
2024-07-24 04:01:46.220,115,22.3,40.9,38.9,32.2
2024-07-24 04:31:46.268,115,22.3,40.9,38.9,32.2
2024-07-24 05:01:45.657,115,22.3,40.9,38.9,32.2
2024-07-24 05:31:46.302,115,22.3,40.9,38.9,32.2
2024-07-24 06:01:46.482,115,22.2,40.9,39.0,32.3
2024-07-24 06:31:46.564,115,22.2,40.9,39.0,32.3
2024-07-24 07:01:45.882,115,22.2,40.9,39.0,32.3
2024-07-24 07:31:46.697,115,22.2,40.9,39.0,32.3
2024-07-24 08:01:46.733,115,22.2,40.8,39.0,32.3
2024-07-24 08:31:46.269,115,22.2,40.9,39.0,32.3
2024-07-24 09:01:46.271,115,22.2,40.8,39.0,32.3
2024-07-24 09:31:46.722,115,22.2,40.8,39.0,32.3
2024-07-24 10:01:46.704,115,22.1,40.8,39.0,32.3
2024-07-24 10:31:46.699,115,22.1,40.8,39.0,32.3
2024-07-24 11:31:46.709,115,22.2,40.8,39.0,32.2
2024-07-24 12:01:46.727,115,22.2,40.8,39.0,32.3
2024-07-24 12:31:46.757,115,22.2,40.8,39.0,32.3
2024-07-24 13:01:46.746,115,22.3,40.8,39.0,32.2
2024-07-24 13:31:46.755,115,22.3,40.7,38.9,32.1
2024-07-24 14:01:46.781,115,22.4,40.7,38.8,32.0
2024-07-24 14:31:46.762,115,22.5,40.6,38.7,31.9
2024-07-24 15:01:46.774,115,22.5,40.6,38.7,31.9
2024-07-24 16:01:45.959,115,22.5,40.6,38.7,32.0
2024-07-24 16:31:46.707,115,22.6,40.7,38.8,32.0
2024-07-24 17:01:46.775,115,22.6,40.7,38.8,32.0
2024-07-24 18:01:46.752,115,22.7,40.7,38.9,32.1
2024-07-24 19:01:46.927,115,22.8,40.7,38.8,32.1
2024-07-24 19:31:46.774,115,22.8,40.7,38.8,32.1
2024-07-24 20:31:46.813,115,22.8,40.7,38.9,32.1
2024-07-24 21:01:46.628,115,22.8,40.8,38.9,32.2
2024-07-24 22:01:46.870,115,22.8,40.8,38.9,32.2
2024-07-24 22:31:46.537,115,22.8,40.8,39.0,32.2
2024-07-24 23:01:47.111,115,22.8,40.8,39.0,32.2
2024-07-24 23:31:47.174,115,22.8,40.8,39.0,32.2
2024-07-25 00:01:46.824,115,22.8,40.8,39.0,32.2
2024-07-25 00:31:47.372,115,22.8,40.8,39.0,32.2
2024-07-25 01:01:47.427,115,22.8,40.8,39.0,32.2
2024-07-25 01:31:47.524,115,22.8,40.8,39.0,32.2
2024-07-25 02:01:47.631,115,22.7,40.8,39.0,32.3
2024-07-25 03:01:47.808,115,22.7,40.7,39.0,32.3
2024-07-25 03:31:47.894,115,22.7,40.7,39.0,32.3
2024-07-25 04:01:47.277,115,22.7,40.7,39.0,32.3
2024-07-25 04:31:48.075,115,22.7,40.7,39.0,32.3
2024-07-25 05:01:48.181,115,22.7,40.7,39.0,32.3
2024-07-25 05:31:47.824,115,22.7,40.7,39.0,32.3
2024-07-25 06:01:47.654,115,22.7,40.7,39.0,32.3
2024-07-25 06:31:48.386,115,22.7,40.7,39.0,32.3
2024-07-25 07:01:48.521,115,22.7,40.7,39.0,32.3
2024-07-25 07:31:48.581,115,22.7,40.6,39.0,32.3
2024-07-25 09:01:48.577,115,22.7,40.6,39.0,32.3
2024-07-25 09:31:48.590,115,22.7,40.6,39.0,32.3
2024-07-25 10:01:48.611,115,22.7,40.6,39.0,32.3
2024-07-25 10:31:48.592,115,22.6,40.5,39.0,32.2
2024-07-25 11:01:48.705,115,22.6,40.5,38.9,32.1
2024-07-25 11:31:48.576,115,22.6,40.4,38.8,32.0
2024-07-25 12:01:48.583,115,22.6,40.3,38.6,31.8
2024-07-25 12:31:48.574,115,22.6,40.2,38.5,31.7
2024-07-25 13:01:48.576,115,22.6,40.1,38.3,31.6
2024-07-25 13:31:48.112,115,22.6,40.0,38.2,31.4
2024-07-25 14:01:48.559,115,22.6,39.9,38.1,31.3
2024-07-25 14:31:48.558,115,22.6,39.8,38.0,31.2
2024-07-25 15:01:48.565,115,22.6,39.7,37.9,31.1
2024-07-25 15:31:48.549,115,22.6,39.6,37.8,31.0
2024-07-25 16:01:48.570,115,22.6,39.5,37.8,31.0
2024-07-25 16:31:48.562,115,22.5,39.5,37.8,30.9
2024-07-25 17:01:47.883,115,22.5,39.4,37.7,30.9
2024-07-25 17:31:48.484,115,22.5,39.4,37.7,30.9
2024-07-25 18:01:48.542,115,22.5,39.3,37.7,30.8
2024-07-25 18:31:48.082,115,22.5,39.3,37.8,30.8
2024-07-25 19:01:48.574,115,22.5,39.3,37.8,30.9
2024-07-25 19:31:48.531,115,22.5,39.4,37.8,30.9
2024-07-25 20:01:48.507,115,22.5,39.4,37.9,31.0
2024-07-25 20:31:47.858,115,22.5,39.4,37.9,31.0
2024-07-25 21:01:48.587,115,22.4,39.4,38.0,31.0
2024-07-25 21:31:48.625,115,22.4,39.5,38.1,31.1
2024-07-25 22:01:48.721,115,22.4,39.5,38.1,31.2
2024-07-25 22:31:48.804,115,22.4,39.5,38.1,31.2
2024-07-25 23:01:48.899,115,22.3,39.5,38.2,31.2
2024-07-25 23:31:49.036,115,22.3,39.5,38.2,31.3
2024-07-26 00:01:49.136,115,22.3,39.5,38.3,31.3
2024-07-26 00:31:49.274,115,22.2,39.5,38.3,31.3
2024-07-26 01:01:49.488,115,22.2,39.5,38.3,31.3
2024-07-26 01:31:49.589,115,22.2,39.5,38.3,31.3
2024-07-26 02:01:49.409,115,22.2,39.5,38.3,31.3
2024-07-26 02:31:49.975,115,22.1,39.5,38.4,31.4
2024-07-26 03:01:50.102,115,22.1,39.5,38.4,31.4
2024-07-26 03:31:50.313,115,22.1,39.5,38.4,31.4
2024-07-26 04:01:50.527,115,22.0,39.4,38.4,31.4
2024-07-26 04:31:50.706,115,22.0,39.4,38.4,31.4
2024-07-26 05:01:50.892,115,22.0,39.4,38.4,31.4
2024-07-26 05:31:51.097,115,22.0,39.4,38.5,31.4
2024-07-26 06:01:51.287,115,22.0,39.4,38.5,31.4
2024-07-26 06:31:51.484,115,21.9,39.3,38.5,31.4
2024-07-26 07:01:50.983,115,21.9,39.3,38.5,31.5
2024-07-26 07:31:51.394,115,21.9,39.3,38.5,31.5
2024-07-26 08:01:51.878,115,21.8,39.3,38.5,31.5
2024-07-26 08:31:51.915,115,21.8,39.2,38.5,31.5
2024-07-26 09:31:51.142,115,21.8,39.2,38.5,31.5
2024-07-26 10:01:51.159,115,21.8,39.2,38.5,31.5
2024-07-26 10:31:51.900,115,21.8,39.1,38.4,31.4
2024-07-26 11:01:51.907,115,21.8,39.0,38.3,31.3
2024-07-26 11:31:51.448,115,21.8,38.9,38.2,31.2
2024-07-26 12:01:51.897,115,21.8,38.8,38.0,31.0
2024-07-26 12:31:51.889,115,21.7,38.7,37.8,30.8
2024-07-26 13:31:51.163,115,21.8,38.4,37.5,30.5
2024-07-26 14:01:51.892,115,21.7,38.3,37.4,30.4
2024-07-26 14:31:51.810,115,21.7,38.2,37.2,30.2
2024-07-26 15:01:51.874,115,21.8,38.1,37.2,30.2
2024-07-26 15:31:51.861,115,21.7,38.0,37.1,30.1
2024-07-26 16:31:51.863,115,21.7,37.9,37.0,29.9
2024-07-26 17:01:51.870,115,21.7,37.9,37.0,29.9
2024-07-26 17:31:51.852,115,21.7,37.8,37.0,29.9
2024-07-26 18:01:51.879,115,21.7,37.8,37.0,29.9
2024-07-26 18:31:51.872,115,21.7,37.8,37.0,29.8
2024-07-26 19:31:51.788,115,21.7,37.8,37.1,29.9
2024-07-26 20:01:51.833,115,21.7,37.8,37.1,29.9
2024-07-26 20:31:51.867,115,21.7,37.9,37.2,30.0
2024-07-26 21:01:51.130,115,21.7,37.9,37.3,30.0
2024-07-26 21:31:51.966,115,21.6,37.9,37.3,30.1
2024-07-26 22:01:51.603,115,21.6,38.0,37.4,30.1
2024-07-26 22:31:52.163,115,21.6,37.9,37.4,30.2
2024-07-26 23:01:51.818,115,21.5,38.0,37.5,30.2
2024-07-26 23:31:52.362,115,21.5,38.0,37.5,30.2
2024-07-27 00:01:52.503,115,21.5,38.0,37.5,30.2
2024-07-27 00:31:52.625,115,21.4,38.0,37.6,30.3
2024-07-27 01:01:52.730,115,21.4,38.0,37.6,30.3
2024-07-27 01:31:52.160,115,21.4,38.0,37.6,30.3
2024-07-27 02:01:52.944,115,21.4,38.0,37.7,30.3
2024-07-27 02:31:53.144,115,21.4,38.0,37.7,30.3
2024-07-27 03:01:53.253,115,21.3,38.0,37.7,30.4
2024-07-27 03:31:52.766,115,21.3,37.9,37.7,30.4
2024-07-27 04:01:53.640,115,21.3,37.9,37.7,30.4
2024-07-27 05:01:53.947,115,21.2,37.9,37.8,30.4
2024-07-27 05:31:54.137,115,21.2,37.9,37.8,30.4
2024-07-27 06:01:54.346,115,21.2,37.9,37.8,30.4
2024-07-27 06:31:54.500,115,21.2,37.9,37.8,30.4
2024-07-27 07:01:54.682,115,21.1,37.8,37.8,30.4
2024-07-27 07:31:54.733,115,21.1,37.8,37.8,30.4
2024-07-27 08:01:54.832,115,21.1,37.8,37.8,30.5
2024-07-27 08:31:54.834,115,21.1,37.8,37.8,30.4
2024-07-27 09:01:54.829,115,21.1,37.7,37.8,30.5
2024-07-27 09:31:54.820,115,21.1,37.7,37.8,30.5
2024-07-27 10:01:54.824,115,21.1,37.7,37.8,30.4
2024-07-27 10:31:54.812,115,21.1,37.6,37.7,30.3
2024-07-27 11:01:54.820,115,21.1,37.5,37.5,30.2
2024-07-27 11:31:54.813,115,21.1,37.4,37.4,30.0
2024-07-27 12:01:54.753,115,21.1,37.3,37.2,29.8
2024-07-27 12:31:54.797,115,21.1,37.2,37.0,29.7
2024-07-27 13:01:54.391,115,21.1,37.0,36.8,29.5
2024-07-27 13:31:54.789,115,21.1,36.8,36.6,29.3
2024-07-27 14:01:54.797,115,21.1,36.7,36.4,29.1
2024-07-27 14:31:54.807,115,21.1,36.6,36.2,28.9
2024-07-27 15:01:54.801,115,21.1,36.5,36.1,28.8
2024-07-27 15:31:54.792,115,21.2,36.3,35.9,28.6
2024-07-27 16:01:54.792,115,21.2,36.3,35.8,28.5
2024-07-27 16:31:54.810,115,21.2,36.2,35.8,28.5
2024-07-27 17:01:54.790,115,21.1,36.2,35.8,28.5
2024-07-27 17:31:54.771,115,21.2,36.2,35.8,28.5
2024-07-27 18:01:54.773,115,21.2,36.2,35.8,28.5
2024-07-27 18:31:54.304,115,21.1,36.1,35.8,28.5
2024-07-27 19:01:54.773,115,21.1,36.1,35.8,28.5
2024-07-27 19:31:54.314,115,21.2,36.2,35.9,28.5
2024-07-27 20:01:54.785,115,21.1,36.2,36.0,28.6
2024-07-27 21:01:54.722,115,21.1,36.3,36.1,28.7
2024-07-27 21:31:54.865,115,21.1,36.3,36.2,28.7
2024-07-27 22:01:54.918,115,21.1,36.3,36.2,28.8
2024-07-27 22:31:54.285,115,21.0,36.4,36.3,28.8
2024-07-27 23:01:54.609,115,21.0,36.4,36.3,28.9
2024-07-27 23:31:54.457,115,21.0,36.4,36.4,28.9
2024-07-28 00:01:54.533,115,20.9,36.4,36.4,28.9
2024-07-28 00:31:55.321,115,20.9,36.4,36.4,28.9
2024-07-28 01:01:55.349,115,20.9,36.4,36.5,29.0
2024-07-28 01:31:55.465,115,20.9,36.4,36.5,29.0
2024-07-28 02:01:55.512,115,20.8,36.4,36.5,29.0
2024-07-28 02:31:55.128,115,20.8,36.4,36.6,29.1
2024-07-28 03:01:55.634,115,20.8,36.4,36.6,29.1
2024-07-28 03:31:55.229,115,20.8,36.4,36.6,29.1
2024-07-28 04:01:55.729,115,20.8,36.4,36.6,29.1
2024-07-28 04:31:55.331,115,20.8,36.4,36.6,29.1
2024-07-28 05:01:55.820,115,20.7,36.4,36.7,29.1
2024-07-28 05:31:55.772,115,20.7,36.3,36.7,29.1
2024-07-28 06:01:55.903,115,20.7,36.4,36.7,29.1
2024-07-28 06:31:55.881,115,20.7,36.3,36.7,29.2
2024-07-28 07:01:55.978,115,20.7,36.4,36.7,29.2
2024-07-28 07:31:56.033,115,20.7,36.3,36.7,29.2
2024-07-28 08:01:56.107,115,20.7,36.3,36.7,29.2
2024-07-28 08:31:55.688,115,20.7,36.3,36.8,29.2
2024-07-28 09:01:55.457,115,20.7,36.3,36.8,29.2
2024-07-28 09:31:55.427,115,20.8,36.4,36.8,29.3
2024-07-28 10:01:56.212,115,21.0,36.4,36.8,29.3
2024-07-28 10:31:56.197,115,21.0,36.5,36.8,29.3
2024-07-28 11:01:56.133,115,21.1,36.4,36.8,29.2
2024-07-28 11:31:56.167,115,21.1,36.4,36.8,29.2
2024-07-28 12:01:56.169,115,21.1,36.4,36.7,29.2
2024-07-28 12:31:56.182,115,21.2,36.4,36.8,29.2
2024-07-28 13:01:56.184,115,21.2,36.4,36.7,29.2
2024-07-28 13:31:56.174,115,21.3,36.4,36.7,29.2
2024-07-28 14:01:56.097,115,21.3,36.4,36.6,29.1
2024-07-28 14:31:56.156,115,21.4,36.4,36.6,29.1
2024-07-28 15:01:55.429,115,21.4,36.3,36.6,29.0
2024-07-28 15:31:55.435,115,21.4,36.3,36.5,29.1
2024-07-28 16:01:56.169,115,21.4,36.3,36.5,29.0
2024-07-28 16:31:56.158,115,21.4,36.3,36.4,28.9
2024-07-28 17:01:56.146,115,21.5,36.2,36.4,28.8
2024-07-28 17:31:55.409,115,21.5,36.2,36.3,28.8
2024-07-28 18:01:56.141,115,21.5,36.2,36.3,28.8
2024-07-28 18:31:56.153,115,21.5,36.1,36.3,28.7
2024-07-28 19:01:56.212,115,21.6,36.2,36.3,28.8
2024-07-28 19:31:56.081,115,21.6,36.2,36.4,28.9
2024-07-28 20:01:56.146,115,21.6,36.3,36.4,28.9
2024-07-28 20:31:56.129,115,21.6,36.3,36.5,28.9
2024-07-28 21:01:56.130,115,21.6,36.3,36.5,28.9
2024-07-28 21:31:56.140,115,21.6,36.3,36.5,28.9
2024-07-28 22:01:56.166,115,21.6,36.3,36.5,28.9
2024-07-28 22:31:55.728,115,21.6,36.4,36.6,29.0
2024-07-28 23:01:56.175,115,21.6,36.4,36.6,29.0
2024-07-28 23:31:56.171,115,21.6,36.4,36.6,29.0
2024-07-29 00:01:56.178,115,21.6,36.4,36.6,29.0
2024-07-29 00:31:56.254,115,21.6,36.4,36.7,29.1
2024-07-29 01:01:56.311,115,21.6,36.4,36.7,29.1
2024-07-29 01:31:56.337,115,21.6,36.4,36.7,29.1
2024-07-29 02:01:56.387,115,21.6,36.5,36.7,29.1
2024-07-29 02:31:56.401,115,21.6,36.5,36.8,29.1
2024-07-29 03:01:55.754,115,21.6,36.5,36.8,29.1
2024-07-29 03:31:56.423,115,21.6,36.5,36.8,29.1
2024-07-29 04:01:56.464,115,21.6,36.5,36.8,29.1
2024-07-29 04:31:56.555,115,21.6,36.5,36.8,29.2
2024-07-29 05:01:56.609,115,21.6,36.5,36.8,29.2
2024-07-29 05:31:56.653,115,21.6,36.5,36.8,29.2
2024-07-29 06:01:56.670,115,21.6,36.5,36.8,29.2
2024-07-29 06:31:56.726,115,21.6,36.5,36.9,29.2
2024-07-29 07:01:56.346,115,21.6,36.5,36.9,29.2
2024-07-29 07:31:56.380,115,21.6,36.5,36.9,29.3
2024-07-29 08:01:56.792,115,21.5,36.5,36.9,29.3
2024-07-29 08:31:56.815,115,21.5,36.4,36.9,29.3
2024-07-29 09:01:56.385,115,21.5,36.4,36.9,29.3
2024-07-29 09:31:56.123,115,21.6,36.5,36.9,29.3
2024-07-29 10:01:56.815,115,21.6,36.5,36.9,29.3
2024-07-29 10:31:56.831,115,21.6,36.4,36.9,29.3
2024-07-29 11:01:56.832,115,21.6,36.4,36.9,29.3
2024-07-29 11:31:56.824,115,21.6,36.4,36.9,29.3
2024-07-29 12:01:56.131,115,21.6,36.4,36.9,29.3
2024-07-29 12:31:56.757,115,21.6,36.3,36.8,29.1
2024-07-29 13:01:56.817,115,21.6,36.3,36.6,29.0
2024-07-29 13:31:56.094,115,21.6,36.1,36.5,28.9
2024-07-29 14:01:56.747,115,21.6,36.0,36.3,28.7
2024-07-29 14:31:56.791,115,21.6,35.9,36.2,28.6
2024-07-29 15:01:56.802,115,21.6,35.8,36.0,28.5
2024-07-29 15:31:56.802,115,21.6,35.7,35.9,28.3
2024-07-29 16:01:56.792,115,21.6,35.6,35.8,28.3
2024-07-29 16:31:56.731,115,21.6,35.6,35.8,28.3
2024-07-29 17:01:56.738,115,21.6,35.6,35.9,28.4
2024-07-29 17:31:56.739,115,21.6,35.7,36.0,28.4
2024-07-29 18:01:56.788,115,21.6,35.7,36.0,28.5
2024-07-29 18:31:56.793,115,21.6,35.7,36.0,28.5
2024-07-29 19:01:57.022,115,21.6,35.7,36.1,28.5
2024-07-29 19:31:56.793,115,21.6,35.7,36.1,28.5
2024-07-29 20:01:56.797,115,21.6,35.7,36.1,28.5
2024-07-29 20:31:56.731,115,21.6,35.8,36.2,28.6
2024-07-29 21:01:56.786,115,21.6,35.8,36.2,28.6
2024-07-29 22:01:56.707,115,21.6,35.8,36.3,28.7
2024-07-29 22:31:56.830,115,21.6,35.8,36.3,28.7
2024-07-29 23:01:56.821,115,21.6,35.9,36.4,28.7
2024-07-29 23:31:56.815,115,21.6,35.9,36.4,28.7
2024-07-30 00:01:56.871,115,21.6,35.9,36.4,28.8
2024-07-30 00:31:56.855,115,21.6,35.9,36.4,28.8
2024-07-30 01:01:56.883,115,21.6,35.9,36.5,28.8
2024-07-30 01:31:56.184,115,21.6,35.9,36.5,28.9
2024-07-30 02:01:56.885,115,21.6,35.9,36.5,28.9
2024-07-30 02:31:56.842,115,21.6,35.9,36.5,28.9
2024-07-30 03:01:56.953,115,21.6,35.9,36.6,28.9
2024-07-30 03:31:56.966,115,21.6,35.9,36.6,28.9
2024-07-30 04:01:57.029,115,21.6,35.9,36.6,28.9
2024-07-30 04:31:57.065,115,21.5,36.0,36.6,29.0
2024-07-30 05:01:57.082,115,21.5,35.9,36.6,29.0
2024-07-30 05:31:57.125,115,21.5,35.9,36.6,29.0
2024-07-30 06:01:56.747,115,21.5,35.9,36.6,29.0
2024-07-30 07:01:57.234,115,21.5,35.9,36.7,29.0
2024-07-30 07:31:56.816,115,21.5,35.9,36.7,29.0
2024-07-30 08:01:57.259,115,21.5,35.9,36.7,29.0
2024-07-30 08:31:56.822,115,21.5,35.9,36.7,29.0
2024-07-30 09:01:57.260,115,21.5,35.9,36.7,29.1
2024-07-30 09:31:57.177,115,21.5,35.9,36.7,29.1
2024-07-30 10:01:57.184,115,21.5,35.9,36.7,29.0
2024-07-30 11:01:57.168,115,21.5,35.7,36.5,28.9
2024-07-30 11:31:57.246,115,21.5,35.6,36.4,28.7
2024-07-30 12:01:56.555,115,21.5,35.6,36.2,28.6
2024-07-30 12:31:56.562,115,21.5,35.5,36.1,28.5
2024-07-30 13:01:57.256,115,21.6,35.4,36.0,28.4
2024-07-30 13:31:57.245,115,21.5,35.3,35.8,28.3
2024-07-30 14:01:57.245,115,21.6,35.2,35.7,28.2
2024-07-30 14:31:57.249,115,21.6,35.1,35.6,28.1
2024-07-30 15:01:56.814,115,21.6,35.0,35.5,28.0
2024-07-30 15:31:57.255,115,21.6,34.9,35.4,27.9
2024-07-30 16:01:57.193,115,21.6,34.8,35.3,27.9
2024-07-30 16:31:57.248,115,21.6,34.8,35.3,27.8
2024-07-30 17:01:57.262,115,21.5,34.7,35.2,27.7
2024-07-30 17:31:57.238,115,21.5,34.6,35.2,27.7
2024-07-30 18:01:57.231,115,21.5,34.6,35.1,27.7
2024-07-30 18:31:57.233,115,21.6,34.6,35.1,27.7
2024-07-30 19:01:57.244,115,21.6,34.6,35.2,27.7
2024-07-30 19:31:57.267,115,21.5,34.6,35.3,27.7
2024-07-30 20:01:57.242,115,21.5,34.6,35.3,27.8
2024-07-30 21:01:56.781,115,21.5,34.7,35.4,27.9
2024-07-30 21:31:57.227,115,21.5,34.7,35.5,27.9
2024-07-30 22:01:57.178,115,21.5,34.7,35.6,28.0
2024-07-30 22:31:57.246,115,21.5,34.8,35.6,28.0
2024-07-30 23:31:57.280,115,21.5,34.8,35.7,28.1
2024-07-31 00:01:56.543,115,21.4,34.8,35.7,28.1
2024-07-31 00:31:57.368,115,21.4,34.8,35.8,28.1
2024-07-31 01:01:57.401,115,21.4,34.8,35.8,28.1
2024-07-31 01:31:57.362,115,21.4,34.9,35.8,28.2
2024-07-31 02:01:56.678,115,21.4,34.8,35.9,28.2
2024-07-31 02:31:57.402,115,21.3,34.8,35.9,28.2
2024-07-31 03:01:57.430,115,21.4,34.9,35.9,28.2
2024-07-31 03:31:57.463,115,21.3,34.8,35.9,28.3
2024-07-31 04:01:57.452,115,21.3,34.8,36.0,28.3
2024-07-31 04:31:57.538,115,21.3,34.9,36.0,28.3
2024-07-31 05:01:56.889,115,21.3,34.9,36.0,28.3
2024-07-31 05:31:57.646,115,21.2,34.9,36.0,28.3
2024-07-31 06:01:57.247,115,21.2,34.8,36.0,28.3
2024-07-31 06:31:57.745,115,21.2,34.8,36.0,28.3
2024-07-31 07:01:57.801,115,21.2,34.8,36.0,28.4
2024-07-31 07:31:57.807,115,21.2,34.8,36.1,28.4
2024-07-31 08:01:57.799,115,21.1,34.8,36.1,28.4
2024-07-31 08:31:57.792,115,21.1,34.8,36.1,28.4
2024-07-31 09:01:57.802,115,21.1,34.7,36.1,28.4
2024-07-31 09:31:57.712,115,21.1,34.7,36.1,28.4
2024-07-31 10:01:57.803,115,21.1,34.6,36.0,28.3
2024-07-31 10:31:57.795,115,21.1,34.6,35.9,28.3
2024-07-31 11:01:57.742,115,21.2,34.6,35.9,28.3
2024-07-31 11:31:57.795,115,21.1,34.6,36.0,28.3
2024-07-31 12:01:57.842,115,21.7,34.7,36.0,28.3
2024-07-31 12:31:57.844,115,23.2,34.8,36.0,28.4
2024-07-31 13:01:57.873,115,23.4,34.9,36.0,28.4
2024-07-31 13:31:57.855,115,23.4,34.9,36.0,28.4
2024-07-31 14:01:57.815,115,23.3,34.8,36.0,28.3
2024-07-31 15:01:57.836,115,23.3,34.6,35.7,28.1
2024-07-31 15:31:57.787,115,23.2,34.5,35.6,27.9
2024-07-31 16:01:57.857,115,23.2,34.5,35.4,27.9
2024-07-31 16:31:57.844,115,23.2,34.4,35.3,27.8
2024-07-31 17:01:57.845,115,23.2,34.4,35.2,27.7
2024-07-31 17:31:57.831,115,23.1,34.3,35.1,27.7
2024-07-31 18:01:57.839,115,23.1,34.3,35.1,27.7
2024-07-31 18:31:57.777,115,23.1,34.3,35.1,27.7
2024-07-31 19:01:57.842,115,23.1,34.3,35.1,27.7
2024-07-31 19:31:57.833,115,23.0,34.3,35.1,27.7
2024-07-31 20:01:57.847,115,23.0,34.3,35.2,27.7
2024-07-31 20:31:57.827,115,23.0,34.4,35.2,27.8
2024-07-31 21:01:57.386,115,23.0,34.4,35.3,27.9
2024-07-31 21:31:57.137,115,23.0,34.4,35.3,27.9
2024-07-31 22:01:57.148,115,23.0,34.4,35.4,27.9
2024-07-31 22:31:57.873,115,23.0,34.4,35.4,27.9
2024-07-31 23:01:57.201,115,22.9,34.4,35.5,28.0
2024-07-31 23:31:57.933,115,22.9,34.5,35.5,28.0
2024-08-01 00:01:57.964,115,22.9,34.5,35.5,28.0
2024-08-01 00:31:58.016,115,22.8,34.5,35.6,28.1
2024-08-01 01:01:58.058,115,22.9,34.4,35.6,28.1
2024-08-01 01:31:57.988,115,22.8,34.4,35.6,28.1
2024-08-01 02:01:58.090,115,22.8,34.5,35.6,28.1
2024-08-01 02:31:58.132,115,22.8,34.4,35.7,28.1
2024-08-01 03:01:58.157,115,22.8,34.5,35.7,28.1
2024-08-01 03:31:58.204,115,22.7,34.5,35.7,28.2
2024-08-01 04:01:57.521,115,22.7,34.4,35.7,28.2
2024-08-01 04:31:58.271,115,22.7,34.4,35.7,28.2
2024-08-01 05:01:57.582,115,22.7,34.4,35.7,28.2
2024-08-01 06:01:58.399,115,22.7,34.4,35.8,28.2
2024-08-01 06:31:58.451,115,22.7,34.4,35.8,28.2
2024-08-01 07:01:58.478,115,22.7,34.4,35.8,28.3
2024-08-01 07:31:58.431,115,22.7,34.4,35.8,28.2
2024-08-01 08:01:57.756,115,22.6,34.4,35.8,28.3
2024-08-01 08:31:58.539,115,22.6,34.4,35.8,28.3
2024-08-01 09:01:58.534,115,22.6,34.4,35.8,28.3
2024-08-01 09:31:58.531,115,22.6,34.4,35.8,28.3
2024-08-01 10:01:58.110,115,22.6,34.4,35.8,28.3
2024-08-01 10:31:58.539,115,22.6,34.4,35.8,28.3
2024-08-01 11:31:58.544,115,22.6,34.4,35.8,28.3
2024-08-01 12:01:58.537,115,22.6,34.4,35.8,28.3
2024-08-01 12:31:57.834,115,22.6,34.3,35.6,28.2
2024-08-01 13:01:58.564,115,22.5,34.3,35.6,28.1
2024-08-01 13:31:58.516,115,22.6,34.2,35.6,28.1
2024-08-01 14:01:58.525,115,22.6,34.2,35.5,28.1
2024-08-01 14:31:58.524,115,22.5,34.2,35.4,28.0
2024-08-01 15:01:58.524,115,22.5,34.1,35.4,28.0
2024-08-01 15:31:58.505,115,22.5,34.1,35.3,27.9
2024-08-01 16:01:58.468,115,22.5,34.1,35.3,27.9
2024-08-01 16:31:58.520,115,22.5,34.1,35.3,28.0
2024-08-01 17:01:58.067,115,22.5,34.1,35.4,28.0
2024-08-01 17:31:58.515,115,22.5,34.1,35.4,28.0
2024-08-01 18:01:58.055,115,22.5,34.2,35.4,28.0
2024-08-01 18:31:58.488,115,22.5,34.1,35.4,28.1
2024-08-01 19:01:58.540,115,22.5,34.1,35.4,28.0
2024-08-01 19:31:58.502,115,22.5,34.1,35.4,28.1
2024-08-01 20:01:58.513,115,22.5,34.2,35.4,28.1
2024-08-01 20:31:58.495,115,22.5,34.2,35.5,28.1
2024-08-01 21:01:58.048,115,22.5,34.2,35.5,28.1
2024-08-01 21:31:58.423,115,22.5,34.2,35.5,28.1
2024-08-01 22:01:58.480,115,22.5,34.2,35.5,28.1
2024-08-01 22:31:58.503,115,22.5,34.2,35.6,28.1
2024-08-01 23:01:58.543,115,22.5,34.2,35.6,28.2
2024-08-01 23:31:57.866,115,22.5,34.2,35.6,28.2
2024-08-02 00:01:58.533,115,22.5,34.2,35.6,28.2
2024-08-02 00:31:58.556,115,34.0,43.3,47.1,38.5
2024-08-02 01:01:58.592,115,32.3,42.4,42.2,36.1
2024-08-02 01:31:58.613,115,31.4,41.6,41.4,34.6
2024-08-02 02:01:58.574,115,30.9,41.1,40.6,33.9
2024-08-02 02:31:58.678,115,30.6,40.7,40.2,33.3
2024-08-02 03:01:57.945,115,30.3,40.5,39.8,32.9
2024-08-02 03:31:58.736,115,30.1,40.3,39.6,32.5
2024-08-02 04:01:58.786,115,30.0,40.2,39.5,32.2
2024-08-02 04:31:58.830,115,29.9,40.1,39.3,32.0
2024-08-02 05:01:58.861,115,29.8,40.0,39.2,31.8
2024-08-02 05:31:58.181,115,29.7,40.0,39.1,31.6
2024-08-02 06:01:58.921,115,29.6,39.9,39.0,31.5
2024-08-02 06:31:58.961,115,29.5,39.9,39.0,31.4
2024-08-02 07:01:58.317,115,29.5,39.8,38.9,31.3
2024-08-02 07:31:59.021,115,29.4,39.8,38.9,31.2
2024-08-02 08:01:59.055,115,29.3,39.7,38.8,31.1
2024-08-02 08:31:59.069,115,29.3,39.7,38.8,31.0
2024-08-02 09:01:58.411,115,29.3,39.7,38.8,31.0
2024-08-02 09:31:59.080,115,29.2,39.7,38.7,30.9
2024-08-02 10:01:58.399,115,29.2,39.6,38.7,30.8
2024-08-02 10:31:59.085,115,29.1,39.6,38.6,30.8
2024-08-02 11:01:59.077,115,29.0,39.5,38.5,30.6
2024-08-02 11:31:59.060,115,29.0,39.4,38.3,30.3
2024-08-02 12:01:59.016,115,28.9,39.3,38.1,30.1
2024-08-02 12:31:59.085,115,28.8,39.2,37.9,29.9
2024-08-02 13:01:59.066,115,28.7,39.1,37.7,29.6
2024-08-02 13:31:59.068,115,28.6,38.9,37.5,29.4
2024-08-02 14:01:58.402,115,28.5,38.8,37.4,29.2
2024-08-02 14:31:58.989,115,28.5,38.8,37.2,29.1
2024-08-02 15:01:59.063,115,28.4,38.6,37.0,28.9
2024-08-02 15:31:58.607,115,28.3,38.5,36.8,28.7
2024-08-02 16:01:59.042,115,28.3,38.4,36.8,28.6
2024-08-02 16:31:59.050,115,28.2,38.5,36.8,28.6
2024-08-02 17:01:59.053,115,28.4,38.5,36.8,28.7
2024-08-02 17:31:58.618,115,28.5,38.5,36.8,28.7
2024-08-02 18:01:59.043,115,33.4,42.8,43.1,33.2
2024-08-02 18:31:58.989,115,35.8,46.4,45.5,38.3
2024-08-02 19:01:59.158,115,34.4,45.7,44.8,36.9
2024-08-02 19:31:59.045,115,33.8,44.8,43.9,36.6
2024-08-02 20:01:59.107,115,33.3,44.1,42.7,35.2
2024-08-02 20:31:58.379,115,33.0,43.7,41.8,34.3
2024-08-02 21:01:58.627,115,32.8,43.4,41.1,33.7
2024-08-02 21:31:59.069,115,32.6,43.2,40.7,33.2
2024-08-02 22:01:58.668,115,32.5,43.1,40.4,32.9
2024-08-02 22:31:59.156,115,32.4,43.0,40.1,32.5
2024-08-02 23:01:59.182,115,32.3,42.9,40.0,32.3
2024-08-02 23:31:59.209,115,32.2,42.8,39.8,32.1
2024-08-03 00:01:59.185,115,32.1,42.7,39.7,31.9
2024-08-03 01:31:59.379,115,32.0,42.5,39.5,31.5
2024-08-03 02:31:59.429,115,31.9,42.3,39.4,31.3
2024-08-03 03:01:59.560,115,31.8,42.3,39.4,31.2
2024-08-03 03:31:59.594,115,31.8,42.3,39.3,31.2
2024-08-03 04:01:59.724,115,31.7,42.3,39.3,31.1
2024-08-03 04:31:59.718,115,31.7,42.3,39.2,31.0
2024-08-03 05:01:59.181,115,31.6,42.2,39.2,31.0
2024-08-03 05:31:59.927,115,31.6,42.2,39.2,30.9
2024-08-03 06:02:00.019,115,31.6,42.2,39.2,30.9
2024-08-03 06:32:00.101,115,31.5,42.1,39.2,30.8
2024-08-03 07:02:00.183,115,31.4,42.1,39.1,30.8
2024-08-03 07:32:00.201,115,31.4,42.1,39.1,30.8
2024-08-03 08:02:00.210,115,31.6,42.1,39.1,30.8
2024-08-03 08:32:00.209,115,31.5,42.1,39.0,30.7
2024-08-03 09:02:00.146,115,31.5,42.0,39.0,30.7
2024-08-03 09:31:59.501,115,31.5,42.0,39.0,30.7
2024-08-03 10:02:00.212,115,31.5,41.9,39.0,30.6
2024-08-03 10:32:00.183,115,31.5,41.9,38.9,30.5
2024-08-03 11:32:00.187,115,31.4,41.7,38.6,30.2
2024-08-03 12:02:00.213,115,31.3,41.6,38.3,29.9
2024-08-03 12:32:00.193,115,31.3,41.5,38.1,29.6
2024-08-03 13:31:59.737,115,31.2,41.3,37.5,29.1
2024-08-03 14:02:00.206,115,31.1,41.1,37.3,28.8
2024-08-03 14:32:00.200,115,31.1,41.0,37.1,28.6
2024-08-03 15:02:00.212,115,31.0,40.9,36.9,28.5
2024-08-03 15:32:00.177,115,31.0,40.8,36.7,28.3
2024-08-03 16:02:00.203,115,30.9,40.7,36.6,28.2
2024-08-03 16:32:00.202,115,30.8,40.6,36.5,28.1
2024-08-03 17:02:00.215,115,30.8,40.5,36.4,28.0
2024-08-03 17:32:00.197,115,30.7,40.5,36.4,28.0
2024-08-03 18:02:00.204,115,30.7,40.5,36.4,28.0
2024-08-03 18:32:00.194,115,30.6,40.5,36.4,28.0
2024-08-03 19:02:00.253,115,30.6,40.5,36.5,28.1
2024-08-03 20:32:00.221,115,30.6,40.7,36.6,28.1
2024-08-03 21:02:00.131,115,30.6,40.7,36.6,28.2
2024-08-03 21:32:00.204,115,30.6,40.7,36.7,28.2
2024-08-03 22:02:00.198,115,30.6,40.7,36.7,28.2
2024-08-03 22:32:00.152,115,30.5,40.8,36.8,28.2
2024-08-03 23:01:59.792,115,30.5,40.8,36.8,28.3
2024-08-03 23:32:00.264,115,30.5,40.8,36.8,28.3
2024-08-04 00:02:00.320,115,30.5,40.8,36.8,28.3
2024-08-04 00:32:00.325,115,30.4,40.8,36.9,28.3
2024-08-04 01:02:00.398,115,30.4,40.8,36.9,28.3
2024-08-04 01:32:00.406,115,30.4,40.8,36.9,28.3
2024-08-04 02:02:00.436,115,30.3,40.8,37.0,28.3
2024-08-04 02:32:00.453,115,30.3,40.8,37.0,28.4
2024-08-04 03:02:00.481,115,30.3,40.8,37.0,28.4
2024-08-04 03:31:59.820,115,30.3,40.8,37.0,28.4
2024-08-04 04:02:00.591,115,30.3,40.8,37.1,28.4
2024-08-04 04:32:00.612,115,30.2,40.8,37.1,28.4
2024-08-04 05:02:00.607,115,30.2,40.8,37.1,28.4
2024-08-04 05:32:00.702,115,30.2,40.8,37.1,28.4
2024-08-04 06:02:00.315,115,30.2,40.8,37.1,28.4
2024-08-04 06:32:00.121,115,30.1,40.8,37.1,28.4
2024-08-04 07:02:00.890,115,30.1,40.8,37.1,28.5
2024-08-04 08:02:00.884,115,30.0,40.8,37.1,28.5
2024-08-04 08:32:00.900,115,30.0,40.7,37.1,28.5
2024-08-04 09:02:00.899,115,30.1,40.7,37.1,28.5
2024-08-04 09:32:00.912,115,30.0,40.7,37.1,28.5
2024-08-04 10:02:00.915,115,30.1,40.7,37.1,28.5
2024-08-04 10:32:00.910,115,30.0,40.7,37.1,28.4
2024-08-04 11:02:00.919,115,30.0,40.6,36.9,28.3
2024-08-04 11:32:00.903,115,30.0,40.5,36.8,28.3
2024-08-04 12:02:00.922,115,29.9,40.4,36.7,28.1
2024-08-04 12:32:00.215,115,29.9,40.3,36.6,28.1
2024-08-04 13:02:00.900,115,29.8,40.2,36.4,28.0
2024-08-04 13:32:00.908,115,29.8,40.1,36.3,27.9
2024-08-04 14:02:00.460,115,29.7,40.0,36.2,27.8
2024-08-04 14:32:00.908,115,29.6,39.9,36.0,27.7
2024-08-04 15:02:00.939,115,29.5,39.8,35.9,27.6
2024-08-04 15:32:00.918,115,29.5,39.7,35.8,27.5
2024-08-04 16:02:00.923,115,29.4,39.6,35.8,27.5
2024-08-04 16:32:00.907,115,29.3,39.6,35.7,27.5
2024-08-04 17:02:00.489,115,29.2,39.5,35.6,27.4
2024-08-04 17:32:00.217,115,29.2,39.5,35.6,27.4
2024-08-04 18:02:00.253,115,29.1,39.5,35.6,27.4
2024-08-04 18:32:00.921,115,29.1,39.4,35.6,27.4
2024-08-04 19:02:01.217,115,29.0,39.4,35.7,27.4
2024-08-04 19:32:00.466,115,29.0,39.4,35.7,27.4
2024-08-04 20:02:00.921,115,29.0,39.5,35.8,27.5
2024-08-04 20:32:00.850,115,29.0,39.5,35.8,27.6
2024-08-04 21:02:00.915,115,29.0,39.5,35.9,27.6
2024-08-04 21:32:00.920,115,28.9,39.6,35.9,27.6
2024-08-04 22:02:00.923,115,28.9,39.6,36.0,27.7
2024-08-04 22:32:00.935,115,28.9,39.6,36.0,27.7
2024-08-04 23:02:00.959,115,28.8,39.7,36.0,27.7
2024-08-04 23:32:00.972,115,28.8,39.7,36.1,27.7
2024-08-05 00:02:01.015,115,28.8,39.7,36.1,27.7
2024-08-05 00:32:01.029,115,28.8,39.7,36.1,27.8
2024-08-05 01:02:00.602,115,28.7,39.7,36.2,27.8
2024-08-05 01:32:00.991,115,28.7,39.7,36.2,27.8
2024-08-05 02:32:01.060,115,28.7,39.7,36.2,27.8
2024-08-05 03:02:01.122,115,28.7,39.7,36.2,27.8
2024-08-05 03:32:01.121,115,28.6,39.7,36.3,27.9
2024-08-05 04:02:01.098,115,28.6,39.7,36.3,27.9
2024-08-05 04:32:01.162,115,28.6,39.7,36.3,27.9
2024-08-05 05:02:01.228,115,28.6,39.7,36.3,27.9
2024-08-05 06:02:01.240,115,28.5,39.7,36.4,27.9
2024-08-05 06:32:01.260,115,28.5,39.7,36.4,27.9
2024-08-05 07:02:00.886,115,28.5,39.7,36.4,27.9
2024-08-05 07:32:01.388,115,28.5,39.7,36.4,27.9
2024-08-05 08:02:01.311,115,28.5,39.7,36.4,27.9
2024-08-05 08:32:01.379,115,28.5,39.7,36.4,28.0
2024-08-05 09:02:01.392,115,28.5,39.6,36.4,28.0
2024-08-05 09:32:01.375,115,28.5,39.7,36.4,28.0
2024-08-05 10:02:01.378,115,28.4,39.6,36.4,28.0
2024-08-05 10:32:00.879,115,28.5,39.6,36.4,28.0
2024-08-05 11:02:01.278,115,28.4,39.6,36.4,28.0
2024-08-05 11:32:00.648,115,28.5,39.6,36.4,28.0
2024-08-05 12:02:01.377,115,28.4,39.6,36.4,28.0
2024-08-05 12:32:01.296,115,28.4,39.6,36.4,28.0
2024-08-05 13:02:01.401,115,28.4,39.6,36.4,28.0
2024-08-05 13:32:01.273,115,28.4,39.5,36.3,27.9
2024-08-05 14:02:01.369,115,28.3,39.4,36.1,27.7
2024-08-05 14:32:01.331,115,28.2,39.2,35.9,27.6
2024-08-05 15:02:01.334,115,28.1,39.1,35.7,27.5
2024-08-05 15:32:01.369,115,28.0,38.9,35.5,27.3
2024-08-05 16:02:00.646,115,27.9,38.8,35.3,27.2
2024-08-05 16:32:00.864,115,27.8,38.6,35.2,27.2
2024-08-05 17:02:00.880,115,27.8,38.6,35.1,27.1
2024-08-05 17:32:00.866,115,27.7,38.5,35.1,27.1
2024-08-05 18:02:01.313,115,27.6,38.4,35.1,27.1
2024-08-05 18:32:01.326,115,27.6,38.4,35.1,27.1
2024-08-05 19:02:00.985,115,27.6,38.4,35.1,27.1
2024-08-05 19:32:00.867,115,27.5,38.4,35.1,27.2
2024-08-05 20:02:01.323,115,27.5,38.4,35.2,27.2
2024-08-05 20:32:01.332,115,27.5,38.5,35.3,27.2
2024-08-05 21:02:01.339,115,27.5,38.6,35.3,27.3
2024-08-05 21:32:01.335,115,27.5,38.6,35.3,27.3
2024-08-05 22:02:01.254,115,27.5,38.6,35.4,27.3
2024-08-05 22:32:00.881,115,27.5,38.6,35.4,27.4
2024-08-05 23:02:00.878,115,27.5,38.6,35.5,27.4
2024-08-05 23:32:01.260,115,27.5,38.6,35.5,27.4
2024-08-06 00:02:01.387,115,27.4,38.7,35.6,27.4
2024-08-06 00:32:00.921,115,27.4,38.7,35.6,27.4
2024-08-06 01:02:01.322,115,27.4,38.7,35.6,27.5
2024-08-06 01:32:00.947,115,27.3,38.7,35.6,27.5
2024-08-06 02:02:00.969,115,27.3,38.7,35.7,27.5
2024-08-06 02:32:00.657,115,27.3,38.7,35.7,27.5
2024-08-06 03:02:01.446,115,27.3,38.7,35.7,27.5
2024-08-06 04:02:01.440,115,27.3,38.7,35.8,27.5
2024-08-06 04:32:01.535,115,27.2,38.7,35.8,27.6
2024-08-06 05:02:01.567,115,27.2,38.7,35.8,27.6
2024-08-06 05:32:01.592,115,27.2,38.7,35.8,27.6
2024-08-06 06:02:00.922,115,27.2,38.6,35.8,27.6
2024-08-06 06:32:01.651,115,27.1,38.7,35.8,27.6
2024-08-06 07:02:01.651,115,27.1,38.6,35.8,27.6
2024-08-06 07:32:01.216,115,27.1,38.6,35.8,27.7
2024-08-06 08:02:01.661,115,27.1,38.6,35.9,27.7
2024-08-06 08:32:01.672,115,27.1,38.6,35.9,27.7
2024-08-06 09:32:01.180,115,27.1,38.6,35.9,27.7
2024-08-06 10:02:01.664,115,27.0,38.5,35.8,27.6
2024-08-06 10:32:01.212,115,27.0,38.4,35.7,27.5
2024-08-06 11:02:01.649,115,26.9,38.3,35.5,27.4
2024-08-06 12:32:01.576,115,26.7,37.9,34.9,27.0
2024-08-06 13:32:00.932,115,26.5,37.5,34.4,26.8
2024-08-06 14:32:01.565,115,26.3,37.2,34.0,26.6
2024-08-06 15:02:01.598,115,26.2,37.1,33.9,26.6
2024-08-06 15:32:01.203,115,26.1,37.0,33.8,26.5
2024-08-06 16:02:01.648,115,26.0,36.8,33.6,26.4
2024-08-06 16:32:01.641,115,25.9,36.7,33.5,26.4
2024-08-06 17:02:01.670,115,25.8,36.7,33.4,26.4
2024-08-06 17:32:01.201,115,25.7,36.7,33.4,26.4
2024-08-06 18:02:01.690,115,25.7,36.6,33.4,26.4
2024-08-06 18:32:01.612,115,25.6,36.6,33.5,26.4
2024-08-06 19:02:01.646,115,25.6,36.6,33.5,26.5
2024-08-06 19:32:01.651,115,25.5,36.7,33.6,26.5
2024-08-06 20:02:01.659,115,25.5,36.6,33.6,26.5
2024-08-06 20:32:01.702,115,25.4,36.6,33.7,26.6
2024-08-06 21:02:01.713,115,25.4,36.7,33.8,26.6
2024-08-06 22:32:01.751,115,25.2,36.7,33.9,26.7
2024-08-06 23:02:01.811,115,25.2,36.6,34.0,26.7
2024-08-07 00:02:01.869,115,25.1,36.6,34.0,26.8
2024-08-07 00:32:01.928,115,25.0,36.6,34.1,26.8
2024-08-07 01:02:02.007,115,25.0,36.6,34.1,26.8
2024-08-07 01:32:02.015,115,24.9,36.6,34.1,26.8
2024-08-07 02:02:02.094,115,24.9,36.5,34.1,26.8
2024-08-07 02:32:02.109,115,24.9,36.5,34.1,26.8
2024-08-07 03:32:02.202,115,24.8,36.5,34.2,26.9
2024-08-07 04:02:02.324,115,24.7,36.4,34.2,26.9
2024-08-07 04:32:02.333,115,24.7,36.4,34.2,26.9
2024-08-07 05:02:02.450,115,24.7,36.4,34.2,26.9
2024-08-07 05:32:02.461,115,24.6,36.4,34.3,26.9
2024-08-07 06:02:02.554,115,24.6,36.4,34.3,26.9
2024-08-07 06:32:02.613,115,24.6,36.4,34.3,26.9
2024-08-07 07:02:02.723,115,24.5,36.3,34.3,27.0
2024-08-07 07:32:02.710,115,24.5,36.3,34.3,27.0
2024-08-07 08:02:02.785,115,24.5,36.3,34.3,27.0
2024-08-07 08:32:02.857,115,24.5,36.3,34.3,27.0
2024-08-07 09:02:02.971,115,24.4,36.3,34.3,27.0
2024-08-07 09:32:03.026,115,24.4,36.2,34.3,27.0
2024-08-07 10:02:02.400,115,24.4,36.2,34.3,27.0
2024-08-07 10:32:03.106,115,24.3,36.1,34.2,26.9
2024-08-07 11:02:03.118,115,24.3,36.1,34.2,26.9
2024-08-07 11:32:03.114,115,24.2,36.0,34.1,26.9
2024-08-07 12:02:03.127,115,24.2,36.0,34.0,26.8
2024-08-07 12:32:03.115,115,24.2,35.9,33.8,26.7
2024-08-07 13:02:02.420,115,24.1,35.7,33.6,26.5
2024-08-07 13:32:03.119,115,24.0,35.6,33.2,26.4
2024-08-07 14:02:03.123,115,23.9,35.4,33.1,26.3
2024-08-07 14:32:03.043,115,23.8,35.3,33.0,26.2
2024-08-07 15:02:03.107,115,23.8,35.2,32.8,26.2
2024-08-07 15:32:02.424,115,23.7,35.1,32.6,26.1
2024-08-07 16:02:03.103,115,23.6,35.0,32.6,26.1
2024-08-07 16:32:03.111,115,23.6,35.0,32.6,26.1
2024-08-07 17:02:02.428,115,23.6,34.9,32.6,26.1
2024-08-07 17:32:03.098,115,23.6,34.9,32.6,26.1
2024-08-07 18:02:03.105,115,23.5,34.9,32.5,26.1
2024-08-07 18:32:03.028,115,23.5,34.8,32.5,26.1
2024-08-07 19:02:02.656,115,23.5,34.8,32.5,26.1
2024-08-07 19:32:03.105,115,23.5,34.8,32.6,26.1
2024-08-07 20:02:03.107,115,23.4,34.9,32.6,26.2
2024-08-07 20:32:03.160,115,23.4,34.9,32.7,26.2
2024-08-07 21:02:02.470,115,23.4,34.9,32.7,26.2
2024-08-07 21:32:02.544,115,23.4,34.9,32.8,26.2
2024-08-07 22:02:03.331,115,23.4,34.9,32.8,26.3
2024-08-07 22:32:03.378,115,23.3,34.9,32.9,26.3
2024-08-07 23:02:03.067,115,23.3,34.9,32.9,26.3
2024-08-07 23:32:03.632,115,23.3,34.9,32.9,26.4
2024-08-08 00:02:03.758,115,23.3,34.9,33.0,26.4
2024-08-08 00:32:03.881,115,23.2,34.9,33.0,26.4
2024-08-08 01:02:04.007,115,23.2,34.9,33.1,26.4
2024-08-08 01:32:04.092,115,23.2,34.9,33.1,26.4
2024-08-08 02:02:04.244,115,23.2,34.9,33.1,26.4
2024-08-08 02:32:04.382,115,23.1,34.9,33.1,26.4
2024-08-08 03:02:04.509,115,23.1,34.8,33.2,26.4
2024-08-08 03:32:04.187,115,23.1,34.8,33.2,26.4
2024-08-08 04:32:04.866,115,23.0,34.8,33.2,26.5
2024-08-08 05:02:05.033,115,23.0,34.8,33.2,26.4
2024-08-08 05:32:05.148,115,23.0,34.8,33.2,26.5
2024-08-08 06:02:05.222,115,23.0,34.7,33.2,26.5
2024-08-08 06:32:05.425,115,22.9,34.7,33.2,26.5
2024-08-08 07:02:05.569,115,22.9,34.7,33.2,26.5
2024-08-08 07:32:05.669,115,22.9,34.7,33.3,26.5
2024-08-08 08:02:05.719,115,22.9,34.7,33.3,26.5
2024-08-08 08:32:05.750,115,22.9,34.7,33.3,26.5
2024-08-08 09:02:04.979,115,22.9,34.6,33.3,26.5
2024-08-08 09:32:05.716,115,22.9,34.6,33.2,26.5
2024-08-08 10:02:05.664,115,22.8,34.6,33.2,26.5
2024-08-08 11:02:05.658,115,22.8,34.4,33.0,26.3
2024-08-08 11:32:05.016,115,22.7,34.3,32.8,26.1
2024-08-08 12:02:05.708,115,22.6,34.2,32.6,26.0
2024-08-08 12:32:05.719,115,22.6,34.1,32.3,25.8
2024-08-08 13:02:05.708,115,22.5,34.0,32.2,25.8
2024-08-08 13:32:05.708,115,22.5,33.9,32.0,25.7
2024-08-08 14:02:05.717,115,22.4,33.9,31.9,25.6
2024-08-08 14:32:05.705,115,22.3,33.8,31.8,25.5
2024-08-08 15:02:05.710,115,22.3,33.7,31.7,25.5
2024-08-08 15:32:05.674,115,22.2,33.7,31.6,25.4
2024-08-08 16:02:05.695,115,22.2,33.6,31.5,25.4
2024-08-08 16:32:05.693,115,22.2,33.6,31.4,25.3
2024-08-08 17:02:05.256,115,22.1,33.5,31.4,25.3
2024-08-08 17:32:05.679,115,22.2,33.5,31.4,25.3
2024-08-08 18:02:05.678,115,22.1,33.5,31.3,25.3
2024-08-08 18:32:05.680,115,22.1,33.5,31.3,25.3
2024-08-08 19:02:05.865,115,22.1,33.5,31.3,25.3
2024-08-08 19:32:05.616,115,22.1,33.5,31.3,25.3
2024-08-08 20:02:05.614,115,22.1,33.5,31.4,25.4
2024-08-08 20:32:05.694,115,22.1,33.5,31.5,25.4
2024-08-08 21:02:05.700,115,22.1,33.5,31.5,25.4
2024-08-08 21:32:05.721,115,22.0,33.5,31.6,25.5
2024-08-08 22:02:05.767,115,22.0,33.6,31.6,25.5
2024-08-08 22:32:05.778,115,22.0,33.6,31.7,25.5
2024-08-08 23:02:05.407,115,22.0,33.6,31.7,25.5
2024-08-08 23:32:05.443,115,22.0,33.6,31.7,25.6
2024-08-09 00:02:05.937,115,22.0,33.6,31.7,25.6
2024-08-09 00:32:05.548,115,22.0,33.6,31.8,25.6
2024-08-09 01:02:06.047,115,22.0,33.6,31.8,25.6
2024-08-09 01:32:06.104,115,21.9,33.6,31.8,25.6
2024-08-09 02:02:06.119,115,21.9,33.6,31.9,25.6
2024-08-09 02:32:06.239,115,21.9,33.6,31.9,25.6
2024-08-09 03:02:06.293,115,21.9,33.6,31.9,25.7
2024-08-09 03:32:06.372,115,21.9,33.6,31.9,25.7
2024-08-09 04:02:06.410,115,21.9,33.6,31.9,25.7
2024-08-09 04:32:06.478,115,21.9,33.6,31.9,25.7
2024-08-09 05:02:06.554,115,21.9,33.6,32.0,25.7
2024-08-09 05:32:06.605,115,21.8,33.6,32.0,25.7
2024-08-09 06:02:06.635,115,21.8,33.6,32.0,25.7
2024-08-09 06:32:06.766,115,21.8,33.6,32.0,25.7
2024-08-09 07:02:06.847,115,21.8,33.6,32.0,25.8
2024-08-09 07:32:06.221,115,21.7,33.5,32.0,25.8
2024-08-09 08:02:06.494,115,21.7,33.5,32.1,25.8
2024-08-09 08:32:06.922,115,21.7,33.5,32.1,25.8
2024-08-09 09:32:06.884,115,21.7,33.5,32.0,25.7
2024-08-09 10:02:06.925,115,21.7,33.4,31.9,25.6
2024-08-09 10:32:06.923,115,21.6,33.3,31.7,25.5
2024-08-09 11:02:06.199,115,21.5,33.3,31.6,25.4
2024-08-09 12:02:06.187,115,21.4,33.1,31.3,25.1
2024-08-09 12:32:07.065,115,21.4,33.1,31.1,25.0
2024-08-09 13:02:06.917,115,21.4,33.0,30.9,24.9
2024-08-09 13:32:06.873,115,21.3,32.9,30.7,24.8
2024-08-09 14:02:07.306,115,21.3,32.9,30.6,24.7
2024-08-09 14:32:07.116,115,21.2,32.8,30.4,24.6
2024-08-09 15:32:06.854,115,21.1,32.7,30.2,24.4
2024-08-09 16:02:06.895,115,21.1,32.6,30.1,24.3
2024-08-09 17:02:06.864,115,21.0,32.6,29.9,24.3
2024-08-09 17:32:06.423,115,20.9,32.5,29.9,24.2
2024-08-09 18:02:06.815,115,20.9,32.5,29.9,24.3
2024-08-09 18:32:06.873,115,20.9,32.5,29.9,24.3
2024-08-09 19:02:06.905,115,20.9,32.5,30.0,24.3
2024-08-09 19:32:06.846,115,20.9,32.5,30.0,24.4
2024-08-09 20:02:06.999,115,20.8,32.5,30.0,24.4
2024-08-09 20:32:07.054,115,20.8,32.5,30.1,24.4
2024-08-09 21:02:07.070,115,20.8,32.5,30.1,24.5
2024-08-09 21:32:07.189,115,20.8,32.5,30.2,24.5
2024-08-09 22:02:07.305,115,20.8,32.5,30.2,24.5
2024-08-09 22:32:07.421,115,20.7,32.5,30.2,24.5
2024-08-09 23:02:07.546,115,20.7,32.5,30.2,24.6
2024-08-09 23:32:07.662,115,20.7,32.5,30.3,24.6
2024-08-10 00:02:07.762,115,20.7,32.5,30.3,24.6
2024-08-10 00:32:07.975,115,20.6,32.5,30.3,24.6
2024-08-10 01:02:08.125,115,20.6,32.5,30.4,24.7
2024-08-10 01:32:07.856,115,20.6,32.5,30.4,24.7
2024-08-10 02:32:07.910,115,20.6,32.5,30.4,24.7
2024-08-10 03:02:08.795,115,20.6,32.5,30.4,24.7
2024-08-10 03:32:08.295,115,20.5,32.4,30.4,24.7
2024-08-10 04:02:09.096,115,20.5,32.4,30.4,24.7
2024-08-10 04:32:09.378,115,20.5,32.4,30.4,24.7
2024-08-10 05:02:09.567,115,20.4,32.4,30.4,24.7
2024-08-10 05:32:09.760,115,20.4,32.4,30.5,24.8
2024-08-10 06:02:09.954,115,20.4,32.4,30.5,24.8
2024-08-10 06:32:10.191,115,20.4,32.3,30.5,24.8
2024-08-10 07:02:10.410,115,20.4,32.3,30.5,24.8
2024-08-10 07:32:09.831,115,20.4,32.3,30.5,24.8
2024-08-10 08:02:10.498,115,20.4,32.3,30.5,24.8
2024-08-10 08:32:10.608,115,20.3,32.3,30.5,24.8
2024-08-10 09:02:10.575,115,20.3,32.3,30.5,24.8
2024-08-10 09:32:10.599,115,20.3,32.2,30.5,24.8
2024-08-10 10:02:10.153,115,20.3,32.2,30.4,24.7
2024-08-10 10:32:10.571,115,20.3,32.2,30.3,24.7
2024-08-10 11:02:10.583,115,20.3,32.1,30.2,24.6
2024-08-10 11:32:10.556,115,20.2,32.1,30.0,24.5
2024-08-10 12:02:10.577,115,20.2,32.0,29.9,24.3
2024-08-10 12:32:10.567,115,20.2,31.9,29.8,24.2
2024-08-10 13:02:10.561,115,20.2,31.9,29.6,24.0
2024-08-10 13:32:10.556,115,20.1,31.8,29.4,23.9
2024-08-10 14:02:10.557,115,20.1,31.7,29.3,23.8
2024-08-10 14:32:10.565,115,20.1,31.7,29.2,23.7
2024-08-10 15:02:10.555,115,20.1,31.6,29.1,23.7
2024-08-10 15:32:09.873,115,20.1,31.6,29.0,23.6
2024-08-10 16:02:10.551,115,20.0,31.6,28.9,23.6
2024-08-10 16:32:10.538,115,20.0,31.6,28.9,23.5
2024-08-10 17:02:10.545,115,20.1,31.6,28.9,23.5
2024-08-10 17:32:10.529,115,20.0,31.5,28.8,23.5
2024-08-10 18:02:10.472,115,20.0,31.5,28.8,23.5
2024-08-10 18:32:10.537,115,20.0,31.5,28.8,23.5
2024-08-10 19:02:10.778,115,20.0,31.5,28.8,23.5
2024-08-10 19:32:10.526,115,20.0,31.5,28.8,23.6
2024-08-10 20:02:10.568,115,20.0,31.5,28.9,23.6
2024-08-10 20:32:10.628,115,20.0,31.5,28.9,23.7
2024-08-10 21:02:10.701,115,19.9,31.5,28.9,23.7
2024-08-10 21:32:10.124,115,19.9,31.5,29.0,23.7
2024-08-10 22:02:10.961,115,19.9,31.5,29.0,23.7
2024-08-10 22:32:11.100,115,19.9,31.5,29.0,23.7
2024-08-10 23:02:11.290,115,19.9,31.5,29.0,23.8
2024-08-10 23:32:11.466,115,19.8,31.5,29.1,23.8
2024-08-11 00:02:11.639,115,19.8,31.5,29.1,23.8
2024-08-11 00:32:11.773,115,19.8,31.5,29.1,23.8
2024-08-11 01:02:12.027,115,19.8,31.5,29.1,23.8
2024-08-11 01:32:11.492,115,19.8,31.5,29.1,23.9
2024-08-11 02:02:12.381,115,19.7,31.4,29.1,23.9
2024-08-11 02:32:12.565,115,19.7,31.4,29.2,23.9
2024-08-11 03:02:12.770,115,19.7,31.4,29.2,23.9
2024-08-11 03:32:12.526,115,19.7,31.4,29.2,23.9
2024-08-11 04:02:13.175,115,19.7,31.4,29.2,23.9
2024-08-11 04:32:12.649,115,19.7,31.4,29.2,23.9
2024-08-11 05:02:13.568,115,19.6,31.4,29.2,23.9
2024-08-11 05:32:13.379,115,19.6,31.4,29.2,24.0
2024-08-11 06:02:14.004,115,19.6,31.4,29.2,24.0
2024-08-11 06:32:14.143,115,19.6,31.3,29.2,24.0
2024-08-11 07:02:14.428,115,19.6,31.3,29.2,24.0
2024-08-11 07:32:14.588,115,19.5,31.3,29.2,24.0
2024-08-11 08:02:14.179,115,19.5,31.3,29.2,24.0
2024-08-11 08:32:14.626,115,19.5,31.3,29.2,24.0
2024-08-11 09:02:14.627,115,19.5,31.3,29.2,24.0
2024-08-11 09:32:14.622,115,19.5,31.2,29.2,24.0
2024-08-11 10:32:14.587,115,19.5,31.2,29.1,23.9
2024-08-11 11:02:14.551,115,19.5,31.2,29.0,23.8
2024-08-11 11:32:14.617,115,19.5,31.1,28.9,23.6
2024-08-11 12:02:14.624,115,19.5,31.0,28.7,23.5
2024-08-11 12:32:14.589,115,19.5,31.0,28.6,23.4
2024-08-11 13:02:14.581,115,19.4,30.9,28.5,23.3
2024-08-11 13:32:14.585,115,19.4,30.9,28.3,23.1
2024-08-11 14:02:14.599,115,19.4,30.8,28.2,23.1
2024-08-11 14:32:14.596,115,19.5,30.8,28.1,23.0
2024-08-11 15:32:14.553,115,19.4,30.7,28.0,22.9
2024-08-11 16:02:13.901,115,19.5,30.7,27.9,22.8
2024-08-11 16:32:14.542,115,19.4,30.6,27.8,22.7
2024-08-11 17:02:14.610,115,19.4,30.6,27.8,22.7
2024-08-11 17:32:14.570,115,19.4,30.6,27.7,22.6
2024-08-11 18:02:14.580,115,19.4,30.6,27.7,22.6
2024-08-11 18:32:14.594,115,19.4,30.6,27.7,22.6
2024-08-11 19:02:14.006,115,19.4,30.6,27.7,22.6
2024-08-11 19:32:14.576,115,19.4,30.6,27.7,22.7
2024-08-11 20:02:14.619,115,19.4,30.6,27.7,22.7
2024-08-11 20:32:14.643,115,19.4,30.6,27.8,22.8
2024-08-11 21:02:14.722,115,19.4,30.6,27.8,22.8
2024-08-11 21:32:14.751,115,19.4,30.6,27.8,22.8
2024-08-11 22:02:15.103,115,19.4,30.6,27.8,22.9
2024-08-11 22:32:15.108,115,19.4,30.6,27.9,22.9
2024-08-11 23:02:14.805,115,19.3,30.6,27.9,22.9
2024-08-11 23:32:15.435,115,19.3,30.6,27.9,22.9
2024-08-12 00:02:15.596,115,19.3,30.6,27.9,22.9
2024-08-12 00:32:15.786,115,19.2,30.6,28.0,22.9
2024-08-12 01:32:16.104,115,19.2,30.6,28.0,23.0
2024-08-12 02:02:15.906,115,19.2,30.5,28.0,23.0
2024-08-12 02:32:16.493,115,19.2,30.5,28.1,23.0
2024-08-12 03:02:16.748,115,19.2,30.5,28.1,23.0
2024-08-12 03:32:16.243,115,19.1,30.5,28.1,23.1
2024-08-12 04:02:17.156,115,19.1,30.5,28.1,23.1
2024-08-12 04:32:17.392,115,19.1,30.5,28.1,23.1
2024-08-12 05:02:17.556,115,19.1,30.5,28.1,23.1
2024-08-12 05:32:17.749,115,19.1,30.5,28.1,23.1
2024-08-12 06:02:17.930,115,19.0,30.5,28.1,23.1
2024-08-12 06:32:17.739,115,19.0,30.4,28.1,23.1
2024-08-12 07:02:18.377,115,19.0,30.4,28.1,23.1
2024-08-12 07:32:18.605,115,19.0,30.4,28.1,23.1
2024-08-12 08:02:17.989,115,19.0,30.4,28.1,23.1
2024-08-12 08:32:18.675,115,19.0,30.4,28.1,23.1
2024-08-12 09:02:18.675,115,18.9,30.4,28.1,23.1
2024-08-12 09:32:18.621,115,18.9,30.4,28.1,23.1
2024-08-12 10:32:18.642,115,19.0,30.3,28.0,23.0
2024-08-12 11:02:18.677,115,19.0,30.2,27.9,22.9
2024-08-12 11:32:18.675,115,19.0,30.2,27.8,22.8
2024-08-12 12:02:17.968,115,19.0,30.2,27.7,22.7
2024-08-12 12:32:18.683,115,19.0,30.1,27.5,22.5
2024-08-12 13:02:18.656,115,19.1,30.1,27.4,22.4
2024-08-12 13:32:18.660,115,19.0,30.0,27.3,22.3
2024-08-12 14:02:18.679,115,19.0,30.0,27.2,22.2
2024-08-12 14:32:18.642,115,19.1,30.0,27.2,22.2
2024-08-12 15:02:18.670,115,19.1,30.0,27.1,22.1
2024-08-12 15:32:18.656,115,19.1,29.9,27.0,22.0
2024-08-12 16:02:18.591,115,19.1,30.0,27.0,22.0
2024-08-12 16:32:18.634,115,19.1,29.9,27.0,22.1
2024-08-12 17:02:18.656,115,19.1,29.9,27.0,22.0
2024-08-12 17:32:18.635,115,19.1,29.9,26.9,22.0
2024-08-12 18:02:18.653,115,19.1,29.9,26.9,22.0
2024-08-12 18:32:18.647,115,19.1,29.9,27.0,22.1
2024-08-12 19:02:19.122,115,19.1,30.0,27.0,22.1
2024-08-12 19:32:18.678,115,19.1,29.9,27.0,22.1
2024-08-12 20:02:18.651,115,19.1,30.0,27.0,22.2
2024-08-12 20:32:18.766,115,19.1,30.0,27.0,22.2
2024-08-12 21:02:18.813,115,19.1,30.0,27.1,22.2
2024-08-12 21:32:18.859,115,19.0,30.0,27.1,22.2
2024-08-12 22:02:18.963,115,19.0,30.0,27.1,22.2
2024-08-12 22:32:19.034,115,19.0,30.0,27.2,22.3
2024-08-12 23:02:18.442,115,19.0,30.0,27.2,22.3
2024-08-12 23:32:19.269,115,19.0,30.0,27.2,22.3
2024-08-13 00:02:19.420,115,18.9,30.0,27.2,22.3
2024-08-13 00:32:19.553,115,18.9,30.0,27.2,22.3
2024-08-13 01:02:19.709,115,18.9,30.0,27.2,22.4
2024-08-13 02:02:20.001,115,18.9,30.0,27.2,22.4
2024-08-13 02:32:20.221,115,18.9,30.0,27.3,22.4
2024-08-13 03:02:19.685,115,18.8,29.9,27.3,22.4
2024-08-13 03:32:20.573,115,18.8,29.9,27.3,22.4
2024-08-13 04:02:20.722,115,18.8,29.9,27.3,22.4
2024-08-13 04:32:20.911,115,18.8,29.9,27.3,22.4
2024-08-13 05:02:21.095,115,18.7,29.9,27.3,22.4
2024-08-13 05:32:20.807,115,18.7,29.9,27.3,22.5
2024-08-13 06:02:21.479,115,18.7,29.8,27.3,22.5
2024-08-13 06:32:20.961,115,18.7,29.8,27.3,22.5
2024-08-13 07:02:21.821,115,18.7,29.8,27.4,22.5
2024-08-13 07:32:22.036,115,18.7,29.8,27.4,22.5
2024-08-13 08:02:22.100,115,18.6,29.8,27.3,22.5
2024-08-13 08:32:22.045,115,18.7,29.8,27.4,22.5
2024-08-13 09:02:22.087,115,18.7,29.8,27.4,22.5
2024-08-13 09:32:22.029,115,18.6,29.8,27.3,22.5
2024-08-13 10:02:22.083,115,18.7,29.7,27.3,22.5
2024-08-13 10:32:21.390,115,18.7,29.7,27.2,22.4
2024-08-13 11:02:21.395,115,18.7,29.7,27.1,22.3
2024-08-13 11:32:21.393,115,18.7,29.6,27.0,22.2
2024-08-13 12:02:22.097,115,18.7,29.6,26.9,22.0
2024-08-13 12:32:22.080,115,18.7,29.5,26.8,21.9
2024-08-13 13:02:22.093,115,18.7,29.5,26.6,21.8
2024-08-13 13:32:22.086,115,18.7,29.5,26.6,21.7
2024-08-13 14:02:22.067,115,18.7,29.4,26.5,21.6
2024-08-13 14:32:22.086,115,18.7,29.4,26.3,21.5
2024-08-13 15:02:22.075,115,18.8,29.3,26.3,21.4
2024-08-13 15:32:22.062,115,18.8,29.3,26.2,21.4
2024-08-13 16:02:22.070,115,18.8,29.3,26.1,21.3
2024-08-13 16:32:22.073,115,18.8,29.3,26.1,21.2
2024-08-13 17:02:22.072,115,18.8,29.3,26.0,21.2
2024-08-13 17:32:22.064,115,18.9,29.3,26.0,21.2
2024-08-13 18:02:22.068,115,18.8,29.3,26.0,21.2
2024-08-13 18:32:21.989,115,18.9,29.3,25.9,21.2
2024-08-13 19:02:22.951,115,18.9,29.3,25.9,21.2
2024-08-13 20:02:22.036,115,18.8,29.3,26.0,21.3
2024-08-13 20:32:22.074,115,18.8,29.3,26.1,21.3
2024-08-13 21:32:22.195,115,18.8,29.3,26.1,21.3
2024-08-13 22:32:22.438,115,18.7,29.3,26.2,21.4
2024-08-13 23:02:22.584,115,18.7,29.3,26.2,21.4
2024-08-13 23:32:22.279,115,18.7,29.3,26.2,21.4
2024-08-14 00:02:22.592,115,18.7,29.3,26.2,21.4
2024-08-14 00:32:22.997,115,18.6,29.3,26.2,21.4
2024-08-14 01:32:23.300,115,18.6,29.3,26.3,21.5
2024-08-14 02:02:23.527,115,18.5,29.3,26.3,21.5
2024-08-14 02:32:23.665,115,18.5,29.2,26.3,21.5
2024-08-14 03:02:23.856,115,18.5,29.2,26.3,21.5
2024-08-14 03:32:24.009,115,18.4,29.2,26.3,21.6
2024-08-14 04:02:24.219,115,18.4,29.2,26.3,21.6
2024-08-14 04:32:24.375,115,18.4,29.2,26.3,21.6
2024-08-14 05:02:24.584,115,18.4,29.2,26.3,21.6
2024-08-14 05:32:24.752,115,18.4,29.1,26.3,21.6
2024-08-14 06:02:24.888,115,18.4,29.1,26.3,21.6
2024-08-14 06:32:25.149,115,18.4,29.1,26.4,21.6
2024-08-14 07:02:25.377,115,18.3,29.1,26.4,21.6
2024-08-14 07:32:25.480,115,18.3,29.1,26.4,21.6
2024-08-14 08:02:25.533,115,18.3,29.1,26.4,21.6
2024-08-14 08:32:25.521,115,18.3,29.1,26.4,21.6
2024-08-14 09:02:25.514,115,18.3,29.1,26.4,21.6
2024-08-14 09:32:25.521,115,18.3,29.1,26.3,21.6
2024-08-14 10:02:25.519,115,18.3,29.0,26.3,21.6
2024-08-14 10:32:25.515,115,18.3,29.0,26.3,21.5
2024-08-14 11:02:25.075,115,18.4,29.0,26.1,21.4
2024-08-14 11:32:25.455,115,18.4,28.9,26.1,21.3
2024-08-14 12:02:25.515,115,18.4,28.9,25.9,21.2
2024-08-14 12:32:25.492,115,18.4,28.9,25.8,21.1
2024-08-14 13:02:25.451,115,18.5,28.8,25.7,21.0
2024-08-14 13:32:25.535,115,18.5,28.8,25.7,20.9
2024-08-14 14:02:25.531,115,18.5,28.8,25.6,20.9
2024-08-14 14:32:25.513,115,18.5,28.8,25.5,20.8
2024-08-14 15:02:25.539,115,18.5,28.7,25.5,20.8
2024-08-14 15:32:25.531,115,18.6,28.7,25.4,20.7
2024-08-14 16:02:25.525,115,18.6,28.7,25.4,20.7
2024-08-14 16:32:25.450,115,18.6,28.7,25.3,20.6
2024-08-14 17:02:25.519,115,18.6,28.7,25.3,20.6
2024-08-14 17:32:25.520,115,18.6,28.7,25.3,20.6
2024-08-14 18:02:25.501,115,18.6,28.7,25.3,20.6
2024-08-14 19:02:25.059,115,18.7,28.7,25.2,20.6
2024-08-14 19:32:25.492,115,18.6,28.7,25.3,20.6
2024-08-14 20:02:25.496,115,18.7,28.8,25.3,20.7
2024-08-14 20:32:25.081,115,18.7,28.8,25.3,20.7
2024-08-14 21:02:25.529,115,18.6,28.8,25.3,20.7
2024-08-14 21:32:25.595,115,18.6,28.8,25.3,20.7
2024-08-14 22:02:25.693,115,18.6,28.8,25.4,20.8
2024-08-14 22:32:25.700,115,18.5,28.8,25.4,20.8
2024-08-14 23:02:25.418,115,18.5,28.8,25.4,20.8
2024-08-14 23:32:25.952,115,18.5,28.8,25.5,20.8
2024-08-15 00:02:26.027,115,18.5,28.8,25.5,20.8
2024-08-15 00:32:25.531,115,18.4,28.8,25.5,20.9
2024-08-15 01:02:26.206,115,18.4,28.7,25.5,20.9
2024-08-15 02:02:26.291,115,18.4,28.7,25.5,20.9
2024-08-15 02:32:25.910,115,18.4,28.7,25.5,20.9
2024-08-15 03:02:26.173,115,18.4,28.7,25.5,20.9
2024-08-15 03:32:26.446,115,18.4,28.7,25.5,20.9
2024-08-15 04:02:26.477,115,18.4,28.7,25.5,21.0
2024-08-15 04:32:26.512,115,18.4,28.7,25.5,21.0
2024-08-15 05:02:26.552,115,18.4,28.7,25.6,21.0
2024-08-15 05:32:26.575,115,18.4,28.7,25.6,21.0
2024-08-15 06:02:26.180,115,18.4,28.6,25.6,21.0
2024-08-15 06:32:26.657,115,18.4,28.7,25.6,21.0
2024-08-15 07:02:26.634,115,18.4,28.7,25.6,21.0
2024-08-15 07:32:26.776,115,18.4,28.6,25.6,21.0
2024-08-15 08:02:26.761,115,18.3,28.6,25.6,21.0
2024-08-15 08:32:26.401,115,18.3,28.6,25.6,21.0
2024-08-15 09:02:26.880,115,18.3,28.6,25.6,21.0
2024-08-15 09:32:26.855,115,18.3,28.6,25.6,21.0
2024-08-15 10:02:26.479,115,18.3,28.6,25.6,21.0
2024-08-15 10:32:26.937,115,18.3,28.6,25.6,21.0
2024-08-15 11:02:26.952,115,18.3,28.6,25.6,21.0
2024-08-15 11:32:26.276,115,18.3,28.6,25.5,21.0
2024-08-15 12:02:26.958,115,18.3,28.6,25.5,21.0
2024-08-15 12:32:26.959,115,18.3,28.6,25.5,21.0
2024-08-15 13:02:26.968,115,18.4,28.6,25.5,21.0
2024-08-15 13:32:26.953,115,18.4,28.6,25.5,21.0
2024-08-15 14:02:26.963,115,18.4,28.6,25.5,21.0
2024-08-15 14:32:26.912,115,18.4,28.6,25.4,20.9
2024-08-15 15:02:26.281,115,18.4,28.6,25.4,20.9
2024-08-15 15:32:26.980,115,18.4,28.6,25.4,20.9
2024-08-15 16:02:27.006,115,18.4,28.6,25.5,20.9
2024-08-15 16:32:27.036,115,18.5,28.7,25.5,21.0
2024-08-15 17:02:27.044,115,19.7,29.4,28.9,21.8
2024-08-15 17:32:27.096,115,20.4,29.3,28.3,22.1
2024-08-15 18:02:27.113,115,20.9,29.3,28.1,22.0
2024-08-15 18:32:26.432,115,21.1,29.3,28.0,22.0
2024-08-15 19:02:27.454,115,21.2,29.3,27.9,22.0
2024-08-15 19:32:27.061,115,21.3,29.3,27.8,21.9
2024-08-15 20:02:27.139,115,21.4,29.3,27.8,21.9
2024-08-15 21:02:27.171,115,21.5,29.3,27.8,21.9
2024-08-15 21:32:26.768,115,21.6,29.3,27.7,21.9
2024-08-15 22:02:27.227,115,21.6,29.3,27.7,21.9
2024-08-15 22:32:27.191,115,21.6,29.2,27.7,21.9
2024-08-15 23:02:27.218,115,21.7,29.2,27.7,21.8
2024-08-15 23:32:26.848,115,21.7,29.2,27.6,21.9
2024-08-16 00:02:26.905,115,21.7,29.2,27.6,21.8
2024-08-16 00:32:27.377,115,21.8,29.2,27.6,21.8
2024-08-16 01:32:27.396,115,21.8,29.2,27.6,21.9
2024-08-16 02:02:27.448,115,21.9,29.2,27.6,21.8
2024-08-16 02:32:27.471,115,21.9,29.2,27.6,21.9
2024-08-16 03:02:27.493,115,21.9,29.1,27.6,21.9
2024-08-16 03:32:27.478,115,21.9,29.1,27.6,21.9
2024-08-16 04:02:27.592,115,22.0,29.1,27.6,21.9
2024-08-16 04:32:27.595,115,22.0,29.1,27.6,21.9
2024-08-16 05:32:27.710,115,37.4,45.6,47.5,43.1
2024-08-16 07:02:27.871,115,35.9,45.9,45.6,42.7
2024-08-16 10:32:27.990,115,34.8,44.7,42.6,35.6
2024-08-16 11:02:27.998,115,34.7,44.4,42.3,35.3
2024-08-16 11:32:27.992,115,34.6,44.1,42.0,34.9
2024-08-16 12:02:28.011,115,34.4,43.8,41.5,34.5
2024-08-16 12:32:27.750,115,34.3,43.5,41.2,34.1
2024-08-16 13:02:27.988,115,34.1,43.3,40.9,33.7
2024-08-16 13:32:27.984,115,34.0,43.1,40.6,33.3
2024-08-16 14:02:27.981,115,33.9,43.0,40.4,33.0
2024-08-16 14:32:27.979,115,33.8,42.8,40.2,32.6
2024-08-16 15:02:27.997,115,33.7,42.7,40.1,32.2
2024-08-16 15:32:27.968,115,33.6,42.6,39.9,31.9
2024-08-16 16:02:27.974,115,33.6,42.5,39.7,31.6
2024-08-16 16:32:27.963,115,33.5,42.5,39.6,31.4
2024-08-16 17:02:27.985,115,33.4,42.4,39.4,31.2
2024-08-16 17:32:27.214,115,33.3,42.3,39.3,31.0
2024-08-16 18:02:27.965,115,33.3,42.3,39.2,30.9
2024-08-16 18:32:27.942,115,33.3,42.3,39.1,30.8
2024-08-16 19:02:32.079,115,33.2,42.3,39.0,30.8
2024-08-16 19:32:27.892,115,33.1,42.3,39.0,30.8
2024-08-16 20:02:27.956,115,33.1,42.3,39.0,30.8
2024-08-16 20:32:27.960,115,33.1,42.3,38.9,30.9
2024-08-16 21:02:27.972,115,33.1,42.4,38.9,30.9
2024-08-16 21:32:27.980,115,33.1,42.4,38.9,30.9
2024-08-16 22:02:27.999,115,33.1,42.4,38.9,30.9
2024-08-16 22:32:28.037,115,33.0,42.4,39.0,31.0
2024-08-16 23:02:28.044,115,33.0,42.4,39.0,31.0
2024-08-16 23:32:27.597,115,33.0,42.5,39.0,31.0
2024-08-17 00:02:28.090,115,32.9,42.4,39.0,31.0
2024-08-17 00:32:27.405,115,48.3,48.7,47.1,39.3
2024-08-17 01:02:28.133,115,41.4,48.4,47.1,40.2
2024-08-17 01:32:27.483,115,39.2,48.2,47.1,40.1
2024-08-17 02:02:28.218,115,37.6,47.7,46.8,39.8
2024-08-17 02:32:28.188,115,36.8,47.2,46.6,39.4
2024-08-17 03:02:27.857,115,36.6,47.1,46.4,38.9
2024-08-17 03:32:28.362,115,36.4,47.0,46.3,38.6
2024-08-17 04:02:28.385,115,36.2,47.0,46.3,38.4
2024-08-17 04:32:28.509,115,36.1,47.0,46.3,38.3
2024-08-17 05:02:27.869,115,36.0,47.0,46.2,38.2
2024-08-17 05:32:28.650,115,35.9,47.0,46.2,38.1
2024-08-17 06:02:28.269,115,35.9,46.9,46.2,38.0
2024-08-17 06:32:28.075,115,35.8,46.9,46.2,38.0
2024-08-17 07:02:28.836,115,35.7,46.9,46.1,38.0
2024-08-17 07:32:28.443,115,35.6,46.9,45.8,38.0
2024-08-17 08:02:28.838,115,35.6,46.8,45.7,37.9
2024-08-17 08:32:28.882,115,35.6,46.7,45.6,37.8
2024-08-17 09:02:28.838,115,35.6,46.8,45.5,37.7
2024-08-17 09:32:28.893,115,35.5,46.6,45.2,37.5
2024-08-17 10:02:28.662,115,35.5,46.5,45.0,37.2
2024-08-17 10:32:28.887,115,35.4,46.3,44.8,36.9
2024-08-17 11:02:28.904,115,35.4,46.2,44.7,36.6
2024-08-17 11:32:28.823,115,35.3,46.1,44.5,36.3
2024-08-17 12:02:28.884,115,35.3,45.9,44.3,36.0
2024-08-17 12:32:28.871,115,35.2,45.8,44.1,35.8
2024-08-17 13:02:28.892,115,35.1,45.6,43.7,35.5
2024-08-17 13:32:28.808,115,35.1,45.5,43.2,35.3
2024-08-17 14:02:28.875,115,35.1,45.3,42.6,35.0
2024-08-17 14:32:28.863,115,35.0,45.2,42.3,34.7
2024-08-17 15:02:28.899,115,34.9,45.1,41.9,34.4
2024-08-17 15:32:28.855,115,34.9,44.9,41.6,34.2
2024-08-17 16:02:28.789,115,34.9,44.9,41.4,34.1
2024-08-17 16:32:28.856,115,34.8,44.8,41.2,33.9
2024-08-17 17:02:28.171,115,34.8,44.7,41.1,33.7
2024-08-17 17:32:28.406,115,34.9,44.7,41.0,33.7
2024-08-17 18:02:28.866,115,35.0,44.8,41.0,33.7
2024-08-17 18:32:28.777,115,35.0,44.8,41.0,33.8
2024-08-17 19:02:29.183,115,36.4,44.9,41.0,33.8
2024-08-17 19:32:28.797,115,37.4,45.3,41.0,33.8
2024-08-17 20:02:28.465,115,37.3,46.0,41.1,33.8
2024-08-17 20:32:28.938,115,37.2,46.2,41.1,33.9
2024-08-17 21:02:28.994,115,37.0,46.3,41.3,33.9
2024-08-17 21:32:29.001,115,36.8,46.3,41.4,33.9
2024-08-17 22:02:29.064,115,36.8,46.3,41.5,33.9
2024-08-17 22:32:29.100,115,36.6,46.3,41.6,34.0
2024-08-17 23:02:29.169,115,36.6,46.3,41.7,34.0
2024-08-17 23:32:29.137,115,37.1,46.5,41.8,34.0
2024-08-18 00:02:29.259,115,37.4,46.7,42.0,34.0
2024-08-18 00:32:28.645,115,37.3,46.8,42.5,34.0
2024-08-18 01:02:29.331,115,37.2,46.8,43.2,34.1
2024-08-18 01:32:29.455,115,37.1,46.9,43.5,34.1
2024-08-18 02:02:29.478,115,37.0,47.0,43.7,34.1
2024-08-18 02:32:28.909,115,36.9,47.1,43.8,34.1
2024-08-18 03:02:28.889,115,36.9,47.2,43.8,34.2
2024-08-18 03:32:29.716,115,36.8,47.3,43.9,34.2
2024-08-18 04:02:29.770,115,36.7,47.3,43.9,34.3
2024-08-18 04:32:29.853,115,36.7,47.3,44.0,34.3
2024-08-18 05:02:29.942,115,36.6,47.3,44.0,34.4
2024-08-18 05:32:29.996,115,36.5,47.3,44.1,34.5
2024-08-18 06:02:30.104,115,36.5,47.3,44.1,34.5
2024-08-18 06:32:30.148,115,36.4,47.3,44.2,34.5
2024-08-18 07:02:30.255,115,36.4,47.3,44.3,34.6
2024-08-18 07:32:29.583,115,36.3,47.2,44.3,34.7
2024-08-18 08:02:30.282,115,36.2,47.2,44.3,34.8
2024-08-18 08:32:30.287,115,36.2,47.2,44.3,34.8
2024-08-18 09:02:30.242,115,36.1,47.2,44.4,34.8
2024-08-18 09:32:29.853,115,36.1,47.2,44.4,34.9
2024-08-18 10:02:30.280,115,36.1,47.2,44.4,34.9
2024-08-18 10:32:30.230,115,36.0,47.1,44.4,34.9
2024-08-18 11:02:30.291,115,35.9,47.1,44.3,34.8
2024-08-18 11:32:30.270,115,35.9,47.0,44.2,34.7
2024-08-18 12:02:30.260,115,35.8,46.8,44.0,34.5
2024-08-18 13:02:30.239,115,35.6,46.6,43.6,34.2
2024-08-18 13:32:30.278,115,35.6,46.4,43.3,34.0
2024-08-18 14:02:30.196,115,35.5,46.2,43.0,33.9
2024-08-18 14:32:30.261,115,35.4,46.0,42.6,33.7
2024-08-18 15:02:30.259,115,35.3,45.9,42.3,33.5
2024-08-18 16:02:30.229,115,35.1,45.6,41.9,33.4
2024-08-18 16:32:29.807,115,35.1,45.6,41.8,33.4
2024-08-18 17:02:30.230,115,35.1,45.5,41.7,33.4
2024-08-18 17:32:30.250,115,35.1,45.5,41.6,33.4
2024-08-18 18:02:30.197,115,35.1,45.5,41.6,33.4
2024-08-18 18:32:30.242,115,35.0,45.4,41.6,33.5
2024-08-18 19:32:30.249,115,35.0,45.5,41.5,33.5
2024-08-18 20:02:29.537,115,35.0,45.5,41.5,33.5
2024-08-18 20:32:30.317,115,35.0,45.4,41.5,33.6
2024-08-18 21:02:30.409,115,35.0,45.4,41.5,33.6
2024-08-18 21:32:30.405,115,34.9,45.5,41.5,33.6
2024-08-18 22:02:30.435,115,34.9,45.4,41.5,33.6
2024-08-18 22:32:30.475,115,34.9,45.5,41.5,33.7
2024-08-18 23:02:30.551,115,34.9,45.5,41.5,33.7
2024-08-18 23:32:30.650,115,34.9,45.5,41.5,33.7
2024-08-19 00:02:30.730,115,34.9,45.5,41.6,33.7
2024-08-19 00:32:30.749,115,34.8,45.5,41.6,33.7
2024-08-19 01:02:30.216,115,34.8,45.5,41.5,33.7
2024-08-19 01:32:30.983,115,34.8,45.5,41.6,33.7
2024-08-19 02:02:31.087,115,34.8,45.5,41.6,33.7
2024-08-19 02:32:30.718,115,34.7,45.4,41.6,33.7
2024-08-19 03:02:31.178,115,34.7,45.5,41.6,33.8
2024-08-19 03:32:31.376,115,34.7,45.4,41.6,33.8
2024-08-19 04:02:31.415,115,34.6,45.4,41.6,33.8
2024-08-19 04:32:31.578,115,34.6,45.4,41.6,33.8
2024-08-19 05:02:31.719,115,34.6,45.3,41.6,33.8
2024-08-19 05:32:31.766,115,34.6,45.3,41.6,33.8
2024-08-19 06:02:31.914,115,34.6,45.3,41.6,33.8
2024-08-19 06:32:32.023,115,34.5,45.3,41.6,33.8
2024-08-19 07:02:32.087,115,34.5,45.3,41.5,33.8
2024-08-19 07:32:32.240,115,34.5,45.3,41.5,33.8
2024-08-19 08:02:32.318,115,34.5,45.3,41.6,33.8
2024-08-19 09:02:31.825,115,34.4,45.2,41.5,33.8
2024-08-19 10:02:32.298,115,34.4,45.2,41.5,33.8
2024-08-19 10:32:32.324,115,34.4,45.1,41.5,33.8
2024-08-19 11:02:32.328,115,34.3,45.1,41.4,33.7
2024-08-19 11:32:32.312,115,34.3,44.9,41.3,33.6
2024-08-19 12:02:32.323,115,34.2,44.9,41.2,33.4
2024-08-19 13:02:32.293,115,34.1,44.7,41.0,33.2
2024-08-19 13:32:32.307,115,34.0,44.6,40.9,33.1
2024-08-19 14:02:31.852,115,33.9,44.6,40.8,33.0
2024-08-19 15:02:32.288,115,33.8,44.4,40.6,32.7
2024-08-19 15:32:32.306,115,33.7,44.4,40.5,32.6
2024-08-19 16:02:32.281,115,33.6,44.4,40.5,32.5
2024-08-19 16:32:32.247,115,33.5,44.3,40.4,32.4
2024-08-19 17:02:32.279,115,33.5,44.3,40.4,32.4
2024-08-19 17:32:32.303,115,33.4,44.3,40.3,32.3
2024-08-19 18:02:32.226,115,33.3,44.2,40.3,32.3
2024-08-19 18:32:32.253,115,33.3,44.2,40.3,32.3
2024-08-19 19:02:32.747,115,33.2,44.2,40.4,32.3
2024-08-19 19:32:32.335,115,33.2,44.2,40.4,32.4
2024-08-19 21:02:32.574,115,33.1,44.3,40.5,32.5
2024-08-19 21:32:32.717,115,33.1,44.3,40.5,32.5
2024-08-19 22:02:32.857,115,33.0,44.3,40.5,32.6
2024-08-19 22:32:32.998,115,33.0,44.3,40.5,32.6
2024-08-19 23:02:33.103,115,33.0,44.3,40.6,32.6
2024-08-19 23:32:33.301,115,32.9,44.3,40.6,32.7
2024-08-20 00:02:33.014,115,32.9,44.3,40.6,32.7
2024-08-20 00:32:33.616,115,32.9,44.2,40.6,32.7
2024-08-20 01:02:33.786,115,32.8,44.3,40.6,32.7
2024-08-20 01:32:33.895,115,32.8,44.3,40.6,32.7
2024-08-20 02:02:34.063,115,32.8,44.2,40.6,32.7
2024-08-20 02:32:34.301,115,32.8,44.2,40.6,32.7
2024-08-20 03:02:34.421,115,32.8,44.2,40.7,32.8
2024-08-20 03:32:34.682,115,32.7,44.2,40.7,32.8
2024-08-20 04:02:34.887,115,32.7,44.2,40.7,32.8
2024-08-20 04:32:35.097,115,32.7,44.2,40.7,32.8
2024-08-20 05:02:35.253,115,32.6,44.2,40.7,32.8
2024-08-20 05:32:35.524,115,32.6,44.2,40.7,32.8
2024-08-20 06:02:35.776,115,32.6,44.1,40.7,32.8
2024-08-20 06:32:35.992,115,32.5,44.1,40.7,32.8
2024-08-20 07:32:36.427,115,32.4,44.1,40.7,32.8
2024-08-20 08:02:36.511,115,32.4,44.0,40.7,32.8
2024-08-20 08:32:36.587,115,32.4,44.0,40.7,32.8
2024-08-20 09:02:36.601,115,32.4,44.0,40.7,32.9
2024-08-20 09:32:36.592,115,32.4,44.0,40.7,32.9
2024-08-20 10:32:36.561,115,32.3,43.9,40.6,32.8
2024-08-20 11:02:36.571,115,32.3,43.9,40.5,32.7
2024-08-20 11:32:36.128,115,32.3,43.9,40.5,32.6
2024-08-20 12:02:36.494,115,32.2,43.8,40.4,32.5
2024-08-20 12:32:36.537,115,32.1,43.7,40.3,32.3
2024-08-20 13:02:36.549,115,32.1,43.7,40.2,32.2
2024-08-20 13:32:36.564,115,32.0,43.7,40.1,32.1
2024-08-20 14:02:36.560,115,32.0,43.6,40.1,32.0
2024-08-20 14:32:36.557,115,31.9,43.6,40.0,31.9
2024-08-20 15:02:36.543,115,31.9,43.5,39.9,31.8
2024-08-20 15:32:36.554,115,31.8,43.5,39.9,31.8
2024-08-20 16:02:36.499,115,31.7,43.5,39.8,31.7
2024-08-20 16:32:36.538,115,31.7,43.5,39.8,31.7
2024-08-20 17:02:36.524,115,31.7,43.5,39.8,31.6
2024-08-20 17:32:36.466,115,31.6,43.5,39.7,31.6
2024-08-20 18:02:36.558,115,31.5,43.4,39.8,31.6
2024-08-20 18:32:36.497,115,31.5,43.5,39.8,31.6
2024-08-20 19:02:37.226,115,31.5,43.5,39.8,31.6
2024-08-20 19:32:36.147,115,31.4,43.5,39.8,31.7
2024-08-20 20:02:35.941,115,31.4,43.5,39.8,31.7
2024-08-20 20:32:36.044,115,31.4,43.5,39.9,31.7
2024-08-20 21:02:36.910,115,31.4,43.5,39.9,31.8
2024-08-20 21:32:37.011,115,31.4,43.6,39.9,31.8
2024-08-20 22:02:37.155,115,31.4,43.6,39.9,31.8
2024-08-20 22:32:37.345,115,31.3,43.6,40.0,31.9
2024-08-20 23:02:37.039,115,31.3,43.6,40.0,31.9
2024-08-20 23:32:36.994,115,31.3,43.6,40.0,31.9
2024-08-21 00:02:37.861,115,31.3,43.6,40.0,31.9
2024-08-21 00:32:37.649,115,31.2,43.6,40.0,31.9
2024-08-21 01:02:38.329,115,31.2,43.6,40.0,32.0
2024-08-21 01:32:38.542,115,31.1,43.6,40.0,32.0
2024-08-21 02:02:38.563,115,31.1,43.5,40.1,32.0
2024-08-21 02:32:39.029,115,31.1,43.5,40.1,32.0
2024-08-21 03:02:39.301,115,31.0,43.5,40.1,32.0
2024-08-21 03:32:39.526,115,31.0,43.5,40.1,32.0
2024-08-21 04:02:39.838,115,31.0,43.5,40.1,32.0
2024-08-21 05:02:40.329,115,30.9,43.5,40.1,32.0
2024-08-21 05:32:40.595,115,30.8,43.4,40.1,32.0
2024-08-21 06:02:40.877,115,30.8,43.4,40.1,32.0
2024-08-21 06:32:41.153,115,30.8,43.4,40.1,32.0
2024-08-21 07:02:41.450,115,30.7,43.4,40.1,32.0
2024-08-21 07:32:41.711,115,30.7,43.4,40.1,32.0
2024-08-21 08:02:41.813,115,30.7,43.3,40.1,32.0
2024-08-21 08:32:41.846,115,30.7,43.3,40.1,32.0
2024-08-21 09:02:41.856,115,30.7,43.3,40.1,32.1
2024-08-21 09:32:41.834,115,30.6,43.3,40.1,32.0
2024-08-21 10:02:41.132,115,30.6,43.3,40.1,32.0
2024-08-21 10:32:41.839,115,30.7,43.3,40.0,32.0
2024-08-21 11:02:41.826,115,30.6,43.2,40.0,32.0
2024-08-21 11:32:41.824,115,30.6,43.2,39.9,31.8
2024-08-21 12:02:41.841,115,30.6,43.1,39.8,31.7
2024-08-21 12:32:41.753,115,30.5,43.1,39.8,31.6
2024-08-21 13:02:41.820,115,30.5,43.0,39.7,31.4
2024-08-21 13:32:41.806,115,30.4,43.0,39.6,31.4
2024-08-21 14:02:41.798,115,30.3,42.9,39.5,31.2
2024-08-21 14:32:41.806,115,30.3,42.9,39.4,31.2
2024-08-21 15:02:41.807,115,30.2,42.9,39.4,31.1
2024-08-21 15:32:41.793,115,30.2,42.8,39.3,31.0
2024-08-21 16:02:41.827,115,30.1,42.8,39.2,30.9
2024-08-21 16:32:41.792,115,30.0,42.8,39.2,30.9
2024-08-21 17:02:41.799,115,30.0,42.8,39.2,30.9
2024-08-21 17:32:41.102,115,29.9,42.8,39.1,30.8
2024-08-21 18:02:41.786,115,29.9,42.8,39.1,30.8
2024-08-21 18:32:41.803,115,29.8,42.8,39.2,30.8
2024-08-21 19:02:41.774,115,29.8,42.8,39.2,30.9
2024-08-21 19:32:41.773,115,29.8,42.8,39.2,30.9
2024-08-21 20:02:41.868,115,29.8,42.9,39.2,31.0
2024-08-21 20:32:41.973,115,29.7,42.9,39.2,31.0
2024-08-21 21:02:41.687,115,29.8,42.9,39.3,31.0
2024-08-21 21:32:42.265,115,29.7,42.9,39.3,31.0
2024-08-21 22:02:42.454,115,29.7,43.0,39.3,31.1
2024-08-21 22:32:42.669,115,29.7,42.9,39.4,31.1
2024-08-21 23:02:42.862,115,29.6,43.0,39.4,31.2
2024-08-21 23:32:43.055,115,29.6,43.0,39.4,31.2
2024-08-22 00:02:43.296,115,29.5,43.0,39.4,31.2
2024-08-22 00:32:43.447,115,29.5,43.0,39.4,31.2
2024-08-22 01:02:43.764,115,29.5,43.0,39.4,31.2
2024-08-22 01:32:43.991,115,29.4,42.9,39.4,31.2
2024-08-22 02:02:44.180,115,29.4,43.0,39.4,31.2
2024-08-22 02:32:44.475,115,29.3,42.9,39.5,31.2
2024-08-22 03:02:44.760,115,29.3,42.9,39.5,31.2
2024-08-22 03:32:44.230,115,29.3,42.9,39.5,31.2
2024-08-22 04:02:44.568,115,29.2,42.9,39.5,31.3
2024-08-22 05:02:45.810,115,29.2,42.8,39.5,31.3
2024-08-22 05:32:46.098,115,29.1,42.8,39.5,31.3
2024-08-22 06:02:46.329,115,29.1,42.8,39.5,31.3
2024-08-22 06:32:46.698,115,29.1,42.8,39.5,31.3
2024-08-22 07:02:46.993,115,29.0,42.8,39.5,31.3
2024-08-22 07:32:47.288,115,29.0,42.8,39.5,31.3
2024-08-22 08:02:47.448,115,29.0,42.8,39.5,31.3
2024-08-22 08:32:46.867,115,29.0,42.7,39.5,31.3
2024-08-22 09:02:47.575,115,29.0,42.7,39.5,31.3
2024-08-22 09:32:47.577,115,29.0,42.7,39.5,31.3
2024-08-22 10:32:47.532,115,29.0,42.7,39.5,31.3
2024-08-22 11:02:47.504,115,29.0,42.6,39.4,31.2
2024-08-22 11:32:47.549,115,29.0,42.6,39.4,31.1
2024-08-22 12:02:47.116,115,28.9,42.6,39.3,31.0
2024-08-22 12:32:46.861,115,28.9,42.5,39.2,30.9
2024-08-22 13:02:47.551,115,28.8,42.4,39.1,30.7
2024-08-22 13:32:47.569,115,28.8,42.4,39.0,30.6
2024-08-22 14:02:46.859,115,28.8,42.4,38.9,30.5
2024-08-22 14:32:47.483,115,28.7,42.3,38.8,30.4
2024-08-22 15:02:47.545,115,28.7,42.3,38.7,30.3
2024-08-22 15:32:47.536,115,28.7,42.2,38.6,30.3
2024-08-22 16:02:47.540,115,28.6,42.2,38.6,30.2
2024-08-22 16:32:47.521,115,28.6,42.2,38.5,30.2
2024-08-22 17:02:47.079,115,28.5,42.1,38.5,30.1
2024-08-22 17:32:47.499,115,28.5,42.1,38.4,30.1
2024-08-22 18:02:46.793,115,28.4,42.1,38.4,30.1
2024-08-22 18:32:47.512,115,28.4,42.1,38.4,30.1
2024-08-22 19:02:47.735,115,28.4,42.2,38.5,30.1
2024-08-22 19:32:47.513,115,28.4,42.2,38.5,30.2
2024-08-22 20:32:47.543,115,28.4,42.3,38.6,30.2
2024-08-22 21:02:47.277,115,28.4,42.3,38.6,30.3
2024-08-22 22:02:47.922,115,28.3,42.3,38.7,30.3
2024-08-22 22:32:48.190,115,28.3,42.3,38.7,30.4
2024-08-22 23:02:48.281,115,28.2,42.3,38.7,30.4
2024-08-22 23:32:48.518,115,28.2,42.4,38.8,30.4
2024-08-23 00:02:48.739,115,28.2,42.4,38.8,30.4
2024-08-23 00:32:48.934,115,28.1,42.4,38.8,30.4
2024-08-23 01:02:48.420,115,28.1,42.3,38.8,30.4
2024-08-23 01:32:48.612,115,28.0,42.3,38.9,30.5
2024-08-23 02:02:49.553,115,28.0,42.3,38.9,30.5
2024-08-23 02:32:48.953,115,28.0,42.3,38.9,30.5
2024-08-23 03:02:49.916,115,28.0,42.3,38.9,30.5
2024-08-23 03:32:50.195,115,27.9,42.3,38.9,30.5
2024-08-23 04:02:50.449,115,27.9,42.3,38.9,30.5
2024-08-23 04:32:50.711,115,27.8,42.3,38.9,30.5
2024-08-23 05:02:50.983,115,27.8,42.3,38.9,30.6
2024-08-23 05:32:51.242,115,27.8,42.2,38.9,30.6
2024-08-23 06:02:51.521,115,27.8,42.2,38.9,30.6
2024-08-23 06:32:51.717,115,27.7,42.2,38.9,30.6
2024-08-23 07:02:51.602,115,27.7,42.2,39.0,30.6
2024-08-23 07:32:51.612,115,27.6,42.1,38.9,30.6
2024-08-23 08:02:52.416,115,27.6,42.1,39.0,30.6
2024-08-23 08:32:52.476,115,27.6,42.1,39.0,30.6
2024-08-23 09:02:52.427,115,27.6,42.1,38.9,30.6
2024-08-23 09:32:52.459,115,27.6,42.1,38.9,30.6
2024-08-23 10:02:52.454,115,27.6,42.1,38.9,30.6
2024-08-23 10:32:52.478,115,27.6,42.1,38.9,30.5
2024-08-23 11:02:52.457,115,27.6,42.0,38.8,30.4
2024-08-23 11:32:52.428,115,27.5,41.9,38.7,30.3
2024-08-23 12:02:52.437,115,27.5,41.9,38.6,30.2
2024-08-23 12:32:52.419,115,27.5,41.8,38.5,30.1
2024-08-23 13:02:52.424,115,27.5,41.7,38.4,29.9
2024-08-23 13:32:52.422,115,27.4,41.7,38.3,29.8
2024-08-23 14:02:51.728,115,27.4,41.6,38.2,29.7
2024-08-23 15:02:52.412,115,27.4,41.5,38.0,29.5
2024-08-23 15:32:52.441,115,27.3,41.4,37.9,29.5
2024-08-23 16:02:52.428,115,27.3,41.4,37.8,29.4
2024-08-23 16:32:52.395,115,27.3,41.4,37.7,29.3
2024-08-23 17:02:52.403,115,27.2,41.3,37.7,29.3
2024-08-23 17:32:52.407,115,27.2,41.3,37.7,29.3
2024-08-23 18:02:52.386,115,27.1,41.3,37.7,29.2
2024-08-23 18:32:52.399,115,27.1,41.2,37.7,29.2
2024-08-23 19:32:52.402,115,27.1,41.3,37.7,29.3
2024-08-23 20:02:52.385,115,27.1,41.3,37.7,29.4
2024-08-23 20:32:51.724,115,27.1,41.4,37.8,29.4
2024-08-23 21:02:51.848,115,27.1,41.4,37.9,29.4
2024-08-23 21:32:52.606,115,27.0,41.4,37.9,29.5
2024-08-23 22:02:52.666,115,27.0,41.5,37.9,29.5
2024-08-23 22:32:52.854,115,27.0,41.5,38.0,29.5
2024-08-23 23:02:52.994,115,27.0,41.5,38.0,29.6
2024-08-23 23:32:52.685,115,26.9,41.5,38.0,29.6
2024-08-24 00:02:52.832,115,26.9,41.5,38.1,29.6
2024-08-24 00:32:53.395,115,26.9,41.5,38.1,29.7
2024-08-24 01:02:53.473,115,26.8,41.5,38.1,29.7
2024-08-24 02:02:53.775,115,26.8,41.5,38.1,29.7
2024-08-24 02:32:53.914,115,26.8,41.5,38.1,29.7
2024-08-24 03:02:54.056,115,26.7,41.5,38.2,29.7
2024-08-24 03:32:54.169,115,26.7,41.5,38.2,29.7
2024-08-24 04:02:54.281,115,26.7,41.5,38.2,29.7
2024-08-24 04:32:54.399,115,26.7,41.5,38.2,29.8
2024-08-24 05:02:54.520,115,26.7,41.5,38.2,29.8
2024-08-24 05:32:53.928,115,26.6,41.4,38.2,29.8
2024-08-24 06:02:54.055,115,26.6,41.4,38.2,29.8
2024-08-24 06:32:54.869,115,26.6,41.4,38.2,29.8
2024-08-24 07:02:55.005,115,26.6,41.4,38.3,29.8
2024-08-24 07:32:55.123,115,26.6,41.4,38.3,29.8
2024-08-24 08:02:55.166,115,26.6,41.4,38.3,29.9
2024-08-24 08:32:55.164,115,26.6,41.4,38.3,29.9
2024-08-24 09:02:55.174,115,26.6,41.4,38.3,29.9
2024-08-24 09:32:55.164,115,26.6,41.4,38.3,29.9
2024-08-24 10:02:55.158,115,26.5,41.4,38.2,29.8
2024-08-24 10:32:55.152,115,26.5,41.3,38.2,29.7
2024-08-24 11:02:55.162,115,26.5,41.2,38.1,29.6
2024-08-24 11:32:55.157,115,26.5,41.2,38.0,29.5
2024-08-24 12:02:55.144,115,26.5,41.1,37.8,29.3
2024-08-24 12:32:55.144,115,26.4,40.9,37.7,29.2
2024-08-24 13:02:55.094,115,26.4,40.8,37.6,29.1
2024-08-24 13:32:55.186,115,26.4,40.7,37.5,29.0
2024-08-24 14:02:55.142,115,26.3,40.6,37.3,28.9
2024-08-24 14:32:54.696,115,26.3,40.5,37.2,28.7
2024-08-24 15:02:55.163,115,26.2,40.4,37.1,28.6
2024-08-24 15:32:55.152,115,26.1,40.3,37.0,28.5
2024-08-24 16:02:55.152,115,26.1,40.2,36.9,28.4
2024-08-24 16:32:55.137,115,26.0,40.2,36.8,28.4
2024-08-24 17:02:55.131,115,26.0,40.1,36.8,28.3
2024-08-24 17:32:55.133,115,25.9,40.1,36.8,28.4
2024-08-24 18:02:55.126,115,25.9,40.0,36.8,28.3
2024-08-24 18:32:55.117,115,25.9,40.1,36.8,28.3
2024-08-24 19:02:55.541,115,25.8,40.1,36.8,28.4
2024-08-24 19:32:55.117,115,25.8,40.1,36.8,28.4
2024-08-24 20:02:55.128,115,25.8,40.2,36.9,28.5
2024-08-24 20:32:55.143,115,25.8,40.2,37.0,28.6
2024-08-24 21:02:55.179,115,25.8,40.3,37.0,28.6
2024-08-24 21:32:54.412,115,26.0,40.3,37.1,28.7
2024-08-24 22:02:54.470,115,26.2,40.4,37.1,28.7
2024-08-24 22:32:55.213,115,26.1,40.4,37.2,28.7
2024-08-24 23:02:55.175,115,26.1,40.4,37.2,28.8
2024-08-24 23:32:55.280,115,26.2,40.5,37.3,28.8
2024-08-25 00:02:55.362,115,26.1,40.4,37.3,28.8
2024-08-25 00:32:55.281,115,26.1,40.5,37.3,28.9
2024-08-25 01:02:55.352,115,26.1,40.5,37.3,28.9
2024-08-25 01:32:55.427,115,25.6,40.5,37.4,28.9
2024-08-25 02:02:55.432,115,25.6,40.5,37.4,28.9
2024-08-25 02:32:55.477,115,25.5,40.5,37.5,28.9
2024-08-25 03:02:55.593,115,25.5,40.5,37.5,28.9
2024-08-25 03:32:55.663,115,25.5,40.5,37.5,29.0
2024-08-25 04:02:55.695,115,25.5,40.5,37.5,29.0
2024-08-25 04:32:55.803,115,25.4,40.5,37.5,29.0
2024-08-25 05:02:55.186,115,25.4,40.5,37.6,29.0
2024-08-25 05:32:55.938,115,25.4,40.5,37.6,29.1
2024-08-25 06:02:55.299,115,25.4,40.5,37.6,29.1
2024-08-25 06:32:56.068,115,25.3,40.5,37.6,29.1
2024-08-25 07:02:56.136,115,25.3,40.5,37.6,29.1
2024-08-25 08:02:56.199,115,25.3,40.5,37.7,29.1
2024-08-25 08:32:56.136,115,25.2,40.5,37.7,29.1
2024-08-25 09:02:56.214,115,25.3,40.5,37.7,29.2
2024-08-25 09:32:56.203,115,25.2,40.4,37.7,29.1
2024-08-25 10:02:56.188,115,25.2,40.4,37.6,29.1
2024-08-25 10:32:56.204,115,25.2,40.3,37.5,29.0
2024-08-25 11:02:56.121,115,25.1,40.2,37.4,28.9
2024-08-25 11:32:56.195,115,25.1,40.0,37.3,28.7
2024-08-25 12:02:56.187,115,25.0,39.9,37.1,28.5
2024-08-25 12:32:56.196,115,24.9,39.7,37.0,28.4
2024-08-25 13:02:56.198,115,24.8,39.5,36.8,28.3
2024-08-25 13:32:56.188,115,24.7,39.4,36.7,28.1
2024-08-25 14:02:56.194,115,24.6,39.2,36.5,28.0
2024-08-25 14:32:56.190,115,24.6,39.0,36.4,27.9
2024-08-25 15:02:56.178,115,24.5,38.8,36.3,27.8
2024-08-25 15:32:56.180,115,24.4,38.7,36.2,27.7
2024-08-25 16:02:55.727,115,24.3,38.6,36.0,27.6
2024-08-25 16:32:55.744,115,24.2,38.5,36.0,27.6
2024-08-25 17:02:56.214,115,24.2,38.4,35.9,27.5
2024-08-25 17:32:56.167,115,24.1,38.3,35.8,27.4
2024-08-25 18:02:56.182,115,24.0,38.2,35.8,27.4
2024-08-25 18:32:56.094,115,24.0,38.2,35.8,27.4
2024-08-25 19:02:56.251,115,24.0,38.2,35.8,27.5
2024-08-25 19:32:56.161,115,24.0,38.2,35.9,27.5
2024-08-25 20:02:56.163,115,24.0,38.2,36.0,27.6
2024-08-25 20:32:56.167,115,23.9,38.3,36.0,27.7
2024-08-25 21:02:56.129,115,23.9,38.3,36.1,27.7
2024-08-25 21:32:56.190,115,23.9,38.4,36.1,27.8
2024-08-25 22:02:56.191,115,23.8,38.4,36.2,27.8
2024-08-25 22:32:56.214,115,23.8,38.4,36.2,27.9
2024-08-25 23:32:56.168,115,23.7,38.4,36.3,27.9
2024-08-26 00:02:56.247,115,23.7,38.4,36.4,28.0
2024-08-26 00:32:56.320,115,23.7,38.4,36.4,28.0
2024-08-26 01:02:56.370,115,23.7,38.4,36.5,28.0
2024-08-26 01:32:56.381,115,23.7,38.4,36.5,28.0
2024-08-26 02:02:56.334,115,23.7,38.4,36.5,28.1
2024-08-26 02:32:56.401,115,23.6,38.4,36.5,28.1
2024-08-26 03:02:56.434,115,23.6,38.4,36.5,28.1
2024-08-26 03:32:56.470,115,23.6,38.4,36.6,28.1
2024-08-26 04:02:56.507,115,23.6,38.4,36.6,28.1
2024-08-26 04:32:56.441,115,23.5,38.4,36.6,28.1
2024-08-26 05:02:56.528,115,23.5,38.4,36.6,28.2
2024-08-26 05:32:56.096,115,23.5,38.4,36.6,28.2
2024-08-26 06:02:55.793,115,23.5,38.4,36.6,28.2
2024-08-26 06:32:56.610,115,23.5,38.4,36.6,28.2
2024-08-26 07:02:56.648,115,23.5,38.4,36.6,28.2
2024-08-26 07:32:55.953,115,23.4,38.3,36.6,28.2
2024-08-26 08:02:56.671,115,23.4,38.3,36.6,28.2
2024-08-26 08:32:56.664,115,23.4,38.3,36.6,28.2
2024-08-26 09:02:56.651,115,23.4,38.2,36.6,28.2
2024-08-26 09:32:56.650,115,23.3,38.1,36.5,28.1
2024-08-26 10:02:56.653,115,23.3,38.1,36.4,28.0
2024-08-26 10:32:56.586,115,23.2,37.9,36.3,27.9
2024-08-26 11:32:56.616,115,23.1,37.7,36.1,27.7
2024-08-26 12:02:56.194,115,23.1,37.6,35.9,27.5
2024-08-26 12:32:56.656,115,23.0,37.4,35.8,27.4
2024-08-26 13:02:56.649,115,23.0,37.3,35.6,27.2
2024-08-26 13:32:56.614,115,22.9,37.1,35.5,27.1
2024-08-26 14:02:56.635,115,22.9,37.0,35.3,27.1
2024-08-26 14:32:56.626,115,22.8,36.9,35.2,27.0
2024-08-26 15:02:56.567,115,22.8,36.8,35.1,26.8
2024-08-26 15:32:56.654,115,22.8,36.7,34.9,26.7
2024-08-26 16:02:56.157,115,22.7,36.6,34.8,26.6
2024-08-26 16:32:56.645,115,22.6,36.5,34.7,26.6
2024-08-26 17:02:56.650,115,22.5,36.4,34.6,26.5
2024-08-26 17:32:56.610,115,22.5,36.3,34.6,26.5
2024-08-26 18:02:56.633,115,22.5,36.3,34.5,26.5
2024-08-26 18:32:56.634,115,22.5,36.3,34.5,26.5
2024-08-26 19:02:56.345,115,22.5,36.3,34.6,26.5
2024-08-26 19:32:56.631,115,22.4,36.3,34.6,26.5
2024-08-26 20:02:56.594,115,22.4,36.3,34.6,26.6
2024-08-26 20:32:56.606,115,22.4,36.3,34.7,26.6
2024-08-26 21:02:56.646,115,22.4,36.4,34.7,26.7
2024-08-26 21:32:56.615,115,22.4,36.4,34.8,26.8
2024-08-26 22:02:56.618,115,22.3,36.4,34.9,26.8
2024-08-26 22:32:55.934,115,22.3,36.4,34.9,26.8
2024-08-26 23:02:56.623,115,22.3,36.4,34.9,26.9
2024-08-26 23:32:56.656,115,22.3,36.5,35.0,26.9
2024-08-27 00:02:56.688,115,22.3,36.5,35.0,26.9
2024-08-27 00:32:55.980,115,22.2,36.4,35.1,27.0
2024-08-27 01:02:56.732,115,22.2,36.5,35.1,27.0
2024-08-27 01:32:56.748,115,22.2,36.5,35.1,27.0
2024-08-27 02:02:56.686,115,22.2,36.5,35.2,27.1
2024-08-27 03:02:56.709,115,22.1,36.4,35.2,27.1
2024-08-27 03:32:56.818,115,22.1,36.4,35.2,27.1
2024-08-27 04:02:56.387,115,22.1,36.4,35.3,27.1
2024-08-27 04:32:56.803,115,22.1,36.4,35.3,27.2
2024-08-27 05:02:56.884,115,22.0,36.4,35.3,27.2
2024-08-27 05:32:56.944,115,22.0,36.4,35.3,27.2
2024-08-27 06:02:56.962,115,22.0,36.4,35.3,27.2
2024-08-27 06:32:56.982,115,22.0,36.4,35.3,27.2
2024-08-27 07:02:56.306,115,22.0,36.4,35.3,27.2
2024-08-27 07:32:57.020,115,22.0,36.4,35.3,27.2
2024-08-27 08:02:57.013,115,22.0,36.3,35.4,27.3
2024-08-27 08:32:56.597,115,22.0,36.3,35.3,27.2
2024-08-27 09:02:57.025,115,22.0,36.3,35.3,27.2
2024-08-27 09:32:56.983,115,22.0,36.2,35.2,27.2
2024-08-27 10:02:57.039,115,21.9,36.2,35.2,27.1
2024-08-27 10:32:57.037,115,21.9,36.1,35.1,27.0
2024-08-27 11:02:57.047,115,21.9,36.0,35.0,26.9
2024-08-27 11:32:57.036,115,21.9,35.9,34.8,26.8
2024-08-27 12:02:57.032,115,21.9,35.8,34.7,26.6
2024-08-27 12:32:57.030,115,21.9,35.8,34.5,26.5
2024-08-27 13:02:57.021,115,21.8,35.7,34.4,26.4
2024-08-27 13:32:57.040,115,21.9,35.6,34.3,26.3
2024-08-27 14:02:56.590,115,21.8,36.1,34.8,26.2
2024-08-27 14:32:57.040,115,21.6,36.6,35.3,26.1
2024-08-27 15:02:57.039,115,21.7,36.8,35.9,26.0
2024-08-27 15:32:57.042,115,21.5,37.0,36.2,25.9
2024-08-27 16:02:57.031,115,21.5,37.0,36.5,25.8
2024-08-27 16:32:57.035,115,21.4,37.0,36.5,25.7
2024-08-27 17:02:56.988,115,21.4,36.9,36.4,25.6
2024-08-27 17:32:56.573,115,21.3,36.8,36.2,25.6
2024-08-27 18:02:57.019,115,21.3,36.8,35.9,25.6
2024-08-27 18:32:57.015,115,21.3,36.7,35.6,25.6
2024-08-27 19:02:57.133,115,21.3,36.7,35.4,25.6
2024-08-27 19:32:57.037,115,21.2,36.7,35.3,25.7
2024-08-27 20:02:57.037,115,21.2,36.7,35.2,25.7
2024-08-27 20:32:57.019,115,21.2,36.7,35.1,25.8
2024-08-27 21:02:57.069,115,21.2,36.7,35.1,25.8
2024-08-27 21:32:57.028,115,21.2,36.7,35.1,25.9
2024-08-27 22:02:56.587,115,21.2,36.7,35.1,25.9
2024-08-27 22:32:57.036,115,21.2,36.7,35.1,26.0
2024-08-27 23:02:57.042,115,21.1,36.7,35.1,26.0
2024-08-27 23:32:57.052,115,21.1,36.7,35.1,26.0
2024-08-28 00:32:57.030,115,21.0,36.6,35.2,26.1
2024-08-28 01:02:57.078,115,20.9,36.6,35.2,26.1
2024-08-28 01:32:57.116,115,21.0,36.6,35.2,26.1
2024-08-28 02:02:57.151,115,22.0,36.9,35.3,26.2
2024-08-28 02:32:57.183,115,22.1,37.0,35.2,26.2
2024-08-28 03:02:57.140,115,22.1,37.0,35.3,26.2
2024-08-28 03:32:57.250,115,22.1,37.0,35.3,26.2
2024-08-28 04:02:57.307,115,22.1,37.0,35.3,26.3
2024-08-28 04:32:57.334,115,22.1,37.0,35.3,26.3
2024-08-28 05:02:57.487,115,22.1,37.0,35.3,26.3
2024-08-28 05:32:57.620,115,22.1,37.0,35.4,26.3
2024-08-28 06:02:57.319,115,22.0,36.9,35.4,26.4
2024-08-28 06:32:57.880,115,22.1,37.0,35.4,26.4
2024-08-28 07:02:57.940,115,22.0,36.9,35.4,26.4
2024-08-28 07:32:57.999,115,22.0,36.9,35.4,26.4
2024-08-28 08:02:58.057,115,22.0,36.9,35.4,26.4
2024-08-28 08:32:57.412,115,22.0,36.9,35.4,26.4
2024-08-28 09:02:58.201,115,22.0,36.9,35.4,26.4
2024-08-28 09:32:57.591,115,21.9,36.9,35.5,26.5
2024-08-28 10:02:58.387,115,22.0,36.9,35.4,26.5
2024-08-28 10:32:58.403,115,22.0,36.9,35.4,26.5
2024-08-28 11:02:58.432,115,22.0,36.8,35.4,26.5
2024-08-28 11:32:58.405,115,21.9,36.8,35.3,26.4
2024-08-28 12:02:58.416,115,21.9,36.7,35.2,26.3
2024-08-28 12:32:58.421,115,21.9,36.7,35.0,26.2
2024-08-28 13:02:58.414,115,22.0,36.6,34.9,26.1
2024-08-28 13:32:58.410,115,22.0,36.5,34.8,26.0
2024-08-28 14:02:58.366,115,22.0,36.5,34.6,25.9
2024-08-28 14:32:58.423,115,22.0,36.4,34.4,25.8
2024-08-28 15:02:58.405,115,22.0,36.3,34.3,25.7
2024-08-28 15:32:58.401,115,22.0,36.3,34.2,25.7
2024-08-28 16:02:57.703,115,22.0,36.3,34.1,25.7
2024-08-28 16:32:58.411,115,22.0,36.3,34.1,25.6
2024-08-28 17:02:58.404,115,22.0,36.2,34.0,25.6
2024-08-28 17:32:58.377,115,21.9,36.2,33.9,25.6
2024-08-28 18:32:58.408,115,21.9,36.2,33.9,25.7
2024-08-28 19:02:59.189,115,21.9,36.2,33.9,25.7
2024-08-28 19:32:58.431,115,21.9,36.2,33.9,25.7
2024-08-28 20:02:58.454,115,21.9,36.2,34.0,25.8
2024-08-28 20:32:57.757,115,21.9,36.2,34.0,25.8
2024-08-28 21:02:58.498,115,21.9,36.2,34.1,25.8
2024-08-28 21:32:58.509,115,21.9,36.2,34.1,25.9
2024-08-28 22:02:58.543,115,21.9,36.2,34.2,25.9
2024-08-28 22:32:58.482,115,21.8,36.3,34.2,25.9
2024-08-28 23:02:58.583,115,21.8,36.3,34.2,26.0
2024-08-28 23:32:58.630,115,21.8,36.3,34.3,26.0
2024-08-29 00:02:58.661,115,21.8,36.3,34.3,26.0
2024-08-29 00:32:58.652,115,21.8,36.2,34.3,26.0
2024-08-29 01:02:58.764,115,21.8,36.3,34.3,26.0
2024-08-29 01:32:58.835,115,21.7,36.2,34.4,26.1
2024-08-29 02:02:58.906,115,21.7,36.2,34.4,26.1
2024-08-29 02:32:58.970,115,21.7,36.2,34.4,26.1
2024-08-29 03:02:59.044,115,21.7,36.2,34.4,26.1
2024-08-29 03:32:59.106,115,21.6,36.2,34.5,26.1
2024-08-29 04:02:59.209,115,21.6,36.2,34.5,26.2
2024-08-29 04:32:59.287,115,21.6,36.2,34.5,26.2
2024-08-29 05:02:59.387,115,21.6,36.1,34.5,26.2
2024-08-29 05:32:59.456,115,21.5,36.2,34.5,26.2
2024-08-29 06:02:58.859,115,21.6,36.1,34.5,26.2
2024-08-29 06:32:59.667,115,21.5,36.1,34.5,26.2
2024-08-29 07:02:59.723,115,21.5,36.1,34.6,26.2
2024-08-29 07:32:59.832,115,21.5,36.0,34.6,26.2
2024-08-29 08:02:59.765,115,21.5,36.0,34.6,26.3
2024-08-29 08:32:59.844,115,21.5,36.0,34.6,26.2
2024-08-29 09:32:59.824,115,21.5,36.0,34.6,26.3
2024-08-29 10:02:59.850,115,21.5,36.0,34.6,26.2
2024-08-29 10:32:59.828,115,21.5,35.9,34.5,26.2
2024-08-29 11:02:59.823,115,21.4,35.9,34.4,26.1
2024-08-29 11:32:59.839,115,21.4,35.8,34.2,26.0
2024-08-29 12:02:59.830,115,21.4,35.7,34.1,25.8
2024-08-29 12:32:59.844,115,21.4,35.6,33.9,25.7
2024-08-29 13:02:59.845,115,21.4,35.6,33.7,25.6
2024-08-29 13:32:59.409,115,21.4,35.5,33.6,25.6
2024-08-29 14:02:59.839,115,21.4,35.4,33.4,25.5
2024-08-29 14:32:59.831,115,21.4,35.3,33.3,25.4
2024-08-29 15:02:59.155,115,21.4,35.3,33.2,25.3
2024-08-29 15:32:59.863,115,21.4,35.2,33.1,25.3
2024-08-29 16:02:59.868,115,21.4,35.2,33.0,25.2
2024-08-29 16:32:59.874,115,21.4,35.1,32.9,25.2
2024-08-29 17:02:59.924,115,21.4,35.1,32.8,25.1
2024-08-29 17:32:59.941,115,21.4,35.1,32.8,25.1
2024-08-29 18:02:59.992,115,21.4,35.1,32.7,25.1
2024-08-29 18:33:00.050,115,21.4,35.1,32.7,25.1
2024-08-29 19:03:01.977,115,21.4,35.1,32.7,25.1
2024-08-29 19:33:00.092,115,21.4,35.1,32.8,25.2
2024-08-29 20:03:00.128,115,21.4,35.1,32.8,25.2
2024-08-29 20:32:59.482,115,21.4,35.1,32.8,25.3
2024-08-29 21:03:00.304,115,21.4,35.1,32.9,25.3
2024-08-29 21:33:00.310,115,21.4,35.2,33.0,25.4
2024-08-29 22:03:00.390,115,21.4,35.2,33.0,25.4
2024-08-29 22:33:00.393,115,21.4,35.2,33.0,25.4
2024-08-29 23:03:00.433,115,21.4,35.2,33.1,25.4
2024-08-29 23:33:00.480,115,21.3,35.2,33.1,25.5
2024-08-30 00:03:00.536,115,21.3,35.2,33.2,25.5
2024-08-30 00:33:00.597,115,21.3,35.2,33.2,25.5
2024-08-30 01:03:00.639,115,21.3,35.2,33.2,25.5
2024-08-30 01:33:00.622,115,21.2,35.2,33.2,25.6
2024-08-30 02:03:00.760,115,21.3,35.2,33.3,25.6
2024-08-30 02:33:00.808,115,21.3,35.2,33.3,25.6
2024-08-30 03:03:00.413,115,21.2,35.2,33.3,25.6
2024-08-30 04:03:00.966,115,21.2,35.1,33.4,25.7
2024-08-30 04:33:01.025,115,21.2,35.2,33.4,25.7
2024-08-30 05:33:00.638,115,21.2,35.1,33.4,25.7
2024-08-30 06:03:01.162,115,21.2,35.1,33.4,25.7
2024-08-30 06:33:01.205,115,21.2,35.1,33.5,25.7
2024-08-30 07:03:01.253,115,21.2,35.1,33.5,25.8
2024-08-30 07:33:00.821,115,21.1,35.1,33.5,25.8
2024-08-30 08:03:01.303,115,21.1,35.1,33.5,25.8
2024-08-30 08:33:01.311,115,21.1,35.1,33.5,25.8
2024-08-30 09:03:01.334,115,21.1,35.1,33.5,25.8
2024-08-30 09:33:01.325,115,21.1,35.0,33.5,25.8
2024-08-30 10:03:01.317,115,21.1,35.0,33.5,25.8
2024-08-30 10:33:01.350,115,21.1,35.0,33.4,25.7
2024-08-30 11:03:01.339,115,21.1,34.9,33.3,25.7
2024-08-30 11:33:01.357,115,21.1,34.9,33.3,25.6
2024-08-30 12:03:01.410,115,21.1,34.9,33.2,25.6
2024-08-30 12:33:01.311,115,21.1,34.8,33.2,25.6
2024-08-30 13:03:01.361,115,21.1,34.8,33.0,25.5
2024-08-30 13:33:01.281,115,21.1,34.7,33.0,25.4
2024-08-30 14:03:01.375,115,21.1,34.7,32.9,25.4
2024-08-30 14:33:01.323,115,21.1,34.6,32.7,25.2
2024-08-30 15:03:01.302,115,21.1,34.6,32.6,25.2
2024-08-30 15:33:01.278,115,21.1,34.5,32.5,25.1
2024-08-30 16:03:01.336,115,21.1,34.4,32.3,25.0
2024-08-30 16:33:01.334,115,21.1,34.3,32.2,24.9
2024-08-30 17:03:01.341,115,21.1,34.3,32.0,24.9
2024-08-30 17:33:01.371,115,21.1,34.2,31.9,24.9
2024-08-30 18:03:01.378,115,21.1,34.2,31.9,24.9
2024-08-30 18:33:01.403,115,21.1,34.2,31.9,24.9
2024-08-30 19:03:01.411,115,21.1,34.2,31.9,24.9
2024-08-30 19:33:00.901,115,21.0,34.2,32.0,24.9
2024-08-30 20:03:01.331,115,41.0,53.0,50.5,41.2
2024-08-30 20:33:01.438,115,38.5,48.4,48.9,41.7
2024-08-30 21:03:01.515,115,40.9,49.0,49.6,42.2
2024-08-30 21:33:01.532,115,39.7,49.1,48.2,41.2
2024-08-30 22:03:00.893,115,38.5,48.9,47.8,40.4
2024-08-30 22:33:01.685,115,40.6,49.1,47.9,40.0
2024-08-30 23:03:01.794,115,41.2,49.3,48.2,40.5
2024-08-30 23:33:01.903,115,41.3,49.3,48.3,41.0
2024-08-31 00:03:01.955,115,40.4,49.2,48.3,41.2
2024-08-31 00:33:02.018,115,39.9,49.1,48.2,41.1
2024-08-31 01:03:02.133,115,39.4,49.1,48.1,40.8
2024-08-31 01:33:01.731,115,39.0,49.0,48.0,40.4
2024-08-31 02:33:02.264,115,39.1,48.7,47.8,39.7
2024-08-31 03:03:02.273,115,39.2,48.7,47.9,39.4
2024-08-31 03:33:02.399,115,39.0,48.8,47.8,39.2
2024-08-31 04:03:02.392,115,38.9,48.9,47.6,38.9
2024-08-31 04:33:02.461,115,38.7,48.9,47.4,38.6
2024-08-31 05:03:02.479,115,38.6,48.8,47.2,38.4
2024-08-31 05:33:02.529,115,38.4,48.8,47.0,38.2
2024-08-31 06:03:02.515,115,38.1,48.7,46.8,38.0
2024-08-31 06:33:02.580,115,38.0,48.6,46.6,37.8
2024-08-31 07:03:02.682,115,37.8,48.4,46.5,37.7
2024-08-31 07:33:02.664,115,37.7,48.3,46.3,37.6
2024-08-31 08:03:02.069,115,37.5,48.2,46.1,37.4
2024-08-31 08:33:02.785,115,37.4,48.2,46.0,37.3
2024-08-31 09:03:02.807,115,37.3,48.1,45.9,37.2
2024-08-31 09:33:02.803,115,37.2,47.9,45.8,37.1
2024-08-31 10:03:02.827,115,37.1,47.8,45.7,37.0
2024-08-31 10:33:02.802,115,37.1,47.6,45.5,36.9
2024-08-31 11:03:02.734,115,37.0,47.4,45.3,36.7
2024-08-31 11:33:02.386,115,36.9,47.2,45.1,36.4
2024-08-31 12:03:02.805,115,36.8,47.0,44.8,36.2
2024-08-31 12:33:02.373,115,36.8,46.8,44.5,36.0
2024-08-31 13:03:02.796,115,36.7,46.6,44.3,35.7
2024-08-31 13:33:02.800,115,36.6,46.5,44.0,35.4
2024-08-31 14:03:02.796,115,36.6,46.4,43.8,35.3
2024-08-31 14:33:02.123,115,36.5,46.4,43.6,35.2
2024-08-31 15:03:02.822,115,36.5,46.3,43.4,35.0
2024-08-31 15:33:02.748,115,36.4,46.0,43.2,34.7
2024-08-31 16:03:02.823,115,36.3,45.8,43.1,34.5
2024-08-31 16:33:02.816,115,36.2,45.8,43.0,34.4
2024-08-31 17:03:02.812,115,36.1,45.6,42.8,34.3
2024-08-31 17:33:02.830,115,36.1,45.6,42.8,34.2
2024-08-31 18:03:02.402,115,36.0,45.6,42.8,34.1
2024-08-31 18:33:02.845,115,36.0,45.6,42.7,34.1
2024-08-31 19:03:03.709,115,35.9,45.6,42.7,34.1
2024-08-31 19:33:02.837,115,35.9,45.6,42.7,34.1
2024-08-31 20:03:02.831,115,35.9,45.6,42.7,34.1
2024-08-31 20:33:02.924,115,35.8,45.6,42.8,34.1
2024-08-31 21:03:02.947,115,35.8,45.6,42.8,34.2
2024-08-31 22:03:03.203,115,35.6,45.6,42.8,34.2
2024-08-31 22:33:03.286,115,35.6,45.6,42.8,34.2
2024-08-31 23:03:03.006,115,35.5,45.6,42.8,34.3
2024-08-31 23:33:03.118,115,35.5,45.6,42.9,34.3
2024-09-01 00:03:03.251,115,35.4,45.6,42.9,34.3
2024-09-01 00:33:03.807,115,35.4,45.6,42.9,34.3
2024-09-01 01:03:03.928,115,35.4,45.6,42.9,34.3
2024-09-01 01:33:04.055,115,35.3,45.6,42.9,34.4
2024-09-01 02:03:03.741,115,35.3,45.6,42.9,34.3
2024-09-01 02:33:04.306,115,35.2,45.5,42.9,34.4
2024-09-01 03:03:04.457,115,35.1,45.5,42.9,34.4
2024-09-01 03:33:04.624,115,35.1,45.5,42.9,34.4
2024-09-01 04:03:04.767,115,35.1,45.5,42.9,34.4
2024-09-01 04:33:04.891,115,35.0,45.5,42.9,34.4
2024-09-01 05:03:05.076,115,35.0,45.5,43.0,34.4
2024-09-01 05:33:05.165,115,34.9,45.4,42.9,34.4
2024-09-01 06:03:05.414,115,34.9,45.4,42.9,34.4
2024-09-01 06:33:05.540,115,34.9,45.4,42.9,34.4
2024-09-01 07:03:05.722,115,34.8,45.3,42.9,34.4
2024-09-01 07:33:05.827,115,34.8,45.3,42.9,34.4
2024-09-01 08:03:05.892,115,34.8,45.3,42.9,34.4
2024-09-01 08:33:05.925,115,34.8,45.3,42.9,34.4
2024-09-01 09:03:05.459,115,34.7,45.3,42.9,34.5
2024-09-01 09:33:05.459,115,34.7,45.3,42.9,34.5
2024-09-01 10:03:05.918,115,34.7,45.3,42.9,34.4
2024-09-01 10:33:05.903,115,34.7,45.2,42.9,34.4
2024-09-01 11:03:05.884,115,34.7,45.2,42.8,34.3
2024-09-01 11:33:05.888,115,34.7,45.1,42.8,34.2
2024-09-01 12:03:05.898,115,34.7,45.1,42.6,34.1
2024-09-01 12:33:05.924,115,34.7,45.0,42.6,34.0
2024-09-01 13:03:05.911,115,34.6,44.9,42.5,33.9
2024-09-01 13:33:05.912,115,34.6,44.9,42.4,33.9
2024-09-01 14:03:05.933,115,34.6,44.9,42.3,33.8
2024-09-01 14:33:05.921,115,34.6,44.8,42.2,33.7
2024-09-01 15:03:05.934,115,34.5,44.8,42.1,33.6
2024-09-01 15:33:05.927,115,34.4,44.7,42.0,33.5
2024-09-01 16:03:05.962,115,34.4,44.7,42.0,33.4
2024-09-01 16:33:05.958,115,34.3,44.7,41.9,33.3
2024-09-01 17:03:05.907,115,34.2,44.6,41.8,33.3
2024-09-01 17:33:05.990,115,34.1,44.6,41.8,33.2
2024-09-01 18:03:06.004,115,34.1,44.6,41.8,33.2
2024-09-01 18:33:05.967,115,34.0,44.6,41.8,33.2
2024-09-01 19:03:06.386,115,33.9,44.6,41.8,33.2
2024-09-01 19:33:06.075,115,33.8,44.6,41.8,33.2
2024-09-01 20:03:06.119,115,33.8,44.6,41.8,33.2
2024-09-01 20:33:06.247,115,33.7,44.6,41.8,33.3
2024-09-01 21:03:06.397,115,33.7,44.6,41.8,33.3
2024-09-01 21:33:05.833,115,33.6,44.6,41.8,33.3
2024-09-01 22:03:06.236,115,33.6,44.6,41.9,33.3
2024-09-01 22:33:06.862,115,33.5,44.6,41.9,33.3
2024-09-01 23:03:07.067,115,33.5,44.6,41.9,33.4
2024-09-01 23:33:07.281,115,33.4,44.6,41.9,33.4
2024-09-02 00:03:07.492,115,33.4,44.6,42.0,33.4
2024-09-02 00:33:07.680,115,33.3,44.6,42.0,33.4
2024-09-02 01:03:07.910,115,33.3,44.6,42.0,33.5
2024-09-02 01:33:07.397,115,33.2,44.6,42.0,33.5
2024-09-02 02:03:08.298,115,33.2,44.5,42.0,33.5
2024-09-02 02:33:08.508,115,33.1,44.5,42.0,33.5
2024-09-02 03:03:08.742,115,33.1,44.5,42.0,33.5
2024-09-02 03:33:08.900,115,33.1,44.5,42.0,33.5
2024-09-02 04:03:08.754,115,33.0,44.5,42.0,33.5
2024-09-02 05:03:09.660,115,32.9,44.4,42.0,33.5
2024-09-02 05:33:09.944,115,32.9,44.4,42.0,33.5
2024-09-02 06:33:10.449,115,32.8,44.4,42.0,33.5
2024-09-02 07:03:10.756,115,32.8,44.4,42.0,33.5
2024-09-02 07:33:10.286,115,32.7,44.3,42.0,33.5
2024-09-02 08:03:11.117,115,32.7,44.3,41.9,33.5
2024-09-02 08:33:11.103,115,32.6,44.3,41.9,33.5
2024-09-02 09:03:11.168,115,32.6,44.2,41.9,33.5
2024-09-02 09:33:11.160,115,32.6,44.2,41.9,33.5
2024-09-02 10:03:11.155,115,32.6,44.2,41.9,33.5
2024-09-02 10:33:11.092,115,32.6,44.2,41.8,33.5
2024-09-02 11:03:11.169,115,32.5,44.1,41.8,33.4
2024-09-02 11:33:11.156,115,32.5,44.0,41.7,33.3
2024-09-02 12:03:10.717,115,32.4,44.0,41.6,33.2
2024-09-02 12:33:11.184,115,32.4,43.9,41.5,33.1
2024-09-02 13:03:11.191,115,32.4,43.9,41.4,33.0
2024-09-02 13:33:11.228,115,32.3,43.8,41.3,32.9
2024-09-02 14:03:10.470,115,32.3,43.8,41.2,32.8
2024-09-02 15:03:11.238,115,32.2,43.7,41.0,32.6
2024-09-02 15:33:11.245,115,32.1,43.6,40.9,32.5
2024-09-02 16:03:11.238,115,32.1,43.6,40.8,32.4
2024-09-02 16:33:11.296,115,32.0,43.6,40.7,32.3
2024-09-02 17:03:11.318,115,32.0,43.6,40.7,32.3
2024-09-02 17:33:10.647,115,31.9,43.5,40.6,32.2
2024-09-02 18:33:11.373,115,31.8,43.6,40.6,32.2
2024-09-02 19:03:11.609,115,31.8,43.6,40.6,32.2
2024-09-02 19:33:11.437,115,31.8,43.6,40.6,32.2
2024-09-02 20:03:11.469,115,31.8,43.6,40.6,32.3
2024-09-02 20:33:10.935,115,31.7,43.6,40.7,32.3
2024-09-02 21:03:11.836,115,31.7,43.6,40.7,32.3
2024-09-02 21:33:11.286,115,31.6,43.6,40.7,32.4
2024-09-02 22:03:12.130,115,31.6,43.6,40.7,32.4
2024-09-02 22:33:12.374,115,31.5,43.7,40.7,32.4
2024-09-02 23:03:12.487,115,31.5,43.6,40.7,32.4
2024-09-02 23:33:12.758,115,31.4,43.6,40.7,32.5
2024-09-03 00:03:12.970,115,31.4,43.6,40.8,32.5
2024-09-03 00:33:13.206,115,31.4,43.6,40.8,32.5
2024-09-03 01:03:13.444,115,31.3,43.6,40.8,32.5
2024-09-03 01:33:13.693,115,31.3,43.6,40.8,32.5
