Sensor,fc1,fc2,fc3,fc4
111,31.3,39.9,39,36.3
112,37.8,43.4,43.5,44.3
113,26.6,38.5,37.7,34.9
114,36.4,40.4,38.6,39.1
115,33.03076923,40.21538462,39.17307692,40.32307692
116,41.4,46.6,47.9,47.4
117,33.03076923,40.21538462,39.17307692,40.32307692
118,29.1,40.5,38.35,40.9
120,33.03076923,40.21538462,39.17307692,40.32307692
554,41.4,46.6,47.9,47.4
555,43.7,46.8,45,46.4
556,17.6,19.1,25.4,38.6
557,29.2,35.7,36,40.9
558,24.5,38.2,34.4,32.4
2491,43.7,46.8,45,46.4
2492,26.7,40.3,30.5,25.3