Sensor,fc1,fc2,fc3,fc4
111,31.3,39.9,39,36.3
112,37.8,43.4,43.5,44.3
113,26.6,38.5,37.7,34.9
114,36.4,40.4,38.6,39.1
115,33.03076923,40.21538462,39.17307692,40.32307692
116,41.4,46.6,47.9,47.4
117,33.03076923,40.21538462,39.17307692,40.32307692
118,22.2,37.5,37.1,40.7
120,33.03076923,40.21538462,39.17307692,40.32307692
554,41.4,46.6,47.9,47.4
555,43.7,46.8,45,46.4
556,23.3,29.1,34.8,44.7
557,29.2,35.7,36,40.9
558,32.3,33.9,34.8,20.9
2491,43.7,46.8,45,46.4
2492,26.7,40.3,30.5,25.3