Sensor,fc1,fc2,fc3,fc4
111,31.3,39.9,39,36.3
112,37.8,43.4,43.5,44.3
113,33.2,40.4,37.2,32.1
114,37.4,45,42.9,43.2
115,23.1,35.8,39.8,47.8
116,45.8,51.4,54.2,57
117,33.03076923,40.21538462,39.17307692,40.32307692
118,15.1,37.5,37.1,40
120,33.03076923,40.21538462,39.17307692,40.32307692
554,41.4,46.6,47.9,47.4
555,43.7,46.8,45,46.4
556,23.3,29.1,34.8,44.7
557,27.5,35.3,38,39.9
558,36.9,44.1,48.1,46
629,36.9,44.9,48.1,46
630,26.7,40.3,30.5,25.3
2491,43.7,46.8,45,46.4
2492,26.7,40.3,30.5,25.3